solid OpenSCAD_Model
  facet normal 0 0 -1
    outer loop
      vertex -2.252156872991121 -3.60420440866481 0
      vertex -2.1746744706662895 -2.4152206828015315 0
      vertex -2.18891181836773 -3.6429610279839775 0
    endloop
  endfacet
  facet normal 0 0 -1
    outer loop
      vertex -2.18891181836773 -3.6429610279839775 0
      vertex -2.0890597314812527 -2.4896444401366784 0
      vertex -2.125 -3.680607966083864 0
    endloop
  endfacet
  facet normal 0 0 -1
    outer loop
      vertex -2.788250873209656 -3.207515715946781 0
      vertex -2.8438050770251477 -3.1583655082789255 0
      vertex -2.785793727281865 -1.673873743457676 0
    endloop
  endfacet
  facet normal 0 0 -1
    outer loop
      vertex -2.731847341167792 -3.2556888832556568 0
      vertex -2.6622441439392235 -1.8641234181408997 0
      vertex -2.674611661961809 -3.302870336192126 0
    endloop
  endfacet
  facet normal 0 0 -1
    outer loop
      vertex -2.731847341167792 -3.2556888832556568 0
      vertex -2.788250873209656 -3.207515715946781 0
      vertex -2.7256793458226283 -1.770076863798838 0
    endloop
  endfacet
  facet normal 0 0 -1
    outer loop
      vertex -3.0571941514392678 -2.9522980744507383 0
      vertex -2.991640773720431 -1.2698761675901398 0
      vertex -3.0052038200428273 -3.0052038200428273 0
    endloop
  endfacet
  facet normal 0 0 -1
    outer loop
      vertex -2.9522980744507383 -3.0571941514392678 0
      vertex -3.0052038200428273 -3.0052038200428273 0
      vertex -2.9455003078691124 -1.373509350657273 0
    endloop
  endfacet
  facet normal 0 0 -1
    outer loop
      vertex -3.0571941514392678 -2.9522980744507383 0
      vertex -3.1082532318814744 -2.8984930302656187 0
      vertex -3.0540010175542025 -1.1115654658084233 0
    endloop
  endfacet
  facet normal 0 0 -1
    outer loop
      vertex -3.1583655082789255 -2.8438050770251477 0
      vertex -3.107990456879865 -0.9502080403488945 0
      vertex -3.1082532318814744 -2.8984930302656187 0
    endloop
  endfacet
  facet normal 0 0 -1
    outer loop
      vertex -3.207515715946781 -2.788250873209656 0
      vertex -3.1534611103969885 -0.7862461606989202 0
      vertex -3.1583655082789255 -2.8438050770251477 0
    endloop
  endfacet
  facet normal 0 0 -1
    outer loop
      vertex -2.8984930302656187 -3.1082532318814744 0
      vertex -2.842514048203036 -1.5756312658005955 0
      vertex -2.8438050770251477 -3.1583655082789255 0
    endloop
  endfacet
  facet normal 0 0 -1
    outer loop
      vertex -2.9522980744507383 -3.0571941514392678 0
      vertex -2.895771203612196 -1.475469124153527 0
      vertex -2.8984930302656187 -3.1082532318814744 0
    endloop
  endfacet
  facet normal 0 0 -1
    outer loop
      vertex -2.8438050770251477 -3.1583655082789255 0
      vertex -2.8145825622994254 -1.625 0
      vertex -2.785793727281865 -1.673873743457676 0
    endloop
  endfacet
  facet normal 0 0 -1
    outer loop
      vertex -2.731847341167792 -3.2556888832556568 0
      vertex -2.694372110803885 -1.8173769362799275 0
      vertex -2.6622441439392235 -1.8641234181408997 0
    endloop
  endfacet
  facet normal 0 0 -1
    outer loop
      vertex -2.731847341167792 -3.2556888832556568 0
      vertex -2.7256793458226283 -1.770076863798838 0
      vertex -2.694372110803885 -1.8173769362799275 0
    endloop
  endfacet
  facet normal 0 0 -1
    outer loop
      vertex -2.788250873209656 -3.207515715946781 0
      vertex -2.7561563125083843 -1.7222376087579159 0
      vertex -2.7256793458226283 -1.770076863798838 0
    endloop
  endfacet
  facet normal 0 0 -1
    outer loop
      vertex -2.788250873209656 -3.207515715946781 0
      vertex -2.785793727281865 -1.673873743457676 0
      vertex -2.7561563125083843 -1.7222376087579159 0
    endloop
  endfacet
  facet normal 0 0 -1
    outer loop
      vertex -2.616561270134048 -3.349045702828568 0
      vertex -2.525724374735155 -2.0452912709119717 0
      vertex -2.557713848396205 -3.3942009177009944 0
    endloop
  endfacet
  facet normal 0 0 -1
    outer loop
      vertex -2.557713848396205 -3.3942009177009944 0
      vertex -2.4896444401366784 -2.0890597314812527 0
      vertex -2.498087322243011 -3.4383222260935264 0
    endloop
  endfacet
  facet normal 0 0 -1
    outer loop
      vertex -2.437699854491946 -3.481396188228215 0
      vertex -2.498087322243011 -3.4383222260935264 0
      vertex -2.4152206828015315 -2.1746744706662895 0
    endloop
  endfacet
  facet normal 0 0 -1
    outer loop
      vertex -2.674611661961809 -3.302870336192126 0
      vertex -2.5955654076537016 -1.955898825244157 0
      vertex -2.616561270134048 -3.349045702828568 0
    endloop
  endfacet
  facet normal 0 0 -1
    outer loop
      vertex -2.3765698397506743 -3.523409683358927 0
      vertex -2.29809703885628 -2.29809703885628 0
      vertex -2.314715898813865 -3.5643499137680523 0
    endloop
  endfacet
  facet normal 0 0 -1
    outer loop
      vertex -2.437699854491946 -3.481396188228215 0
      vertex -2.3378543511006162 -2.257639703991741 0
      vertex -2.3765698397506743 -3.523409683358927 0
    endloop
  endfacet
  facet normal 0 0 -1
    outer loop
      vertex -2.314715898813865 -3.5643499137680523 0
      vertex -2.21649467020312 -2.376899530262304 0
      vertex -2.252156872991121 -3.60420440866481 0
    endloop
  endfacet
  facet normal 0 0 -1
    outer loop
      vertex -2.3765698397506743 -3.523409683358927 0
      vertex -2.3378543511006162 -2.257639703991741 0
      vertex -2.29809703885628 -2.29809703885628 0
    endloop
  endfacet
  facet normal 0 0 -1
    outer loop
      vertex -2.314715898813865 -3.5643499137680523 0
      vertex -2.257639703991741 -2.3378543511006162 0
      vertex -2.21649467020312 -2.376899530262304 0
    endloop
  endfacet
  facet normal 0 0 -1
    outer loop
      vertex -2.314715898813865 -3.5643499137680523 0
      vertex -2.29809703885628 -2.29809703885628 0
      vertex -2.257639703991741 -2.3378543511006162 0
    endloop
  endfacet
  facet normal 0 0 -1
    outer loop
      vertex -2.252156872991121 -3.60420440866481 0
      vertex -2.21649467020312 -2.376899530262304 0
      vertex -2.1746744706662895 -2.4152206828015315 0
    endloop
  endfacet
  facet normal 0 0 -1
    outer loop
      vertex -2.18891181836773 -3.6429610279839775 0
      vertex -2.1321918442191485 -2.452806135724009 0
      vertex -2.0890597314812527 -2.4896444401366784 0
    endloop
  endfacet
  facet normal 0 0 -1
    outer loop
      vertex -2.18891181836773 -3.6429610279839775 0
      vertex -2.1746744706662895 -2.4152206828015315 0
      vertex -2.1321918442191485 -2.452806135724009 0
    endloop
  endfacet
  facet normal 0 0 -1
    outer loop
      vertex -2.616561270134048 -3.349045702828568 0
      vertex -2.5955654076537016 -1.955898825244157 0
      vertex -2.5610349492218463 -2.0008997948083893 0
    endloop
  endfacet
  facet normal 0 0 -1
    outer loop
      vertex -2.616561270134048 -3.349045702828568 0
      vertex -2.5610349492218463 -2.0008997948083893 0
      vertex -2.525724374735155 -2.0452912709119717 0
    endloop
  endfacet
  facet normal 0 0 -1
    outer loop
      vertex -2.557713848396205 -3.3942009177009944 0
      vertex -2.525724374735155 -2.0452912709119717 0
      vertex -2.4896444401366784 -2.0890597314812527 0
    endloop
  endfacet
  facet normal 0 0 -1
    outer loop
      vertex -2.498087322243011 -3.4383222260935264 0
      vertex -2.4896444401366784 -2.0890597314812527 0
      vertex -2.452806135724009 -2.1321918442191485 0
    endloop
  endfacet
  facet normal 0 0 -1
    outer loop
      vertex -2.437699854491946 -3.481396188228215 0
      vertex -2.4152206828015315 -2.1746744706662895 0
      vertex -2.376899530262304 -2.21649467020312 0
    endloop
  endfacet
  facet normal 0 0 -1
    outer loop
      vertex -2.498087322243011 -3.4383222260935264 0
      vertex -2.452806135724009 -2.1321918442191485 0
      vertex -2.4152206828015315 -2.1746744706662895 0
    endloop
  endfacet
  facet normal 0 0 -1
    outer loop
      vertex -2.674611661961809 -3.302870336192126 0
      vertex -2.6622441439392235 -1.8641234181408997 0
      vertex -2.629305231718579 -1.9103020699505378 0
    endloop
  endfacet
  facet normal 0 0 -1
    outer loop
      vertex -2.674611661961809 -3.302870336192126 0
      vertex -2.629305231718579 -1.9103020699505378 0
      vertex -2.5955654076537016 -1.955898825244157 0
    endloop
  endfacet
  facet normal 0 0 -1
    outer loop
      vertex -2.437699854491946 -3.481396188228215 0
      vertex -2.376899530262304 -2.21649467020312 0
      vertex -2.3378543511006162 -2.257639703991741 0
    endloop
  endfacet
  facet normal -0.7489557207890057 -0.6626200482157335 0
    outer loop
      vertex -3.207515715946781 -2.788250873209656 0
      vertex -3.1583655082789255 -2.8438050770251477 0
      vertex -3.207515715946781 -2.788250873209656 10
    endloop
  endfacet
  facet normal -0.7716245833877213 -0.6360782202777623 0
    outer loop
      vertex -3.2556888832556568 -2.731847341167792 0
      vertex -3.302870336192126 -2.674611661961809 10
      vertex -3.302870336192126 -2.674611661961809 0
    endloop
  endfacet
  facet normal -0.7604059656000298 -0.6494480483301851 0
    outer loop
      vertex -3.2556888832556568 -2.731847341167792 0
      vertex -3.207515715946781 -2.788250873209656 0
      vertex -3.2556888832556568 -2.731847341167792 10
    endloop
  endfacet
  facet normal -0.8141155183563198 -0.5807029557109389 0
    outer loop
      vertex -3.481396188228215 -2.437699854491946 0
      vertex -3.4383222260935264 -2.498087322243011 0
      vertex -3.481396188228215 -2.437699854491946 10
    endloop
  endfacet
  facet normal -0.8241261886220163 -0.5664062369248319 0
    outer loop
      vertex -3.481396188228215 -2.437699854491946 0
      vertex -3.523409683358927 -2.3765698397506743 10
      vertex -3.523409683358927 -2.3765698397506743 0
    endloop
  endfacet
  facet normal -0.8433914458128886 -0.5372996083468191 0
    outer loop
      vertex -3.60420440866481 -2.252156872991121 0
      vertex -3.5643499137680523 -2.314715898813865 0
      vertex -3.60420440866481 -2.252156872991121 10
    endloop
  endfacet
  facet normal -0.8616291604415264 -0.507538362960703 0
    outer loop
      vertex -3.6429610279839775 -2.18891181836773 0
      vertex -3.680607966083864 -2.125 10
      vertex -3.680607966083864 -2.125 0
    endloop
  endfacet
  facet normal -0.8526401643540904 -0.5224985647159517 0
    outer loop
      vertex -3.60420440866481 -2.252156872991121 0
      vertex -3.6429610279839775 -2.18891181836773 10
      vertex -3.6429610279839775 -2.18891181836773 0
    endloop
  endfacet
  facet normal -0.833885822067165 -0.5519369853120628 0
    outer loop
      vertex -3.523409683358927 -2.3765698397506743 0
      vertex -3.5643499137680523 -2.314715898813865 10
      vertex -3.5643499137680523 -2.314715898813865 0
    endloop
  endfacet
  facet normal -0.7826081568524126 -0.6225146366376213 0
    outer loop
      vertex -3.302870336192126 -2.674611661961809 0
      vertex -3.349045702828568 -2.616561270134048 10
      vertex -3.349045702828568 -2.616561270134048 0
    endloop
  endfacet
  facet normal -0.793353340291237 -0.6087614290087182 0
    outer loop
      vertex -3.3942009177009944 -2.557713848396205 0
      vertex -3.349045702828568 -2.616561270134048 0
      vertex -3.3942009177009944 -2.557713848396205 10
    endloop
  endfacet
  facet normal -0.8038568606172153 -0.5948227867513439 0
    outer loop
      vertex -3.3942009177009944 -2.557713848396205 0
      vertex -3.4383222260935264 -2.498087322243011 10
      vertex -3.4383222260935264 -2.498087322243011 0
    endloop
  endfacet
  facet normal -0.6626200482157335 -0.7489557207890057 0
    outer loop
      vertex -2.788250873209656 -3.207515715946781 0
      vertex -2.788250873209656 -3.207515715946781 10
      vertex -2.8438050770251477 -3.1583655082789255 0
    endloop
  endfacet
  facet normal -0.6494480483301851 -0.7604059656000298 0
    outer loop
      vertex -2.731847341167792 -3.2556888832556568 0
      vertex -2.731847341167792 -3.2556888832556568 10
      vertex -2.788250873209656 -3.207515715946781 0
    endloop
  endfacet
  facet normal -0.6360782202777623 -0.7716245833877213 0
    outer loop
      vertex -2.731847341167792 -3.2556888832556568 0
      vertex -2.674611661961809 -3.302870336192126 0
      vertex -2.674611661961809 -3.302870336192126 10
    endloop
  endfacet
  facet normal -0.5807029557109389 -0.8141155183563198 0
    outer loop
      vertex -2.437699854491946 -3.481396188228215 0
      vertex -2.437699854491946 -3.481396188228215 10
      vertex -2.498087322243011 -3.4383222260935264 0
    endloop
  endfacet
  facet normal -0.5664062369248319 -0.8241261886220163 0
    outer loop
      vertex -2.437699854491946 -3.481396188228215 0
      vertex -2.3765698397506743 -3.523409683358927 0
      vertex -2.3765698397506743 -3.523409683358927 10
    endloop
  endfacet
  facet normal -0.6225146366376213 -0.7826081568524126 0
    outer loop
      vertex -2.674611661961809 -3.302870336192126 0
      vertex -2.616561270134048 -3.349045702828568 0
      vertex -2.616561270134048 -3.349045702828568 10
    endloop
  endfacet
  facet normal -0.6087614290087182 -0.793353340291237 0
    outer loop
      vertex -2.616561270134048 -3.349045702828568 0
      vertex -2.557713848396205 -3.3942009177009944 0
      vertex -2.557713848396205 -3.3942009177009944 10
    endloop
  endfacet
  facet normal -0.5948227867513439 -0.8038568606172153 0
    outer loop
      vertex -2.557713848396205 -3.3942009177009944 0
      vertex -2.498087322243011 -3.4383222260935264 0
      vertex -2.498087322243011 -3.4383222260935264 10
    endloop
  endfacet
  facet normal -0.5372996083468191 -0.8433914458128886 0
    outer loop
      vertex -2.314715898813865 -3.5643499137680523 0
      vertex -2.252156872991121 -3.60420440866481 0
      vertex -2.252156872991121 -3.60420440866481 10
    endloop
  endfacet
  facet normal -0.5519369853120628 -0.833885822067165 0
    outer loop
      vertex -2.3765698397506743 -3.523409683358927 0
      vertex -2.314715898813865 -3.5643499137680523 0
      vertex -2.314715898813865 -3.5643499137680523 10
    endloop
  endfacet
  facet normal -0.5224985647159517 -0.8526401643540904 0
    outer loop
      vertex -2.252156872991121 -3.60420440866481 0
      vertex -2.18891181836773 -3.6429610279839775 0
      vertex -2.18891181836773 -3.6429610279839775 10
    endloop
  endfacet
  facet normal -0.507538362960703 -0.8616291604415264 0
    outer loop
      vertex -2.18891181836773 -3.6429610279839775 0
      vertex -2.125 -3.680607966083864 0
      vertex -2.125 -3.680607966083864 10
    endloop
  endfacet
  facet normal -0.7132504491541835 -0.7009092642998489 0
    outer loop
      vertex -3.0571941514392678 -2.9522980744507383 0
      vertex -3.0052038200428273 -3.0052038200428273 0
      vertex -3.0571941514392678 -2.9522980744507383 10
    endloop
  endfacet
  facet normal -0.7009092642998489 -0.7132504491541835 0
    outer loop
      vertex -2.9522980744507383 -3.0571941514392678 0
      vertex -2.9522980744507383 -3.0571941514392678 10
      vertex -3.0052038200428273 -3.0052038200428273 0
    endloop
  endfacet
  facet normal -0.7372773368101214 -0.6755902076156632 0
    outer loop
      vertex -3.1583655082789255 -2.8438050770251477 0
      vertex -3.1082532318814744 -2.8984930302656187 0
      vertex -3.1583655082789255 -2.8438050770251477 10
    endloop
  endfacet
  facet normal -0.7253743710122903 -0.688354575693751 0
    outer loop
      vertex -3.0571941514392678 -2.9522980744507383 0
      vertex -3.1082532318814744 -2.8984930302656187 10
      vertex -3.1082532318814744 -2.8984930302656187 0
    endloop
  endfacet
  facet normal -0.6755902076156632 -0.7372773368101214 0
    outer loop
      vertex -2.8984930302656187 -3.1082532318814744 0
      vertex -2.8438050770251477 -3.1583655082789255 0
      vertex -2.8438050770251477 -3.1583655082789255 10
    endloop
  endfacet
  facet normal -0.688354575693751 -0.7253743710122903 0
    outer loop
      vertex -2.9522980744507383 -3.0571941514392678 0
      vertex -2.8984930302656187 -3.1082532318814744 0
      vertex -2.8984930302656187 -3.1082532318814744 10
    endloop
  endfacet
  facet normal 0 0 -1
    outer loop
      vertex -3.2556888832556568 -2.731847341167792 0
      vertex -3.200625197289676 -0.5643565774175235 0
      vertex -3.207515715946781 -2.788250873209656 0
    endloop
  endfacet
  facet normal 0 0 -1
    outer loop
      vertex -3.207515715946781 -2.788250873209656 0
      vertex -3.190288346204908 -0.6201292349737706 0
      vertex -3.1789797023848685 -0.6757129951577179 0
    endloop
  endfacet
  facet normal 0 0 -1
    outer loop
      vertex -3.2556888832556568 -2.731847341167792 0
      vertex -3.209987106934198 -0.5084120113807503 0
      vertex -3.200625197289676 -0.5643565774175235 0
    endloop
  endfacet
  facet normal 0 0 -1
    outer loop
      vertex -3.207515715946781 -2.788250873209656 0
      vertex -3.200625197289676 -0.5643565774175235 0
      vertex -3.190288346204908 -0.6201292349737706 0
    endloop
  endfacet
  facet normal 0 0 -1
    outer loop
      vertex -3.2556888832556568 -2.731847341167792 0
      vertex -3.2183712234101036 -0.4523125781202127 0
      vertex -3.209987106934198 -0.5084120113807503 0
    endloop
  endfacet
  facet normal 0 0 -1
    outer loop
      vertex -3.2556888832556568 -2.731847341167792 0
      vertex -3.2257749928342965 -0.3960753660667293 0
      vertex -3.2183712234101036 -0.4523125781202127 0
    endloop
  endfacet
  facet normal 0 0 -1
    outer loop
      vertex -3.2556888832556568 -2.731847341167792 0
      vertex -3.2321961599468882 -0.3397175056198738 0
      vertex -3.2257749928342965 -0.3960753660667293 0
    endloop
  endfacet
  facet normal 0 0 -1
    outer loop
      vertex -3.2556888832556568 -2.731847341167792 0
      vertex -3.237632768798173 -0.28325616392988906 0
      vertex -3.2321961599468882 -0.3397175056198738 0
    endloop
  endfacet
  facet normal 0 0 -1
    outer loop
      vertex -3.2556888832556568 -2.731847341167792 0
      vertex -3.2420831633444287 -0.22670853966840723 0
      vertex -3.237632768798173 -0.28325616392988906 0
    endloop
  endfacet
  facet normal 0 0 -1
    outer loop
      vertex -3.8825681949810535 -1.7286307330721509 0
      vertex -3.9121456271728716 -1.6606072960794136 0
      vertex -3.8825681949810535 1.7286307330721509 0
    endloop
  endfacet
  facet normal 0 0 -1
    outer loop
      vertex -3.851808094905762 -1.7961276123979726 0
      vertex -3.8825681949810535 -1.7286307330721509 0
      vertex -3.851808094905762 1.7961276123979726 0
    endloop
  endfacet
  facet normal 0 0 -1
    outer loop
      vertex -3.7525272696504395 -1.995254141840036 0
      vertex -3.7171337553424317 2.0604408860469325 0
      vertex -3.7171337553424317 -2.0604408860469325 0
    endloop
  endfacet
  facet normal 0 0 -1
    outer loop
      vertex -3.81987469677146 -1.8630773738535789 0
      vertex -3.851808094905762 -1.7961276123979726 0
      vertex -3.81987469677146 1.8630773738535789 0
    endloop
  endfacet
  facet normal 0 0 -1
    outer loop
      vertex -3.7867777278005637 -1.9294596238930737 0
      vertex -3.81987469677146 -1.8630773738535789 0
      vertex -3.7867777278005637 1.9294596238930737 0
    endloop
  endfacet
  facet normal 0 0 -1
    outer loop
      vertex -3.7525272696504395 -1.995254141840036 0
      vertex -3.7867777278005637 -1.9294596238930737 0
      vertex -3.7525272696504395 1.995254141840036 0
    endloop
  endfacet
  facet normal 0 0 -1
    outer loop
      vertex -4.157127303118674 -0.8836246859754772 0
      vertex -4.171915529652572 -0.8109382303503154 0
      vertex -4.157127303118674 0.8836246859754772 0
    endloop
  endfacet
  facet normal 0 0 -1
    outer loop
      vertex -4.123756836672985 -1.0281680562985878 0
      vertex -4.14107277533725 -0.9560419809614262 0
      vertex -4.123756836672985 1.0281680562985878 0
    endloop
  endfacet
  facet normal 0 0 -1
    outer loop
      vertex -4.14107277533725 -0.9560419809614262 0
      vertex -4.157127303118674 -0.8836246859754772 0
      vertex -4.14107277533725 0.9560419809614262 0
    endloop
  endfacet
  facet normal 0 0 -1
    outer loop
      vertex -4.018453946297097 -1.383664656442916 0
      vertex -4.041990194254402 -1.3133222260935264 0
      vertex -4.018453946297097 1.383664656442916 0
    endloop
  endfacet
  facet normal 0 0 -1
    outer loop
      vertex -4.0642952128429 -1.2425797450716312 0
      vertex -4.041990194254402 1.3133222260935264 0
      vertex -4.041990194254402 -1.3133222260935264 0
    endloop
  endfacet
  facet normal 0 0 -1
    outer loop
      vertex -3.993693638340111 -1.453585609134092 0
      vertex -4.018453946297097 -1.383664656442916 0
      vertex -3.993693638340111 1.453585609134092 0
    endloop
  endfacet
  facet normal 0 0 -1
    outer loop
      vertex -4.085362207737855 -1.1714587622222465 0
      vertex -4.10518476172854 -1.0999809416857131 0
      vertex -4.085362207737855 1.1714587622222465 0
    endloop
  endfacet
  facet normal 0 0 -1
    outer loop
      vertex -4.10518476172854 -1.0999809416857131 0
      vertex -4.123756836672985 -1.0281680562985878 0
      vertex -4.10518476172854 1.0999809416857131 0
    endloop
  endfacet
  facet normal 0 0 -1
    outer loop
      vertex -4.0642952128429 -1.2425797450716312 0
      vertex -4.085362207737855 -1.1714587622222465 0
      vertex -4.0642952128429 1.2425797450716312 0
    endloop
  endfacet
  facet normal 0 0 -1
    outer loop
      vertex -4.185432950301884 -0.738004755084454 0
      vertex -4.197675447529336 -0.6648464764209812 0
      vertex -4.185432950301884 0.738004755084454 0
    endloop
  endfacet
  facet normal 0 0 -1
    outer loop
      vertex -4.218321144475619 -0.5179447094718768 0
      vertex -4.226718055315161 -0.44424596888752726 0
      vertex -4.218321144475619 0.5179447094718768 0
    endloop
  endfacet
  facet normal 0 0 -1
    outer loop
      vertex -4.197675447529336 -0.6648464764209812 0
      vertex -4.208639292151674 -0.5914856790802782 0
      vertex -4.197675447529336 0.6648464764209812 0
    endloop
  endfacet
  facet normal 0 0 -1
    outer loop
      vertex -4.208639292151674 -0.5914856790802782 0
      vertex -4.218321144475619 -0.5179447094718768 0
      vertex -4.208639292151674 0.5914856790802782 0
    endloop
  endfacet
  facet normal 0 0 -1
    outer loop
      vertex -4.171915529652572 -0.8109382303503154 0
      vertex -4.185432950301884 -0.738004755084454 0
      vertex -4.171915529652572 0.8109382303503154 0
    endloop
  endfacet
  facet normal 0 0 -1
    outer loop
      vertex -4.226718055315161 -0.44424596888752726 0
      vertex -4.2338274668899185 -0.3704119066775472 0
      vertex -4.226718055315161 0.44424596888752726 0
    endloop
  endfacet
  facet normal 0 0 -1
    outer loop
      vertex -4.2338274668899185 -0.3704119066775472 0
      vertex -4.239647213604253 -0.2964650134125325 0
      vertex -4.2338274668899185 0.3704119066775472 0
    endloop
  endfacet
  facet normal 0 0 -1
    outer loop
      vertex -4.239647213604253 -0.2964650134125325 0
      vertex -4.244175522706938 -0.2224278140325113 0
      vertex -4.239647213604253 0.2964650134125325 0
    endloop
  endfacet
  facet normal 0 0 -1
    outer loop
      vertex -4.244175522706938 -0.2224278140325113 0
      vertex -4.247411014831157 -0.1483228609856291 0
      vertex -4.244175522706938 0.2224278140325113 0
    endloop
  endfacet
  facet normal 0 0 -1
    outer loop
      vertex -4.247411014831157 -0.1483228609856291 0
      vertex -4.249352704414663 -0.07417272735845493 0
      vertex -4.247411014831157 0.1483228609856291 0
    endloop
  endfacet
  facet normal 0 0 -1
    outer loop
      vertex -3.993693638340111 -1.453585609134092 0
      vertex -3.9677168126131073 1.5230637855675262 0
      vertex -3.9677168126131073 -1.5230637855675262 0
    endloop
  endfacet
  facet normal 0 0 -1
    outer loop
      vertex -3.9405313819088468 -1.592078022017626 0
      vertex -3.9677168126131073 -1.5230637855675262 0
      vertex -3.9405313819088468 1.592078022017626 0
    endloop
  endfacet
  facet normal 0 0 -1
    outer loop
      vertex -3.9121456271728716 -1.6606072960794136 0
      vertex -3.9405313819088468 -1.592078022017626 0
      vertex -3.9121456271728716 1.6606072960794136 0
    endloop
  endfacet
  facet normal 0 0 -1
    outer loop
      vertex -3.7171337553424317 -2.0604408860469325 0
      vertex -3.680607966083864 2.125 0
      vertex -3.680607966083864 -2.125 0
    endloop
  endfacet
  facet normal 0 0 -1
    outer loop
      vertex -3.6429610279839775 -2.18891181836773 0
      vertex -3.680607966083864 -2.125 0
      vertex -3.6429610279839775 2.18891181836773 0
    endloop
  endfacet
  facet normal 0 0 -1
    outer loop
      vertex -3.60420440866481 -2.252156872991121 0
      vertex -3.6429610279839775 -2.18891181836773 0
      vertex -3.60420440866481 2.252156872991121 0
    endloop
  endfacet
  facet normal 0 0 -1
    outer loop
      vertex -3.60420440866481 -2.252156872991121 0
      vertex -3.5643499137680523 2.314715898813865 0
      vertex -3.5643499137680523 -2.314715898813865 0
    endloop
  endfacet
  facet normal 0 0 -1
    outer loop
      vertex -3.523409683358927 -2.3765698397506743 0
      vertex -3.5643499137680523 -2.314715898813865 0
      vertex -3.523409683358927 2.3765698397506743 0
    endloop
  endfacet
  facet normal 0 0 -1
    outer loop
      vertex -3.481396188228215 -2.437699854491946 0
      vertex -3.523409683358927 -2.3765698397506743 0
      vertex -3.481396188228215 2.437699854491946 0
    endloop
  endfacet
  facet normal 0 0 -1
    outer loop
      vertex -3.481396188228215 -2.437699854491946 0
      vertex -3.4383222260935264 2.498087322243011 0
      vertex -3.4383222260935264 -2.498087322243011 0
    endloop
  endfacet
  facet normal 0 0 -1
    outer loop
      vertex -3.3942009177009944 -2.557713848396205 0
      vertex -3.4383222260935264 -2.498087322243011 0
      vertex -3.3942009177009944 2.557713848396205 0
    endloop
  endfacet
  facet normal 0 0 -1
    outer loop
      vertex -3.3942009177009944 -2.557713848396205 0
      vertex -3.349045702828568 2.616561270134048 0
      vertex -3.349045702828568 -2.616561270134048 0
    endloop
  endfacet
  facet normal 0 0 -1
    outer loop
      vertex -3.2556888832556568 -2.731847341167792 0
      vertex -3.245545987952365 -0.17009185778956745 0
      vertex -3.2420831633444287 -0.22670853966840723 0
    endloop
  endfacet
  facet normal 0 0 -1
    outer loop
      vertex -3.2556888832556568 -2.731847341167792 0
      vertex -3.2480201878120614 -0.11342336428312814 0
      vertex -3.245545987952365 -0.17009185778956745 0
    endloop
  endfacet
  facet normal 0 0 -1
    outer loop
      vertex -3.2556888832556568 -2.731847341167792 0
      vertex -3.2495050092582716 -0.056720320921171415 0
      vertex -3.2480201878120614 -0.11342336428312814 0
    endloop
  endfacet
  facet normal 0 0 -1
    outer loop
      vertex -3.302870336192126 -2.674611661961809 0
      vertex -3.349045702828568 -2.616561270134048 0
      vertex -3.302870336192126 2.674611661961809 0
    endloop
  endfacet
  facet normal 0 0 -1
    outer loop
      vertex -3.2556888832556568 -2.731847341167792 0
      vertex -3.302870336192126 -2.674611661961809 0
      vertex -3.2556888832556568 2.731847341167792 0
    endloop
  endfacet
  facet normal 0 0 -1
    outer loop
      vertex -3.2556888832556568 -2.731847341167792 0
      vertex -3.25 0 0
      vertex -3.2495050092582716 -0.056720320921171415 0
    endloop
  endfacet
  facet normal 0 0 -1
    outer loop
      vertex -3.0052038200428273 -3.0052038200428273 0
      vertex -2.991640773720431 -1.2698761675901398 0
      vertex -2.969022737338453 -1.3218940899963507 0
    endloop
  endfacet
  facet normal 0 0 -1
    outer loop
      vertex -2.9522980744507383 -3.0571941514392678 0
      vertex -2.921080650472293 -1.4247062270645015 0
      vertex -2.895771203612196 -1.475469124153527 0
    endloop
  endfacet
  facet normal 0 0 -1
    outer loop
      vertex -2.9522980744507383 -3.0571941514392678 0
      vertex -2.9455003078691124 -1.373509350657273 0
      vertex -2.921080650472293 -1.4247062270645015 0
    endloop
  endfacet
  facet normal 0 0 -1
    outer loop
      vertex -3.0052038200428273 -3.0052038200428273 0
      vertex -2.969022737338453 -1.3218940899963507 0
      vertex -2.9455003078691124 -1.373509350657273 0
    endloop
  endfacet
  facet normal 0 0 -1
    outer loop
      vertex -3.1082532318814744 -2.8984930302656187 0
      vertex -3.0729353706977798 -1.0580965019857593 0
      vertex -3.0540010175542025 -1.1115654658084233 0
    endloop
  endfacet
  facet normal 0 0 -1
    outer loop
      vertex -3.1082532318814744 -2.8984930302656187 0
      vertex -3.090933677959249 -1.004305231718579 0
      vertex -3.0729353706977798 -1.0580965019857593 0
    endloop
  endfacet
  facet normal 0 0 -1
    outer loop
      vertex -3.1082532318814744 -2.8984930302656187 0
      vertex -3.107990456879865 -0.9502080403488945 0
      vertex -3.090933677959249 -1.004305231718579 0
    endloop
  endfacet
  facet normal 0 0 -1
    outer loop
      vertex -3.0571941514392678 -2.9522980744507383 0
      vertex -3.0133475273420594 -1.217471428601714 0
      vertex -2.991640773720431 -1.2698761675901398 0
    endloop
  endfacet
  facet normal 0 0 -1
    outer loop
      vertex -3.0571941514392678 -2.9522980744507383 0
      vertex -3.0341363861159056 -1.164695836022226 0
      vertex -3.0133475273420594 -1.217471428601714 0
    endloop
  endfacet
  facet normal 0 0 -1
    outer loop
      vertex -3.0571941514392678 -2.9522980744507383 0
      vertex -3.0540010175542025 -1.1115654658084233 0
      vertex -3.0341363861159056 -1.164695836022226 0
    endloop
  endfacet
  facet normal 0 0 -1
    outer loop
      vertex -2.8984930302656187 -3.1082532318814744 0
      vertex -2.8695796767915125 -1.525782579054145 0
      vertex -2.842514048203036 -1.5756312658005955 0
    endloop
  endfacet
  facet normal 0 0 -1
    outer loop
      vertex -2.8984930302656187 -3.1082532318814744 0
      vertex -2.895771203612196 -1.475469124153527 0
      vertex -2.8695796767915125 -1.525782579054145 0
    endloop
  endfacet
  facet normal 0 0 -1
    outer loop
      vertex -2.8438050770251477 -3.1583655082789255 0
      vertex -2.842514048203036 -1.5756312658005955 0
      vertex -2.8145825622994254 -1.625 0
    endloop
  endfacet
  facet normal 0 0 -1
    outer loop
      vertex -3.1583655082789255 -2.8438050770251477 0
      vertex -3.1241005117995364 -0.8958214064052473 0
      vertex -3.107990456879865 -0.9502080403488945 0
    endloop
  endfacet
  facet normal 0 0 -1
    outer loop
      vertex -3.1583655082789255 -2.8438050770251477 0
      vertex -3.139258935439472 -0.8411618965831924 0
      vertex -3.1241005117995364 -0.8958214064052473 0
    endloop
  endfacet
  facet normal 0 0 -1
    outer loop
      vertex -3.1583655082789255 -2.8438050770251477 0
      vertex -3.1534611103969885 -0.7862461606989202 0
      vertex -3.139258935439472 -0.8411618965831924 0
    endloop
  endfacet
  facet normal 0 0 -1
    outer loop
      vertex -3.207515715946781 -2.788250873209656 0
      vertex -3.1667027105520145 -0.7310909266175613 0
      vertex -3.1534611103969885 -0.7862461606989202 0
    endloop
  endfacet
  facet normal 0 0 -1
    outer loop
      vertex -3.207515715946781 -2.788250873209656 0
      vertex -3.1789797023848685 -0.6757129951577179 0
      vertex -3.1667027105520145 -0.7310909266175613 0
    endloop
  endfacet
  facet normal -0.878817112661963 -0.47715876025961285 0
    outer loop
      vertex -3.7525272696504395 -1.995254141840036 0
      vertex -3.7171337553424317 -2.0604408860469325 0
      vertex -3.7525272696504395 -1.995254141840036 10
    endloop
  endfacet
  facet normal -0.8949343616020243 -0.44619781310981016 0
    outer loop
      vertex -3.7867777278005637 -1.9294596238930737 0
      vertex -3.81987469677146 -1.8630773738535789 10
      vertex -3.81987469677146 -1.8630773738535789 0
    endloop
  endfacet
  facet normal -0.8870108331782215 -0.4617486132350345 0
    outer loop
      vertex -3.7525272696504395 -1.995254141840036 0
      vertex -3.7867777278005637 -1.9294596238930737 10
      vertex -3.7867777278005637 -1.9294596238930737 0
    endloop
  endfacet
  facet normal -0.909961270876543 -0.4146932426562396 0
    outer loop
      vertex -3.851808094905762 -1.7961276123979726 0
      vertex -3.8825681949810535 -1.7286307330721509 10
      vertex -3.8825681949810535 -1.7286307330721509 0
    endloop
  endfacet
  facet normal -0.9238795325112868 -0.3826834323650897 0
    outer loop
      vertex -3.9121456271728716 -1.6606072960794136 0
      vertex -3.9405313819088468 -1.592078022017626 10
      vertex -3.9405313819088468 -1.592078022017626 0
    endloop
  endfacet
  facet normal -0.9170600743851214 -0.3987490689252525 0
    outer loop
      vertex -3.8825681949810535 -1.7286307330721509 0
      vertex -3.9121456271728716 -1.6606072960794136 10
      vertex -3.9121456271728716 -1.6606072960794136 0
    endloop
  endfacet
  facet normal -0.9025852843498637 -0.43051109680828864 0
    outer loop
      vertex -3.81987469677146 -1.8630773738535789 0
      vertex -3.851808094905762 -1.7961276123979726 10
      vertex -3.851808094905762 -1.7961276123979726 0
    endloop
  endfacet
  facet normal -0.936672189248396 -0.3502073812594721 0
    outer loop
      vertex -3.993693638340111 -1.453585609134092 0
      vertex -3.9677168126131073 -1.5230637855675262 0
      vertex -3.993693638340111 -1.453585609134092 10
    endloop
  endfacet
  facet normal -0.9426414910921779 -0.3338068592337723 0
    outer loop
      vertex -3.993693638340111 -1.453585609134092 0
      vertex -4.018453946297097 -1.383664656442916 10
      vertex -4.018453946297097 -1.383664656442916 0
    endloop
  endfacet
  facet normal -0.9483236552062033 -0.31730465640508027 0
    outer loop
      vertex -4.018453946297097 -1.383664656442916 0
      vertex -4.041990194254402 -1.3133222260935264 10
      vertex -4.041990194254402 -1.3133222260935264 0
    endloop
  endfacet
  facet normal -0.9537169507482267 -0.3007057995042735 0
    outer loop
      vertex -4.0642952128429 -1.2425797450716312 0
      vertex -4.041990194254402 -1.3133222260935264 0
      vertex -4.0642952128429 -1.2425797450716312 10
    endloop
  endfacet
  facet normal -0.9588197348681905 -0.2840153447039317 0
    outer loop
      vertex -4.0642952128429 -1.2425797450716312 0
      vertex -4.085362207737855 -1.1714587622222465 10
      vertex -4.085362207737855 -1.1714587622222465 0
    endloop
  endfacet
  facet normal -0.9636304532086236 -0.2672383760782544 0
    outer loop
      vertex -4.085362207737855 -1.1714587622222465 0
      vertex -4.10518476172854 -1.0999809416857131 10
      vertex -4.10518476172854 -1.0999809416857131 0
    endloop
  endfacet
  facet normal -0.9304175679820265 -0.3665012267242922 0
    outer loop
      vertex -3.9405313819088468 -1.592078022017626 0
      vertex -3.9677168126131073 -1.5230637855675262 10
      vertex -3.9677168126131073 -1.5230637855675262 0
    endloop
  endfacet
  facet normal -0.8703556959399014 -0.49242356010346433 0
    outer loop
      vertex -3.7171337553424317 -2.0604408860469325 0
      vertex -3.680607966083864 -2.125 0
      vertex -3.7171337553424317 -2.0604408860469325 10
    endloop
  endfacet
  facet normal -0.9681476403781066 -0.2503800040544458 0
    outer loop
      vertex -4.10518476172854 -1.0999809416857131 0
      vertex -4.123756836672985 -1.0281680562985878 10
      vertex -4.123756836672985 -1.0281680562985878 0
    endloop
  endfacet
  facet normal -0.9723699203976773 -0.23344536385590295 0
    outer loop
      vertex -4.123756836672985 -1.0281680562985878 0
      vertex -4.14107277533725 -0.9560419809614262 10
      vertex -4.14107277533725 -0.9560419809614262 0
    endloop
  endfacet
  facet normal -0.976296007119933 -0.21643961393810432 0
    outer loop
      vertex -4.14107277533725 -0.9560419809614262 0
      vertex -4.157127303118674 -0.8836246859754772 10
      vertex -4.157127303118674 -0.8836246859754772 0
    endloop
  endfacet
  facet normal -0.97992470462083 -0.19936793441719486 0
    outer loop
      vertex -4.157127303118674 -0.8836246859754772 0
      vertex -4.171915529652572 -0.8109382303503154 10
      vertex -4.171915529652572 -0.8109382303503154 0
    endloop
  endfacet
  facet normal -0.9862856015372301 -0.1650476058606863 0
    outer loop
      vertex -4.185432950301884 -0.738004755084454 0
      vertex -4.197675447529336 -0.6648464764209812 10
      vertex -4.197675447529336 -0.6648464764209812 0
    endloop
  endfacet
  facet normal -0.9832549075639556 -0.18223552549214228 0
    outer loop
      vertex -4.171915529652572 -0.8109382303503154 0
      vertex -4.185432950301884 -0.738004755084454 10
      vertex -4.185432950301884 -0.738004755084454 0
    endloop
  endfacet
  facet normal -0.9890158633619167 -0.1478094111296116 0
    outer loop
      vertex -4.197675447529336 -0.6648464764209812 0
      vertex -4.208639292151674 -0.5914856790802782 10
      vertex -4.208639292151674 -0.5914856790802782 0
    endloop
  endfacet
  facet normal -0.9914448613738113 -0.13052619222004558 0
    outer loop
      vertex -4.208639292151674 -0.5914856790802782 0
      vertex -4.218321144475619 -0.5179447094718768 10
      vertex -4.218321144475619 -0.5179447094718768 0
    endloop
  endfacet
  facet normal -0.993571855676588 -0.113203213767903 0
    outer loop
      vertex -4.218321144475619 -0.5179447094718768 0
      vertex -4.226718055315161 -0.44424596888752726 10
      vertex -4.226718055315161 -0.44424596888752726 0
    endloop
  endfacet
  facet normal -0.9953961983671783 -0.09584575252022881 0
    outer loop
      vertex -4.226718055315161 -0.44424596888752726 0
      vertex -4.2338274668899185 -0.3704119066775472 10
      vertex -4.2338274668899185 -0.3704119066775472 0
    endloop
  endfacet
  facet normal -0.9969173337331279 -0.07845909572784585 0
    outer loop
      vertex -4.2338274668899185 -0.3704119066775472 0
      vertex -4.239647213604253 -0.2964650134125325 10
      vertex -4.239647213604253 -0.2964650134125325 0
    endloop
  endfacet
  facet normal -0.9981347984218675 -0.06104853953484887 0
    outer loop
      vertex -4.239647213604253 -0.2964650134125325 0
      vertex -4.244175522706938 -0.2224278140325113 10
      vertex -4.244175522706938 -0.2224278140325113 0
    endloop
  endfacet
  facet normal -0.9990482215818571 -0.04361938736534835 0
    outer loop
      vertex -4.244175522706938 -0.2224278140325113 0
      vertex -4.247411014831157 -0.1483228609856291 10
      vertex -4.247411014831157 -0.1483228609856291 0
    endloop
  endfacet
  facet normal -0.9996573249755576 -0.02617694830786596 0
    outer loop
      vertex -4.247411014831157 -0.1483228609856291 0
      vertex -4.249352704414663 -0.07417272735845493 10
      vertex -4.249352704414663 -0.07417272735845493 0
    endloop
  endfacet
  facet normal -0.9999619230641712 -0.008726535498375933 0
    outer loop
      vertex -4.249352704414663 -0.07417272735845493 0
      vertex -4.25 0 10
      vertex -4.25 0 0
    endloop
  endfacet
  facet normal 0 0 -1
    outer loop
      vertex -1.995254141840036 -3.7525272696504395 0
      vertex -2.0604408860469325 -3.7171337553424317 0
      vertex -1.955898825244157 -2.5955654076537016 0
    endloop
  endfacet
  facet normal 0 0 -1
    outer loop
      vertex -2.125 -3.680607966083864 0
      vertex -2.0452912709119717 -2.525724374735155 0
      vertex -2.0604408860469325 -3.7171337553424317 0
    endloop
  endfacet
  facet normal 0 0 -1
    outer loop
      vertex -1.995254141840036 -3.7525272696504395 0
      vertex -1.9103020699505378 -2.629305231718579 0
      vertex -1.9294596238930737 -3.7867777278005637 0
    endloop
  endfacet
  facet normal 0 0 -1
    outer loop
      vertex -1.9294596238930737 -3.7867777278005637 0
      vertex -1.8173769362799275 -2.694372110803885 0
      vertex -1.8630773738535789 -3.81987469677146 0
    endloop
  endfacet
  facet normal 0 0 -1
    outer loop
      vertex -1.8630773738535789 -3.81987469677146 0
      vertex -1.770076863798838 -2.7256793458226283 0
      vertex -1.7961276123979726 -3.851808094905762 0
    endloop
  endfacet
  facet normal 0 0 -1
    outer loop
      vertex -1.7961276123979726 -3.851808094905762 0
      vertex -1.7222376087579159 -2.7561563125083843 0
      vertex -1.7286307330721509 -3.8825681949810535 0
    endloop
  endfacet
  facet normal 0 0 -1
    outer loop
      vertex -1.7286307330721509 -3.8825681949810535 0
      vertex -1.625 -2.8145825622994254 0
      vertex -1.6606072960794136 -3.9121456271728716 0
    endloop
  endfacet
  facet normal 0 0 -1
    outer loop
      vertex -1.6606072960794136 -3.9121456271728716 0
      vertex -1.5756312658005955 -2.842514048203036 0
      vertex -1.592078022017626 -3.9405313819088468 0
    endloop
  endfacet
  facet normal 0 0 -1
    outer loop
      vertex -1.6606072960794136 -3.9121456271728716 0
      vertex -1.625 -2.8145825622994254 0
      vertex -1.5756312658005955 -2.842514048203036 0
    endloop
  endfacet
  facet normal 0 0 -1
    outer loop
      vertex -1.2425797450716312 -4.0642952128429 0
      vertex -1.164695836022226 -3.0341363861159056 0
      vertex -1.1714587622222465 -4.085362207737855 0
    endloop
  endfacet
  facet normal 0 0 -1
    outer loop
      vertex -1.1714587622222465 -4.085362207737855 0
      vertex -1.0580965019857593 -3.0729353706977798 0
      vertex -1.0999809416857131 -4.10518476172854 0
    endloop
  endfacet
  facet normal 0 0 -1
    outer loop
      vertex -1.592078022017626 -3.9405313819088468 0
      vertex -1.475469124153527 -2.895771203612196 0
      vertex -1.5230637855675262 -3.9677168126131073 0
    endloop
  endfacet
  facet normal 0 0 -1
    outer loop
      vertex -1.453585609134092 -3.993693638340111 0
      vertex -1.5230637855675262 -3.9677168126131073 0
      vertex -1.4247062270645015 -2.921080650472293 0
    endloop
  endfacet
  facet normal 0 0 -1
    outer loop
      vertex -1.453585609134092 -3.993693638340111 0
      vertex -1.373509350657273 -2.9455003078691124 0
      vertex -1.383664656442916 -4.018453946297097 0
    endloop
  endfacet
  facet normal 0 0 -1
    outer loop
      vertex -1.592078022017626 -3.9405313819088468 0
      vertex -1.5756312658005955 -2.842514048203036 0
      vertex -1.525782579054145 -2.8695796767915125 0
    endloop
  endfacet
  facet normal 0 0 -1
    outer loop
      vertex -1.592078022017626 -3.9405313819088468 0
      vertex -1.525782579054145 -2.8695796767915125 0
      vertex -1.475469124153527 -2.895771203612196 0
    endloop
  endfacet
  facet normal 0 0 -1
    outer loop
      vertex -1.5230637855675262 -3.9677168126131073 0
      vertex -1.475469124153527 -2.895771203612196 0
      vertex -1.4247062270645015 -2.921080650472293 0
    endloop
  endfacet
  facet normal 0 0 -1
    outer loop
      vertex -1.453585609134092 -3.993693638340111 0
      vertex -1.4247062270645015 -2.921080650472293 0
      vertex -1.373509350657273 -2.9455003078691124 0
    endloop
  endfacet
  facet normal 0 0 -1
    outer loop
      vertex -1.383664656442916 -4.018453946297097 0
      vertex -1.373509350657273 -2.9455003078691124 0
      vertex -1.3218940899963507 -2.969022737338453 0
    endloop
  endfacet
  facet normal 0 0 -1
    outer loop
      vertex -1.383664656442916 -4.018453946297097 0
      vertex -1.2698761675901398 -2.991640773720431 0
      vertex -1.3133222260935264 -4.041990194254402 0
    endloop
  endfacet
  facet normal 0 0 -1
    outer loop
      vertex -1.3133222260935264 -4.041990194254402 0
      vertex -1.217471428601714 -3.0133475273420594 0
      vertex -1.2425797450716312 -4.0642952128429 0
    endloop
  endfacet
  facet normal 0 0 -1
    outer loop
      vertex -1.383664656442916 -4.018453946297097 0
      vertex -1.3218940899963507 -2.969022737338453 0
      vertex -1.2698761675901398 -2.991640773720431 0
    endloop
  endfacet
  facet normal 0 0 -1
    outer loop
      vertex -1.3133222260935264 -4.041990194254402 0
      vertex -1.2698761675901398 -2.991640773720431 0
      vertex -1.217471428601714 -3.0133475273420594 0
    endloop
  endfacet
  facet normal 0 0 -1
    outer loop
      vertex -1.2425797450716312 -4.0642952128429 0
      vertex -1.217471428601714 -3.0133475273420594 0
      vertex -1.164695836022226 -3.0341363861159056 0
    endloop
  endfacet
  facet normal 0 0 -1
    outer loop
      vertex -1.1714587622222465 -4.085362207737855 0
      vertex -1.164695836022226 -3.0341363861159056 0
      vertex -1.1115654658084233 -3.0540010175542025 0
    endloop
  endfacet
  facet normal 0 0 -1
    outer loop
      vertex -1.1714587622222465 -4.085362207737855 0
      vertex -1.1115654658084233 -3.0540010175542025 0
      vertex -1.0580965019857593 -3.0729353706977798 0
    endloop
  endfacet
  facet normal 0 0 -1
    outer loop
      vertex -2.0604408860469325 -3.7171337553424317 0
      vertex -2.0452912709119717 -2.525724374735155 0
      vertex -2.0008997948083893 -2.5610349492218463 0
    endloop
  endfacet
  facet normal 0 0 -1
    outer loop
      vertex -2.0604408860469325 -3.7171337553424317 0
      vertex -2.0008997948083893 -2.5610349492218463 0
      vertex -1.955898825244157 -2.5955654076537016 0
    endloop
  endfacet
  facet normal 0 0 -1
    outer loop
      vertex -1.995254141840036 -3.7525272696504395 0
      vertex -1.955898825244157 -2.5955654076537016 0
      vertex -1.9103020699505378 -2.629305231718579 0
    endloop
  endfacet
  facet normal 0 0 -1
    outer loop
      vertex -1.9294596238930737 -3.7867777278005637 0
      vertex -1.9103020699505378 -2.629305231718579 0
      vertex -1.8641234181408997 -2.6622441439392235 0
    endloop
  endfacet
  facet normal 0 0 -1
    outer loop
      vertex -1.9294596238930737 -3.7867777278005637 0
      vertex -1.8641234181408997 -2.6622441439392235 0
      vertex -1.8173769362799275 -2.694372110803885 0
    endloop
  endfacet
  facet normal 0 0 -1
    outer loop
      vertex -2.125 -3.680607966083864 0
      vertex -2.0890597314812527 -2.4896444401366784 0
      vertex -2.0452912709119717 -2.525724374735155 0
    endloop
  endfacet
  facet normal 0 0 -1
    outer loop
      vertex -1.8630773738535789 -3.81987469677146 0
      vertex -1.8173769362799275 -2.694372110803885 0
      vertex -1.770076863798838 -2.7256793458226283 0
    endloop
  endfacet
  facet normal 0 0 -1
    outer loop
      vertex -1.7961276123979726 -3.851808094905762 0
      vertex -1.770076863798838 -2.7256793458226283 0
      vertex -1.7222376087579159 -2.7561563125083843 0
    endloop
  endfacet
  facet normal 0 0 -1
    outer loop
      vertex -1.7286307330721509 -3.8825681949810535 0
      vertex -1.7222376087579159 -2.7561563125083843 0
      vertex -1.673873743457676 -2.785793727281865 0
    endloop
  endfacet
  facet normal 0 0 -1
    outer loop
      vertex -1.7286307330721509 -3.8825681949810535 0
      vertex -1.673873743457676 -2.785793727281865 0
      vertex -1.625 -2.8145825622994254 0
    endloop
  endfacet
  facet normal 0 0 -1
    outer loop
      vertex -1.0999809416857131 -4.10518476172854 0
      vertex -1.004305231718579 -3.090933677959249 0
      vertex -1.0281680562985878 -4.123756836672985 0
    endloop
  endfacet
  facet normal 0 0 -1
    outer loop
      vertex -1.0281680562985878 -4.123756836672985 0
      vertex -0.9502080403488945 -3.107990456879865 0
      vertex -0.9560419809614262 -4.14107277533725 0
    endloop
  endfacet
  facet normal 0 0 -1
    outer loop
      vertex -0.9560419809614262 -4.14107277533725 0
      vertex -0.8411618965831924 -3.139258935439472 0
      vertex -0.8836246859754772 -4.157127303118674 0
    endloop
  endfacet
  facet normal 0 0 -1
    outer loop
      vertex -0.8836246859754772 -4.157127303118674 0
      vertex -0.7862461606989202 -3.1534611103969885 0
      vertex -0.8109382303503154 -4.171915529652572 0
    endloop
  endfacet
  facet normal 0 0 -1
    outer loop
      vertex -0.738004755084454 -4.185432950301884 0
      vertex -0.6201292349737706 -3.190288346204908 0
      vertex -0.6648464764209812 -4.197675447529336 0
    endloop
  endfacet
  facet normal 0 0 -1
    outer loop
      vertex -0.8109382303503154 -4.171915529652572 0
      vertex -0.7310909266175613 -3.1667027105520145 0
      vertex -0.738004755084454 -4.185432950301884 0
    endloop
  endfacet
  facet normal 0 0 -1
    outer loop
      vertex -0.6648464764209812 -4.197675447529336 0
      vertex -0.5643565774175235 -3.200625197289676 0
      vertex -0.5914856790802782 -4.208639292151674 0
    endloop
  endfacet
  facet normal 0 0 -1
    outer loop
      vertex -0.5914856790802782 -4.208639292151674 0
      vertex -0.5084120113807503 -3.209987106934198 0
      vertex -0.5179447094718768 -4.218321144475619 0
    endloop
  endfacet
  facet normal 0 0 -1
    outer loop
      vertex -0.9560419809614262 -4.14107277533725 0
      vertex -0.9502080403488945 -3.107990456879865 0
      vertex -0.8958214064052473 -3.1241005117995364 0
    endloop
  endfacet
  facet normal 0 0 -1
    outer loop
      vertex -0.9560419809614262 -4.14107277533725 0
      vertex -0.8958214064052473 -3.1241005117995364 0
      vertex -0.8411618965831924 -3.139258935439472 0
    endloop
  endfacet
  facet normal 0 0 -1
    outer loop
      vertex -0.8836246859754772 -4.157127303118674 0
      vertex -0.8411618965831924 -3.139258935439472 0
      vertex -0.7862461606989202 -3.1534611103969885 0
    endloop
  endfacet
  facet normal 0 0 -1
    outer loop
      vertex -1.0999809416857131 -4.10518476172854 0
      vertex -1.0580965019857593 -3.0729353706977798 0
      vertex -1.004305231718579 -3.090933677959249 0
    endloop
  endfacet
  facet normal 0 0 -1
    outer loop
      vertex -1.0281680562985878 -4.123756836672985 0
      vertex -1.004305231718579 -3.090933677959249 0
      vertex -0.9502080403488945 -3.107990456879865 0
    endloop
  endfacet
  facet normal 0 0 -1
    outer loop
      vertex -0.8109382303503154 -4.171915529652572 0
      vertex -0.7862461606989202 -3.1534611103969885 0
      vertex -0.7310909266175613 -3.1667027105520145 0
    endloop
  endfacet
  facet normal 0 0 -1
    outer loop
      vertex -0.738004755084454 -4.185432950301884 0
      vertex -0.7310909266175613 -3.1667027105520145 0
      vertex -0.6757129951577179 -3.1789797023848685 0
    endloop
  endfacet
  facet normal 0 0 -1
    outer loop
      vertex -0.738004755084454 -4.185432950301884 0
      vertex -0.6757129951577179 -3.1789797023848685 0
      vertex -0.6201292349737706 -3.190288346204908 0
    endloop
  endfacet
  facet normal 0 0 -1
    outer loop
      vertex -0.6648464764209812 -4.197675447529336 0
      vertex -0.6201292349737706 -3.190288346204908 0
      vertex -0.5643565774175235 -3.200625197289676 0
    endloop
  endfacet
  facet normal 0 0 -1
    outer loop
      vertex -0.5914856790802782 -4.208639292151674 0
      vertex -0.5643565774175235 -3.200625197289676 0
      vertex -0.5084120113807503 -3.209987106934198 0
    endloop
  endfacet
  facet normal 0 0 -1
    outer loop
      vertex -0.5179447094718768 -4.218321144475619 0
      vertex -0.3960753660667293 -3.2257749928342965 0
      vertex -0.44424596888752726 -4.226718055315161 0
    endloop
  endfacet
  facet normal 0 0 -1
    outer loop
      vertex -0.44424596888752726 -4.226718055315161 0
      vertex -0.3397175056198738 -3.2321961599468882 0
      vertex -0.3704119066775472 -4.2338274668899185 0
    endloop
  endfacet
  facet normal 0 0 -1
    outer loop
      vertex -0.3704119066775472 -4.2338274668899185 0
      vertex -0.28325616392988906 -3.237632768798173 0
      vertex -0.2964650134125325 -4.239647213604253 0
    endloop
  endfacet
  facet normal 0 0 -1
    outer loop
      vertex -0.2964650134125325 -4.239647213604253 0
      vertex -0.17009185778956745 -3.245545987952365 0
      vertex -0.2224278140325113 -4.244175522706938 0
    endloop
  endfacet
  facet normal 0 0 -1
    outer loop
      vertex -0.2224278140325113 -4.244175522706938 0
      vertex -0.11342336428312814 -3.2480201878120614 0
      vertex -0.1483228609856291 -4.247411014831157 0
    endloop
  endfacet
  facet normal 0 0 -1
    outer loop
      vertex -0.1483228609856291 -4.247411014831157 0
      vertex -0.056720320921171415 -3.2495050092582716 0
      vertex -0.07417272735845493 -4.249352704414663 0
    endloop
  endfacet
  facet normal 0 0 -1
    outer loop
      vertex -0.07417272735845493 -4.249352704414663 0
      vertex -0.056720320921171415 -3.2495050092582716 0
      vertex 0 -4.25 0
    endloop
  endfacet
  facet normal 0 0 -1
    outer loop
      vertex -0.5179447094718768 -4.218321144475619 0
      vertex -0.5084120113807503 -3.209987106934198 0
      vertex -0.4523125781202127 -3.2183712234101036 0
    endloop
  endfacet
  facet normal 0 0 -1
    outer loop
      vertex -0.5179447094718768 -4.218321144475619 0
      vertex -0.4523125781202127 -3.2183712234101036 0
      vertex -0.3960753660667293 -3.2257749928342965 0
    endloop
  endfacet
  facet normal 0 0 -1
    outer loop
      vertex -0.44424596888752726 -4.226718055315161 0
      vertex -0.3960753660667293 -3.2257749928342965 0
      vertex -0.3397175056198738 -3.2321961599468882 0
    endloop
  endfacet
  facet normal 0 0 -1
    outer loop
      vertex -0.3704119066775472 -4.2338274668899185 0
      vertex -0.3397175056198738 -3.2321961599468882 0
      vertex -0.28325616392988906 -3.237632768798173 0
    endloop
  endfacet
  facet normal 0 0 -1
    outer loop
      vertex -0.2964650134125325 -4.239647213604253 0
      vertex -0.28325616392988906 -3.237632768798173 0
      vertex -0.22670853966840723 -3.2420831633444287 0
    endloop
  endfacet
  facet normal 0 0 -1
    outer loop
      vertex -0.2964650134125325 -4.239647213604253 0
      vertex -0.22670853966840723 -3.2420831633444287 0
      vertex -0.17009185778956745 -3.245545987952365 0
    endloop
  endfacet
  facet normal 0 0 -1
    outer loop
      vertex -0.2224278140325113 -4.244175522706938 0
      vertex -0.17009185778956745 -3.245545987952365 0
      vertex -0.11342336428312814 -3.2480201878120614 0
    endloop
  endfacet
  facet normal 0 0 -1
    outer loop
      vertex -0.1483228609856291 -4.247411014831157 0
      vertex -0.11342336428312814 -3.2480201878120614 0
      vertex -0.056720320921171415 -3.2495050092582716 0
    endloop
  endfacet
  facet normal 0 0 -1
    outer loop
      vertex 0 -4.25 0
      vertex -0.056720320921171415 -3.2495050092582716 0
      vertex 0 -3.25 0
    endloop
  endfacet
  facet normal -0.47715876025961285 -0.878817112661963 0
    outer loop
      vertex -1.995254141840036 -3.7525272696504395 0
      vertex -1.995254141840036 -3.7525272696504395 10
      vertex -2.0604408860469325 -3.7171337553424317 0
    endloop
  endfacet
  facet normal -0.4617486132350345 -0.8870108331782215 0
    outer loop
      vertex -1.995254141840036 -3.7525272696504395 0
      vertex -1.9294596238930737 -3.7867777278005637 0
      vertex -1.9294596238930737 -3.7867777278005637 10
    endloop
  endfacet
  facet normal -0.44619781310981016 -0.8949343616020243 0
    outer loop
      vertex -1.9294596238930737 -3.7867777278005637 0
      vertex -1.8630773738535789 -3.81987469677146 0
      vertex -1.8630773738535789 -3.81987469677146 10
    endloop
  endfacet
  facet normal -0.4146932426562396 -0.909961270876543 0
    outer loop
      vertex -1.7961276123979726 -3.851808094905762 0
      vertex -1.7286307330721509 -3.8825681949810535 0
      vertex -1.7286307330721509 -3.8825681949810535 10
    endloop
  endfacet
  facet normal -0.43051109680828864 -0.9025852843498637 0
    outer loop
      vertex -1.8630773738535789 -3.81987469677146 0
      vertex -1.7961276123979726 -3.851808094905762 0
      vertex -1.7961276123979726 -3.851808094905762 10
    endloop
  endfacet
  facet normal -0.3987490689252525 -0.9170600743851214 0
    outer loop
      vertex -1.7286307330721509 -3.8825681949810535 0
      vertex -1.6606072960794136 -3.9121456271728716 0
      vertex -1.6606072960794136 -3.9121456271728716 10
    endloop
  endfacet
  facet normal -0.3826834323650897 -0.9238795325112868 0
    outer loop
      vertex -1.6606072960794136 -3.9121456271728716 0
      vertex -1.592078022017626 -3.9405313819088468 0
      vertex -1.592078022017626 -3.9405313819088468 10
    endloop
  endfacet
  facet normal -0.49242356010346433 -0.8703556959399014 0
    outer loop
      vertex -2.125 -3.680607966083864 0
      vertex -2.0604408860469325 -3.7171337553424317 0
      vertex -2.0604408860469325 -3.7171337553424317 10
    endloop
  endfacet
  facet normal -0.3502073812594721 -0.936672189248396 0
    outer loop
      vertex -1.453585609134092 -3.993693638340111 0
      vertex -1.453585609134092 -3.993693638340111 10
      vertex -1.5230637855675262 -3.9677168126131073 0
    endloop
  endfacet
  facet normal -0.3338068592337723 -0.9426414910921779 0
    outer loop
      vertex -1.453585609134092 -3.993693638340111 0
      vertex -1.383664656442916 -4.018453946297097 0
      vertex -1.383664656442916 -4.018453946297097 10
    endloop
  endfacet
  facet normal -0.31730465640508027 -0.9483236552062033 0
    outer loop
      vertex -1.383664656442916 -4.018453946297097 0
      vertex -1.3133222260935264 -4.041990194254402 0
      vertex -1.3133222260935264 -4.041990194254402 10
    endloop
  endfacet
  facet normal -0.3665012267242922 -0.9304175679820265 0
    outer loop
      vertex -1.592078022017626 -3.9405313819088468 0
      vertex -1.5230637855675262 -3.9677168126131073 0
      vertex -1.5230637855675262 -3.9677168126131073 10
    endloop
  endfacet
  facet normal -0.3007057995042735 -0.9537169507482267 0
    outer loop
      vertex -1.3133222260935264 -4.041990194254402 0
      vertex -1.2425797450716312 -4.0642952128429 0
      vertex -1.2425797450716312 -4.0642952128429 10
    endloop
  endfacet
  facet normal -0.2840153447039317 -0.9588197348681905 0
    outer loop
      vertex -1.2425797450716312 -4.0642952128429 0
      vertex -1.1714587622222465 -4.085362207737855 0
      vertex -1.1714587622222465 -4.085362207737855 10
    endloop
  endfacet
  facet normal -0.2672383760782544 -0.9636304532086236 0
    outer loop
      vertex -1.1714587622222465 -4.085362207737855 0
      vertex -1.0999809416857131 -4.10518476172854 0
      vertex -1.0999809416857131 -4.10518476172854 10
    endloop
  endfacet
  facet normal -0.2503800040544458 -0.9681476403781066 0
    outer loop
      vertex -1.0999809416857131 -4.10518476172854 0
      vertex -1.0281680562985878 -4.123756836672985 0
      vertex -1.0281680562985878 -4.123756836672985 10
    endloop
  endfacet
  facet normal -0.23344536385590295 -0.9723699203976773 0
    outer loop
      vertex -1.0281680562985878 -4.123756836672985 0
      vertex -0.9560419809614262 -4.14107277533725 0
      vertex -0.9560419809614262 -4.14107277533725 10
    endloop
  endfacet
  facet normal -0.21643961393810432 -0.976296007119933 0
    outer loop
      vertex -0.9560419809614262 -4.14107277533725 0
      vertex -0.8836246859754772 -4.157127303118674 0
      vertex -0.8836246859754772 -4.157127303118674 10
    endloop
  endfacet
  facet normal -0.19936793441719486 -0.97992470462083 0
    outer loop
      vertex -0.8836246859754772 -4.157127303118674 0
      vertex -0.8109382303503154 -4.171915529652572 0
      vertex -0.8109382303503154 -4.171915529652572 10
    endloop
  endfacet
  facet normal -0.18223552549214228 -0.9832549075639556 0
    outer loop
      vertex -0.8109382303503154 -4.171915529652572 0
      vertex -0.738004755084454 -4.185432950301884 0
      vertex -0.738004755084454 -4.185432950301884 10
    endloop
  endfacet
  facet normal -0.1650476058606863 -0.9862856015372301 0
    outer loop
      vertex -0.738004755084454 -4.185432950301884 0
      vertex -0.6648464764209812 -4.197675447529336 0
      vertex -0.6648464764209812 -4.197675447529336 10
    endloop
  endfacet
  facet normal -0.1478094111296116 -0.9890158633619167 0
    outer loop
      vertex -0.6648464764209812 -4.197675447529336 0
      vertex -0.5914856790802782 -4.208639292151674 0
      vertex -0.5914856790802782 -4.208639292151674 10
    endloop
  endfacet
  facet normal -0.13052619222004558 -0.9914448613738113 0
    outer loop
      vertex -0.5914856790802782 -4.208639292151674 0
      vertex -0.5179447094718768 -4.218321144475619 0
      vertex -0.5179447094718768 -4.218321144475619 10
    endloop
  endfacet
  facet normal -0.113203213767903 -0.993571855676588 0
    outer loop
      vertex -0.5179447094718768 -4.218321144475619 0
      vertex -0.44424596888752726 -4.226718055315161 0
      vertex -0.44424596888752726 -4.226718055315161 10
    endloop
  endfacet
  facet normal -0.09584575252022881 -0.9953961983671783 0
    outer loop
      vertex -0.44424596888752726 -4.226718055315161 0
      vertex -0.3704119066775472 -4.2338274668899185 0
      vertex -0.3704119066775472 -4.2338274668899185 10
    endloop
  endfacet
  facet normal -0.07845909572784585 -0.9969173337331279 0
    outer loop
      vertex -0.3704119066775472 -4.2338274668899185 0
      vertex -0.2964650134125325 -4.239647213604253 0
      vertex -0.2964650134125325 -4.239647213604253 10
    endloop
  endfacet
  facet normal -0.06104853953484887 -0.9981347984218675 0
    outer loop
      vertex -0.2964650134125325 -4.239647213604253 0
      vertex -0.2224278140325113 -4.244175522706938 0
      vertex -0.2224278140325113 -4.244175522706938 10
    endloop
  endfacet
  facet normal -0.04361938736534835 -0.9990482215818571 0
    outer loop
      vertex -0.2224278140325113 -4.244175522706938 0
      vertex -0.1483228609856291 -4.247411014831157 0
      vertex -0.1483228609856291 -4.247411014831157 10
    endloop
  endfacet
  facet normal -0.02617694830786596 -0.9996573249755576 0
    outer loop
      vertex -0.1483228609856291 -4.247411014831157 0
      vertex -0.07417272735845493 -4.249352704414663 0
      vertex -0.07417272735845493 -4.249352704414663 10
    endloop
  endfacet
  facet normal -0.008726535498375933 -0.9999619230641712 0
    outer loop
      vertex -0.07417272735845493 -4.249352704414663 0
      vertex 0 -4.25 0
      vertex 0 -4.25 10
    endloop
  endfacet
  facet normal -0.7716245833877213 -0.6360782202777623 0
    outer loop
      vertex -3.2556888832556568 -2.731847341167792 0
      vertex -3.2556888832556568 -2.731847341167792 10
      vertex -3.302870336192126 -2.674611661961809 10
    endloop
  endfacet
  facet normal -0.7604059656000298 -0.6494480483301851 0
    outer loop
      vertex -3.207515715946781 -2.788250873209656 0
      vertex -3.207515715946781 -2.788250873209656 10
      vertex -3.2556888832556568 -2.731847341167792 10
    endloop
  endfacet
  facet normal -0.8241261886220163 -0.5664062369248319 0
    outer loop
      vertex -3.481396188228215 -2.437699854491946 0
      vertex -3.481396188228215 -2.437699854491946 10
      vertex -3.523409683358927 -2.3765698397506743 10
    endloop
  endfacet
  facet normal -0.8616291604415264 -0.507538362960703 0
    outer loop
      vertex -3.6429610279839775 -2.18891181836773 0
      vertex -3.6429610279839775 -2.18891181836773 10
      vertex -3.680607966083864 -2.125 10
    endloop
  endfacet
  facet normal -0.8526401643540904 -0.5224985647159517 0
    outer loop
      vertex -3.60420440866481 -2.252156872991121 0
      vertex -3.60420440866481 -2.252156872991121 10
      vertex -3.6429610279839775 -2.18891181836773 10
    endloop
  endfacet
  facet normal -0.833885822067165 -0.5519369853120628 0
    outer loop
      vertex -3.523409683358927 -2.3765698397506743 0
      vertex -3.523409683358927 -2.3765698397506743 10
      vertex -3.5643499137680523 -2.314715898813865 10
    endloop
  endfacet
  facet normal -0.8433914458128886 -0.5372996083468191 0
    outer loop
      vertex -3.5643499137680523 -2.314715898813865 0
      vertex -3.5643499137680523 -2.314715898813865 10
      vertex -3.60420440866481 -2.252156872991121 10
    endloop
  endfacet
  facet normal -0.8038568606172153 -0.5948227867513439 0
    outer loop
      vertex -3.3942009177009944 -2.557713848396205 0
      vertex -3.3942009177009944 -2.557713848396205 10
      vertex -3.4383222260935264 -2.498087322243011 10
    endloop
  endfacet
  facet normal -0.793353340291237 -0.6087614290087182 0
    outer loop
      vertex -3.349045702828568 -2.616561270134048 0
      vertex -3.349045702828568 -2.616561270134048 10
      vertex -3.3942009177009944 -2.557713848396205 10
    endloop
  endfacet
  facet normal -0.8141155183563198 -0.5807029557109389 0
    outer loop
      vertex -3.4383222260935264 -2.498087322243011 0
      vertex -3.4383222260935264 -2.498087322243011 10
      vertex -3.481396188228215 -2.437699854491946 10
    endloop
  endfacet
  facet normal -0.7826081568524126 -0.6225146366376213 0
    outer loop
      vertex -3.302870336192126 -2.674611661961809 0
      vertex -3.302870336192126 -2.674611661961809 10
      vertex -3.349045702828568 -2.616561270134048 10
    endloop
  endfacet
  facet normal -0.6494480483301851 -0.7604059656000298 0
    outer loop
      vertex -2.788250873209656 -3.207515715946781 0
      vertex -2.731847341167792 -3.2556888832556568 10
      vertex -2.788250873209656 -3.207515715946781 10
    endloop
  endfacet
  facet normal -0.6360782202777623 -0.7716245833877213 0
    outer loop
      vertex -2.731847341167792 -3.2556888832556568 0
      vertex -2.674611661961809 -3.302870336192126 10
      vertex -2.731847341167792 -3.2556888832556568 10
    endloop
  endfacet
  facet normal -0.5664062369248319 -0.8241261886220163 0
    outer loop
      vertex -2.437699854491946 -3.481396188228215 0
      vertex -2.3765698397506743 -3.523409683358927 10
      vertex -2.437699854491946 -3.481396188228215 10
    endloop
  endfacet
  facet normal -0.6087614290087182 -0.793353340291237 0
    outer loop
      vertex -2.616561270134048 -3.349045702828568 0
      vertex -2.557713848396205 -3.3942009177009944 10
      vertex -2.616561270134048 -3.349045702828568 10
    endloop
  endfacet
  facet normal -0.5948227867513439 -0.8038568606172153 0
    outer loop
      vertex -2.557713848396205 -3.3942009177009944 0
      vertex -2.498087322243011 -3.4383222260935264 10
      vertex -2.557713848396205 -3.3942009177009944 10
    endloop
  endfacet
  facet normal -0.6225146366376213 -0.7826081568524126 0
    outer loop
      vertex -2.674611661961809 -3.302870336192126 0
      vertex -2.616561270134048 -3.349045702828568 10
      vertex -2.674611661961809 -3.302870336192126 10
    endloop
  endfacet
  facet normal -0.5807029557109389 -0.8141155183563198 0
    outer loop
      vertex -2.498087322243011 -3.4383222260935264 0
      vertex -2.437699854491946 -3.481396188228215 10
      vertex -2.498087322243011 -3.4383222260935264 10
    endloop
  endfacet
  facet normal -0.5519369853120628 -0.833885822067165 0
    outer loop
      vertex -2.3765698397506743 -3.523409683358927 0
      vertex -2.314715898813865 -3.5643499137680523 10
      vertex -2.3765698397506743 -3.523409683358927 10
    endloop
  endfacet
  facet normal -0.5372996083468191 -0.8433914458128886 0
    outer loop
      vertex -2.314715898813865 -3.5643499137680523 0
      vertex -2.252156872991121 -3.60420440866481 10
      vertex -2.314715898813865 -3.5643499137680523 10
    endloop
  endfacet
  facet normal -0.5224985647159517 -0.8526401643540904 0
    outer loop
      vertex -2.252156872991121 -3.60420440866481 0
      vertex -2.18891181836773 -3.6429610279839775 10
      vertex -2.252156872991121 -3.60420440866481 10
    endloop
  endfacet
  facet normal -0.507538362960703 -0.8616291604415264 0
    outer loop
      vertex -2.18891181836773 -3.6429610279839775 0
      vertex -2.125 -3.680607966083864 10
      vertex -2.18891181836773 -3.6429610279839775 10
    endloop
  endfacet
  facet normal -0.7253743710122903 -0.688354575693751 0
    outer loop
      vertex -3.0571941514392678 -2.9522980744507383 0
      vertex -3.0571941514392678 -2.9522980744507383 10
      vertex -3.1082532318814744 -2.8984930302656187 10
    endloop
  endfacet
  facet normal -0.688354575693751 -0.7253743710122903 0
    outer loop
      vertex -2.9522980744507383 -3.0571941514392678 0
      vertex -2.8984930302656187 -3.1082532318814744 10
      vertex -2.9522980744507383 -3.0571941514392678 10
    endloop
  endfacet
  facet normal -0.7132504491541835 -0.7009092642998489 0
    outer loop
      vertex -3.0052038200428273 -3.0052038200428273 0
      vertex -3.0052038200428273 -3.0052038200428273 10
      vertex -3.0571941514392678 -2.9522980744507383 10
    endloop
  endfacet
  facet normal -0.7009092642998489 -0.7132504491541835 0
    outer loop
      vertex -3.0052038200428273 -3.0052038200428273 0
      vertex -2.9522980744507383 -3.0571941514392678 10
      vertex -3.0052038200428273 -3.0052038200428273 10
    endloop
  endfacet
  facet normal -0.7372773368101214 -0.6755902076156632 0
    outer loop
      vertex -3.1082532318814744 -2.8984930302656187 0
      vertex -3.1082532318814744 -2.8984930302656187 10
      vertex -3.1583655082789255 -2.8438050770251477 10
    endloop
  endfacet
  facet normal -0.7489557207890057 -0.6626200482157335 0
    outer loop
      vertex -3.1583655082789255 -2.8438050770251477 0
      vertex -3.1583655082789255 -2.8438050770251477 10
      vertex -3.207515715946781 -2.788250873209656 10
    endloop
  endfacet
  facet normal -0.6755902076156632 -0.7372773368101214 0
    outer loop
      vertex -2.8984930302656187 -3.1082532318814744 0
      vertex -2.8438050770251477 -3.1583655082789255 10
      vertex -2.8984930302656187 -3.1082532318814744 10
    endloop
  endfacet
  facet normal -0.6626200482157335 -0.7489557207890057 0
    outer loop
      vertex -2.8438050770251477 -3.1583655082789255 0
      vertex -2.788250873209656 -3.207515715946781 10
      vertex -2.8438050770251477 -3.1583655082789255 10
    endloop
  endfacet
  facet normal 0 0 1
    outer loop
      vertex -2.731847341167792 -3.2556888832556568 10
      vertex -2.674611661961809 -3.302870336192126 10
      vertex -2.6994747544810758 -0.5247247372854982 10
    endloop
  endfacet
  facet normal 0 0 1
    outer loop
      vertex -2.437699854491946 -3.481396188228215 10
      vertex -2.4716836273227094 -1.205520653669963 10
      vertex -2.498087322243011 -3.4383222260935264 10
    endloop
  endfacet
  facet normal 0 0 1
    outer loop
      vertex -2.437699854491946 -3.481396188228215 10
      vertex -2.3765698397506743 -3.523409683358927 10
      vertex -2.4052041946333382 -1.333226455677427 10
    endloop
  endfacet
  facet normal 0 0 1
    outer loop
      vertex -2.252156872991121 -3.60420440866481 10
      vertex -2.18891181836773 -3.6429610279839775 10
      vertex -2.2247967345311057 -1.616409443804301 10
    endloop
  endfacet
  facet normal 0 0 1
    outer loop
      vertex -2.18891181836773 -3.6429610279839775 10
      vertex -2.125 -3.680607966083864 10
      vertex -2.1670295724184854 -1.6930690571455602 10
    endloop
  endfacet
  facet normal 0 0 1
    outer loop
      vertex -2.3765698397506743 -3.523409683358927 10
      vertex -2.314715898813865 -3.5643499137680523 10
      vertex -2.357210076930809 -1.416354706002649 10
    endloop
  endfacet
  facet normal 0 0 1
    outer loop
      vertex -2.314715898813865 -3.5643499137680523 10
      vertex -2.252156872991121 -3.60420440866481 10
      vertex -2.2798533245263646 -1.537780484544554 10
    endloop
  endfacet
  facet normal 0 0 1
    outer loop
      vertex -2.557713848396205 -3.3942009177009944 10
      vertex -2.498087322243011 -3.4383222260935264 10
      vertex -2.531388346994211 -1.074510603345503 10
    endloop
  endfacet
  facet normal 0 0 1
    outer loop
      vertex -2.616561270134048 -3.349045702828568 10
      vertex -2.557713848396205 -3.3942009177009944 10
      vertex -2.584154707161248 -0.940555394145589 10
    endloop
  endfacet
  facet normal 0 0 1
    outer loop
      vertex -2.674611661961809 -3.302870336192126 10
      vertex -2.616561270134048 -3.349045702828568 10
      vertex -2.643469663830377 -0.7580027284967477 10
    endloop
  endfacet
  facet normal 0 0 1
    outer loop
      vertex -2.314715898813865 -3.5643499137680523 10
      vertex -2.332132264430171 -1.4572779766413135 10
      vertex -2.357210076930809 -1.416354706002649 10
    endloop
  endfacet
  facet normal 0 0 1
    outer loop
      vertex -2.314715898813865 -3.5643499137680523 10
      vertex -2.2798533245263646 -1.537780484544554 10
      vertex -2.306344061849916 -1.4977573462913245 10
    endloop
  endfacet
  facet normal 0 0 1
    outer loop
      vertex -2.252156872991121 -3.60420440866481 10
      vertex -2.2526681217947275 -1.5773351999653766 10
      vertex -2.2798533245263646 -1.537780484544554 10
    endloop
  endfacet
  facet normal 0 0 1
    outer loop
      vertex -2.314715898813865 -3.5643499137680523 10
      vertex -2.306344061849916 -1.4977573462913245 10
      vertex -2.332132264430171 -1.4572779766413135 10
    endloop
  endfacet
  facet normal 0 0 1
    outer loop
      vertex -2.252156872991121 -3.60420440866481 10
      vertex -2.2247967345311057 -1.616409443804301 10
      vertex -2.2526681217947275 -1.5773351999653766 10
    endloop
  endfacet
  facet normal 0 0 1
    outer loop
      vertex -2.18891181836773 -3.6429610279839775 10
      vertex -2.1962476526300554 -1.6549913136681327 10
      vertex -2.2247967345311057 -1.616409443804301 10
    endloop
  endfacet
  facet normal 0 0 1
    outer loop
      vertex -2.18891181836773 -3.6429610279839775 10
      vertex -2.1670295724184854 -1.6930690571455602 10
      vertex -2.1962476526300554 -1.6549913136681327 10
    endloop
  endfacet
  facet normal 0 0 1
    outer loop
      vertex -2.125 -3.680607966083864 10
      vertex -2.13715139400667 -1.7306310753870529 10
      vertex -2.1670295724184854 -1.6930690571455602 10
    endloop
  endfacet
  facet normal -0.878817112661963 -0.47715876025961285 0
    outer loop
      vertex -3.7171337553424317 -2.0604408860469325 0
      vertex -3.7171337553424317 -2.0604408860469325 10
      vertex -3.7525272696504395 -1.995254141840036 10
    endloop
  endfacet
  facet normal -0.8949343616020243 -0.44619781310981016 0
    outer loop
      vertex -3.7867777278005637 -1.9294596238930737 0
      vertex -3.7867777278005637 -1.9294596238930737 10
      vertex -3.81987469677146 -1.8630773738535789 10
    endloop
  endfacet
  facet normal -0.8870108331782215 -0.4617486132350345 0
    outer loop
      vertex -3.7525272696504395 -1.995254141840036 0
      vertex -3.7525272696504395 -1.995254141840036 10
      vertex -3.7867777278005637 -1.9294596238930737 10
    endloop
  endfacet
  facet normal -0.909961270876543 -0.4146932426562396 0
    outer loop
      vertex -3.851808094905762 -1.7961276123979726 0
      vertex -3.851808094905762 -1.7961276123979726 10
      vertex -3.8825681949810535 -1.7286307330721509 10
    endloop
  endfacet
  facet normal -0.9238795325112868 -0.3826834323650897 0
    outer loop
      vertex -3.9121456271728716 -1.6606072960794136 0
      vertex -3.9121456271728716 -1.6606072960794136 10
      vertex -3.9405313819088468 -1.592078022017626 10
    endloop
  endfacet
  facet normal -0.9170600743851214 -0.3987490689252525 0
    outer loop
      vertex -3.8825681949810535 -1.7286307330721509 0
      vertex -3.8825681949810535 -1.7286307330721509 10
      vertex -3.9121456271728716 -1.6606072960794136 10
    endloop
  endfacet
  facet normal -0.9025852843498637 -0.43051109680828864 0
    outer loop
      vertex -3.81987469677146 -1.8630773738535789 0
      vertex -3.81987469677146 -1.8630773738535789 10
      vertex -3.851808094905762 -1.7961276123979726 10
    endloop
  endfacet
  facet normal -0.9426414910921779 -0.3338068592337723 0
    outer loop
      vertex -3.993693638340111 -1.453585609134092 0
      vertex -3.993693638340111 -1.453585609134092 10
      vertex -4.018453946297097 -1.383664656442916 10
    endloop
  endfacet
  facet normal -0.9483236552062033 -0.31730465640508027 0
    outer loop
      vertex -4.018453946297097 -1.383664656442916 0
      vertex -4.018453946297097 -1.383664656442916 10
      vertex -4.041990194254402 -1.3133222260935264 10
    endloop
  endfacet
  facet normal -0.9588197348681905 -0.2840153447039317 0
    outer loop
      vertex -4.0642952128429 -1.2425797450716312 0
      vertex -4.0642952128429 -1.2425797450716312 10
      vertex -4.085362207737855 -1.1714587622222465 10
    endloop
  endfacet
  facet normal -0.9537169507482267 -0.3007057995042735 0
    outer loop
      vertex -4.041990194254402 -1.3133222260935264 0
      vertex -4.041990194254402 -1.3133222260935264 10
      vertex -4.0642952128429 -1.2425797450716312 10
    endloop
  endfacet
  facet normal -0.9636304532086236 -0.2672383760782544 0
    outer loop
      vertex -4.085362207737855 -1.1714587622222465 0
      vertex -4.085362207737855 -1.1714587622222465 10
      vertex -4.10518476172854 -1.0999809416857131 10
    endloop
  endfacet
  facet normal -0.9681476403781066 -0.2503800040544458 0
    outer loop
      vertex -4.10518476172854 -1.0999809416857131 0
      vertex -4.10518476172854 -1.0999809416857131 10
      vertex -4.123756836672985 -1.0281680562985878 10
    endloop
  endfacet
  facet normal -0.9304175679820265 -0.3665012267242922 0
    outer loop
      vertex -3.9405313819088468 -1.592078022017626 0
      vertex -3.9405313819088468 -1.592078022017626 10
      vertex -3.9677168126131073 -1.5230637855675262 10
    endloop
  endfacet
  facet normal -0.936672189248396 -0.3502073812594721 0
    outer loop
      vertex -3.9677168126131073 -1.5230637855675262 0
      vertex -3.9677168126131073 -1.5230637855675262 10
      vertex -3.993693638340111 -1.453585609134092 10
    endloop
  endfacet
  facet normal -0.8703556959399014 -0.49242356010346433 0
    outer loop
      vertex -3.680607966083864 -2.125 0
      vertex -3.680607966083864 -2.125 10
      vertex -3.7171337553424317 -2.0604408860469325 10
    endloop
  endfacet
  facet normal -0.9723699203976773 -0.23344536385590295 0
    outer loop
      vertex -4.123756836672985 -1.0281680562985878 0
      vertex -4.123756836672985 -1.0281680562985878 10
      vertex -4.14107277533725 -0.9560419809614262 10
    endloop
  endfacet
  facet normal -0.976296007119933 -0.21643961393810432 0
    outer loop
      vertex -4.14107277533725 -0.9560419809614262 0
      vertex -4.14107277533725 -0.9560419809614262 10
      vertex -4.157127303118674 -0.8836246859754772 10
    endloop
  endfacet
  facet normal -0.97992470462083 -0.19936793441719486 0
    outer loop
      vertex -4.157127303118674 -0.8836246859754772 0
      vertex -4.157127303118674 -0.8836246859754772 10
      vertex -4.171915529652572 -0.8109382303503154 10
    endloop
  endfacet
  facet normal -0.9862856015372301 -0.1650476058606863 0
    outer loop
      vertex -4.185432950301884 -0.738004755084454 0
      vertex -4.185432950301884 -0.738004755084454 10
      vertex -4.197675447529336 -0.6648464764209812 10
    endloop
  endfacet
  facet normal -0.9832549075639556 -0.18223552549214228 0
    outer loop
      vertex -4.171915529652572 -0.8109382303503154 0
      vertex -4.171915529652572 -0.8109382303503154 10
      vertex -4.185432950301884 -0.738004755084454 10
    endloop
  endfacet
  facet normal -0.9890158633619167 -0.1478094111296116 0
    outer loop
      vertex -4.197675447529336 -0.6648464764209812 0
      vertex -4.197675447529336 -0.6648464764209812 10
      vertex -4.208639292151674 -0.5914856790802782 10
    endloop
  endfacet
  facet normal -0.9914448613738113 -0.13052619222004558 0
    outer loop
      vertex -4.208639292151674 -0.5914856790802782 0
      vertex -4.208639292151674 -0.5914856790802782 10
      vertex -4.218321144475619 -0.5179447094718768 10
    endloop
  endfacet
  facet normal -0.993571855676588 -0.113203213767903 0
    outer loop
      vertex -4.218321144475619 -0.5179447094718768 0
      vertex -4.218321144475619 -0.5179447094718768 10
      vertex -4.226718055315161 -0.44424596888752726 10
    endloop
  endfacet
  facet normal -0.9953961983671783 -0.09584575252022881 0
    outer loop
      vertex -4.226718055315161 -0.44424596888752726 0
      vertex -4.226718055315161 -0.44424596888752726 10
      vertex -4.2338274668899185 -0.3704119066775472 10
    endloop
  endfacet
  facet normal -0.9969173337331279 -0.07845909572784585 0
    outer loop
      vertex -4.2338274668899185 -0.3704119066775472 0
      vertex -4.2338274668899185 -0.3704119066775472 10
      vertex -4.239647213604253 -0.2964650134125325 10
    endloop
  endfacet
  facet normal -0.9981347984218675 -0.06104853953484887 0
    outer loop
      vertex -4.239647213604253 -0.2964650134125325 0
      vertex -4.239647213604253 -0.2964650134125325 10
      vertex -4.244175522706938 -0.2224278140325113 10
    endloop
  endfacet
  facet normal -0.9990482215818571 -0.04361938736534835 0
    outer loop
      vertex -4.244175522706938 -0.2224278140325113 0
      vertex -4.244175522706938 -0.2224278140325113 10
      vertex -4.247411014831157 -0.1483228609856291 10
    endloop
  endfacet
  facet normal -0.9996573249755576 -0.02617694830786596 0
    outer loop
      vertex -4.247411014831157 -0.1483228609856291 0
      vertex -4.247411014831157 -0.1483228609856291 10
      vertex -4.249352704414663 -0.07417272735845493 10
    endloop
  endfacet
  facet normal -0.9999619230641712 -0.008726535498375933 0
    outer loop
      vertex -4.249352704414663 -0.07417272735845493 0
      vertex -4.249352704414663 -0.07417272735845493 10
      vertex -4.25 0 10
    endloop
  endfacet
  facet normal 0 0 1
    outer loop
      vertex -3.9121456271728716 -1.6606072960794136 10
      vertex -3.9405313819088468 1.592078022017626 10
      vertex -3.9405313819088468 -1.592078022017626 10
    endloop
  endfacet
  facet normal 0 0 1
    outer loop
      vertex -3.851808094905762 -1.7961276123979726 10
      vertex -3.8825681949810535 1.7286307330721509 10
      vertex -3.8825681949810535 -1.7286307330721509 10
    endloop
  endfacet
  facet normal 0 0 1
    outer loop
      vertex -3.8825681949810535 -1.7286307330721509 10
      vertex -3.9121456271728716 1.6606072960794136 10
      vertex -3.9121456271728716 -1.6606072960794136 10
    endloop
  endfacet
  facet normal 0 0 1
    outer loop
      vertex -3.7525272696504395 -1.995254141840036 10
      vertex -3.7867777278005637 1.9294596238930737 10
      vertex -3.7867777278005637 -1.9294596238930737 10
    endloop
  endfacet
  facet normal 0 0 1
    outer loop
      vertex -3.7525272696504395 -1.995254141840036 10
      vertex -3.7171337553424317 -2.0604408860469325 10
      vertex -3.7525272696504395 1.995254141840036 10
    endloop
  endfacet
  facet normal 0 0 1
    outer loop
      vertex -3.81987469677146 -1.8630773738535789 10
      vertex -3.851808094905762 1.7961276123979726 10
      vertex -3.851808094905762 -1.7961276123979726 10
    endloop
  endfacet
  facet normal 0 0 1
    outer loop
      vertex -3.7867777278005637 -1.9294596238930737 10
      vertex -3.81987469677146 1.8630773738535789 10
      vertex -3.81987469677146 -1.8630773738535789 10
    endloop
  endfacet
  facet normal 0 0 1
    outer loop
      vertex -4.10518476172854 -1.0999809416857131 10
      vertex -4.123756836672985 1.0281680562985878 10
      vertex -4.123756836672985 -1.0281680562985878 10
    endloop
  endfacet
  facet normal 0 0 1
    outer loop
      vertex -4.123756836672985 -1.0281680562985878 10
      vertex -4.14107277533725 0.9560419809614262 10
      vertex -4.14107277533725 -0.9560419809614262 10
    endloop
  endfacet
  facet normal 0 0 1
    outer loop
      vertex -4.14107277533725 -0.9560419809614262 10
      vertex -4.157127303118674 0.8836246859754772 10
      vertex -4.157127303118674 -0.8836246859754772 10
    endloop
  endfacet
  facet normal 0 0 1
    outer loop
      vertex -4.171915529652572 -0.8109382303503154 10
      vertex -4.185432950301884 0.738004755084454 10
      vertex -4.185432950301884 -0.738004755084454 10
    endloop
  endfacet
  facet normal 0 0 1
    outer loop
      vertex -4.157127303118674 -0.8836246859754772 10
      vertex -4.171915529652572 0.8109382303503154 10
      vertex -4.171915529652572 -0.8109382303503154 10
    endloop
  endfacet
  facet normal 0 0 1
    outer loop
      vertex -4.0642952128429 -1.2425797450716312 10
      vertex -4.041990194254402 -1.3133222260935264 10
      vertex -4.0642952128429 1.2425797450716312 10
    endloop
  endfacet
  facet normal 0 0 1
    outer loop
      vertex -4.0642952128429 -1.2425797450716312 10
      vertex -4.085362207737855 1.1714587622222465 10
      vertex -4.085362207737855 -1.1714587622222465 10
    endloop
  endfacet
  facet normal 0 0 1
    outer loop
      vertex -3.993693638340111 -1.453585609134092 10
      vertex -3.9677168126131073 -1.5230637855675262 10
      vertex -3.993693638340111 1.453585609134092 10
    endloop
  endfacet
  facet normal 0 0 1
    outer loop
      vertex -3.993693638340111 -1.453585609134092 10
      vertex -4.018453946297097 1.383664656442916 10
      vertex -4.018453946297097 -1.383664656442916 10
    endloop
  endfacet
  facet normal 0 0 1
    outer loop
      vertex -4.018453946297097 -1.383664656442916 10
      vertex -4.041990194254402 1.3133222260935264 10
      vertex -4.041990194254402 -1.3133222260935264 10
    endloop
  endfacet
  facet normal 0 0 1
    outer loop
      vertex -4.085362207737855 -1.1714587622222465 10
      vertex -4.10518476172854 1.0999809416857131 10
      vertex -4.10518476172854 -1.0999809416857131 10
    endloop
  endfacet
  facet normal 0 0 1
    outer loop
      vertex -4.185432950301884 -0.738004755084454 10
      vertex -4.197675447529336 0.6648464764209812 10
      vertex -4.197675447529336 -0.6648464764209812 10
    endloop
  endfacet
  facet normal 0 0 1
    outer loop
      vertex -4.197675447529336 -0.6648464764209812 10
      vertex -4.208639292151674 0.5914856790802782 10
      vertex -4.208639292151674 -0.5914856790802782 10
    endloop
  endfacet
  facet normal 0 0 1
    outer loop
      vertex -4.218321144475619 -0.5179447094718768 10
      vertex -4.226718055315161 0.44424596888752726 10
      vertex -4.226718055315161 -0.44424596888752726 10
    endloop
  endfacet
  facet normal 0 0 1
    outer loop
      vertex -4.226718055315161 -0.44424596888752726 10
      vertex -4.2338274668899185 0.3704119066775472 10
      vertex -4.2338274668899185 -0.3704119066775472 10
    endloop
  endfacet
  facet normal 0 0 1
    outer loop
      vertex -4.208639292151674 -0.5914856790802782 10
      vertex -4.218321144475619 0.5179447094718768 10
      vertex -4.218321144475619 -0.5179447094718768 10
    endloop
  endfacet
  facet normal 0 0 1
    outer loop
      vertex -4.2338274668899185 -0.3704119066775472 10
      vertex -4.239647213604253 0.2964650134125325 10
      vertex -4.239647213604253 -0.2964650134125325 10
    endloop
  endfacet
  facet normal 0 0 1
    outer loop
      vertex -4.239647213604253 -0.2964650134125325 10
      vertex -4.244175522706938 0.2224278140325113 10
      vertex -4.244175522706938 -0.2224278140325113 10
    endloop
  endfacet
  facet normal 0 0 1
    outer loop
      vertex -4.244175522706938 -0.2224278140325113 10
      vertex -4.247411014831157 0.1483228609856291 10
      vertex -4.247411014831157 -0.1483228609856291 10
    endloop
  endfacet
  facet normal 0 0 1
    outer loop
      vertex -4.247411014831157 -0.1483228609856291 10
      vertex -4.249352704414663 0.07417272735845493 10
      vertex -4.249352704414663 -0.07417272735845493 10
    endloop
  endfacet
  facet normal 0 0 1
    outer loop
      vertex -3.9405313819088468 -1.592078022017626 10
      vertex -3.9677168126131073 1.5230637855675262 10
      vertex -3.9677168126131073 -1.5230637855675262 10
    endloop
  endfacet
  facet normal 0 0 1
    outer loop
      vertex -3.481396188228215 -2.437699854491946 10
      vertex -3.523409683358927 2.3765698397506743 10
      vertex -3.523409683358927 -2.3765698397506743 10
    endloop
  endfacet
  facet normal 0 0 1
    outer loop
      vertex -3.481396188228215 -2.437699854491946 10
      vertex -3.4383222260935264 -2.498087322243011 10
      vertex -3.481396188228215 2.437699854491946 10
    endloop
  endfacet
  facet normal 0 0 1
    outer loop
      vertex -3.7171337553424317 -2.0604408860469325 10
      vertex -3.680607966083864 -2.125 10
      vertex -3.7171337553424317 2.0604408860469325 10
    endloop
  endfacet
  facet normal 0 0 1
    outer loop
      vertex -3.6429610279839775 -2.18891181836773 10
      vertex -3.680607966083864 2.125 10
      vertex -3.680607966083864 -2.125 10
    endloop
  endfacet
  facet normal 0 0 1
    outer loop
      vertex -3.60420440866481 -2.252156872991121 10
      vertex -3.6429610279839775 2.18891181836773 10
      vertex -3.6429610279839775 -2.18891181836773 10
    endloop
  endfacet
  facet normal 0 0 1
    outer loop
      vertex -3.60420440866481 -2.252156872991121 10
      vertex -3.5643499137680523 -2.314715898813865 10
      vertex -3.60420440866481 2.252156872991121 10
    endloop
  endfacet
  facet normal 0 0 1
    outer loop
      vertex -3.523409683358927 -2.3765698397506743 10
      vertex -3.5643499137680523 2.314715898813865 10
      vertex -3.5643499137680523 -2.314715898813865 10
    endloop
  endfacet
  facet normal 0 0 1
    outer loop
      vertex -3.3942009177009944 -2.557713848396205 10
      vertex -3.4383222260935264 2.498087322243011 10
      vertex -3.4383222260935264 -2.498087322243011 10
    endloop
  endfacet
  facet normal 0 0 1
    outer loop
      vertex -3.3942009177009944 -2.557713848396205 10
      vertex -3.349045702828568 -2.616561270134048 10
      vertex -3.3942009177009944 2.557713848396205 10
    endloop
  endfacet
  facet normal 0 0 1
    outer loop
      vertex -3.302870336192126 -2.674611661961809 10
      vertex -3.349045702828568 2.616561270134048 10
      vertex -3.349045702828568 -2.616561270134048 10
    endloop
  endfacet
  facet normal 0 0 1
    outer loop
      vertex -3.207515715946781 -2.788250873209656 10
      vertex -3.1583655082789255 -2.8438050770251477 10
      vertex -3.207515715946781 2.788250873209656 10
    endloop
  endfacet
  facet normal 0 0 1
    outer loop
      vertex -3.2556888832556568 -2.731847341167792 10
      vertex -3.302870336192126 2.674611661961809 10
      vertex -3.302870336192126 -2.674611661961809 10
    endloop
  endfacet
  facet normal 0 0 1
    outer loop
      vertex -3.2556888832556568 -2.731847341167792 10
      vertex -3.207515715946781 -2.788250873209656 10
      vertex -3.2556888832556568 2.731847341167792 10
    endloop
  endfacet
  facet normal 0 0 1
    outer loop
      vertex -2.674611661961809 -3.302870336192126 10
      vertex -2.643469663830377 -0.7580027284967477 10
      vertex -2.6562960222949377 -0.711752374031932 10
    endloop
  endfacet
  facet normal 0 0 1
    outer loop
      vertex -2.674611661961809 -3.302870336192126 10
      vertex -2.66831324725899 -0.6652852128990863 10
      vertex -2.679517678159397 -0.6186153994456287 10
    endloop
  endfacet
  facet normal 0 0 1
    outer loop
      vertex -2.674611661961809 -3.302870336192126 10
      vertex -2.6562960222949377 -0.711752374031932 10
      vertex -2.66831324725899 -0.6652852128990863 10
    endloop
  endfacet
  facet normal 0 0 1
    outer loop
      vertex -2.674611661961809 -3.302870336192126 10
      vertex -2.679517678159397 -0.6186153994456287 10
      vertex -2.6899059020179656 -0.5717571497488382 10
    endloop
  endfacet
  facet normal 0 0 1
    outer loop
      vertex -2.674611661961809 -3.302870336192126 10
      vertex -2.6899059020179656 -0.5717571497488382 10
      vertex -2.6994747544810758 -0.5247247372854982 10
    endloop
  endfacet
  facet normal 0 0 1
    outer loop
      vertex -2.731847341167792 -3.2556888832556568 10
      vertex -2.7161429366366288 -0.4301947788606349 10
      vertex -2.7232371890393186 -0.38272602764017993 10
    endloop
  endfacet
  facet normal 0 0 1
    outer loop
      vertex -2.731847341167792 -3.2556888832556568 10
      vertex -2.6994747544810758 -0.5247247372854982 10
      vertex -2.708221320783572 -0.4775324885840584 10
    endloop
  endfacet
  facet normal 0 0 1
    outer loop
      vertex -2.731847341167792 -3.2556888832556568 10
      vertex -2.708221320783572 -0.4775324885840584 10
      vertex -2.7161429366366288 -0.4301947788606349 10
    endloop
  endfacet
  facet normal 0 0 1
    outer loop
      vertex -2.788250873209656 -3.207515715946781 10
      vertex -2.8438050770251477 3.1583655082789255 10
      vertex -2.8438050770251477 -3.1583655082789255 10
    endloop
  endfacet
  facet normal 0 0 1
    outer loop
      vertex -2.731847341167792 -3.2556888832556568 10
      vertex -2.7232371890393186 -0.38272602764017993 10
      vertex -2.7295019170136356 -0.33514069436415556 10
    endloop
  endfacet
  facet normal 0 0 1
    outer loop
      vertex -2.731847341167792 -3.2556888832556568 10
      vertex -2.7295019170136356 -0.33514069436415556 10
      vertex -2.7349352122627515 -0.28745327398604703 10
    endloop
  endfacet
  facet normal 0 0 1
    outer loop
      vertex -2.731847341167792 -3.2556888832556568 10
      vertex -2.7349352122627515 -0.28745327398604703 10
      vertex -2.7395354197523 -0.23967829255605996 10
    endloop
  endfacet
  facet normal 0 0 1
    outer loop
      vertex -2.731847341167792 -3.2556888832556568 10
      vertex -2.7395354197523 -0.23967829255605996 10
      vertex -2.7433011382145165 -0.19183030279634458 10
    endloop
  endfacet
  facet normal 0 0 1
    outer loop
      vertex -2.731847341167792 -3.2556888832556568 10
      vertex -2.7433011382145165 -0.19183030279634458 10
      vertex -2.746231220575078 -0.14392387966809556 10
    endloop
  endfacet
  facet normal 0 0 1
    outer loop
      vertex -2.731847341167792 -3.2556888832556568 10
      vertex -2.746231220575078 -0.14392387966809556 10
      vertex -2.7483247743025134 -0.09597361593187767 10
    endloop
  endfacet
  facet normal 0 0 1
    outer loop
      vertex -2.731847341167792 -3.2556888832556568 10
      vertex -2.7483247743025134 -0.09597361593187767 10
      vertex -2.749581161680076 -0.047994117702529655 10
    endloop
  endfacet
  facet normal 0 0 1
    outer loop
      vertex -2.731847341167792 -3.2556888832556568 10
      vertex -2.788250873209656 3.207515715946781 10
      vertex -2.788250873209656 -3.207515715946781 10
    endloop
  endfacet
  facet normal 0 0 1
    outer loop
      vertex -2.437699854491946 -3.481396188228215 10
      vertex -2.4281058803620494 -1.2910467976611997 10
      vertex -2.4502679415180117 -1.2484738742837536 10
    endloop
  endfacet
  facet normal 0 0 1
    outer loop
      vertex -2.437699854491946 -3.481396188228215 10
      vertex -2.4052041946333382 -1.333226455677427 10
      vertex -2.4281058803620494 -1.2910467976611997 10
    endloop
  endfacet
  facet normal 0 0 1
    outer loop
      vertex -2.498087322243011 -3.4383222260935264 10
      vertex -2.4716836273227094 -1.205520653669963 10
      vertex -2.4923464143507874 -1.1622002197869234 10
    endloop
  endfacet
  facet normal 0 0 1
    outer loop
      vertex -2.498087322243011 -3.4383222260935264 10
      vertex -2.4923464143507874 -1.1622002197869234 10
      vertex -2.512250008517152 -1.1185257684584506 10
    endloop
  endfacet
  facet normal 0 0 1
    outer loop
      vertex -2.498087322243011 -3.4383222260935264 10
      vertex -2.512250008517152 -1.1185257684584506 10
      vertex -2.531388346994211 -1.074510603345503 10
    endloop
  endfacet
  facet normal 0 0 1
    outer loop
      vertex -2.437699854491946 -3.481396188228215 10
      vertex -2.4502679415180117 -1.2484738742837536 10
      vertex -2.4716836273227094 -1.205520653669963 10
    endloop
  endfacet
  facet normal 0 0 1
    outer loop
      vertex -2.616561270134048 -3.349045702828568 10
      vertex -2.584154707161248 -0.940555394145589 10
      vertex -2.6001760828981215 -0.8953124247571809 10
    endloop
  endfacet
  facet normal 0 0 1
    outer loop
      vertex -2.557713848396205 -3.3942009177009944 10
      vertex -2.549755600058665 -1.030168131893758 10
      vertex -2.5673461728673046 -0.9855118612495757 10
    endloop
  endfacet
  facet normal 0 0 1
    outer loop
      vertex -2.557713848396205 -3.3942009177009944 10
      vertex -2.531388346994211 -1.074510603345503 10
      vertex -2.549755600058665 -1.030168131893758 10
    endloop
  endfacet
  facet normal 0 0 1
    outer loop
      vertex -2.557713848396205 -3.3942009177009944 10
      vertex -2.5673461728673046 -0.9855118612495757 10
      vertex -2.584154707161248 -0.940555394145589 10
    endloop
  endfacet
  facet normal 0 0 1
    outer loop
      vertex -2.616561270134048 -3.349045702828568 10
      vertex -2.6001760828981215 -0.8953124247571809 10
      vertex -2.615405419811672 -0.8497967345311054 10
    endloop
  endfacet
  facet normal 0 0 1
    outer loop
      vertex -2.616561270134048 -3.349045702828568 10
      vertex -2.615405419811672 -0.8497967345311054 10
      vertex -2.6298380788983473 -0.8040221879875261 10
    endloop
  endfacet
  facet normal 0 0 1
    outer loop
      vertex -2.616561270134048 -3.349045702828568 10
      vertex -2.6298380788983473 -0.8040221879875261 10
      vertex -2.643469663830377 -0.7580027284967477 10
    endloop
  endfacet
  facet normal 0 0 1
    outer loop
      vertex -2.3765698397506743 -3.523409683358927 10
      vertex -2.357210076930809 -1.416354706002649 10
      vertex -2.381569860407206 -1.375 10
    endloop
  endfacet
  facet normal 0 0 1
    outer loop
      vertex -2.3765698397506743 -3.523409683358927 10
      vertex -2.381569860407206 -1.375 10
      vertex -2.4052041946333382 -1.333226455677427 10
    endloop
  endfacet
  facet normal 0 0 1
    outer loop
      vertex -3.1583655082789255 -2.8438050770251477 10
      vertex -3.1082532318814744 -2.8984930302656187 10
      vertex -3.1583655082789255 2.8438050770251477 10
    endloop
  endfacet
  facet normal 0 0 1
    outer loop
      vertex -3.0571941514392678 -2.9522980744507383 10
      vertex -3.1082532318814744 2.8984930302656187 10
      vertex -3.1082532318814744 -2.8984930302656187 10
    endloop
  endfacet
  facet normal 0 0 1
    outer loop
      vertex -3.0571941514392678 -2.9522980744507383 10
      vertex -3.0052038200428273 -3.0052038200428273 10
      vertex -3.0571941514392678 2.9522980744507383 10
    endloop
  endfacet
  facet normal 0 0 1
    outer loop
      vertex -2.9522980744507383 -3.0571941514392678 10
      vertex -3.0052038200428273 3.0052038200428273 10
      vertex -3.0052038200428273 -3.0052038200428273 10
    endloop
  endfacet
  facet normal 0 0 1
    outer loop
      vertex -2.9522980744507383 -3.0571941514392678 10
      vertex -2.8984930302656187 -3.1082532318814744 10
      vertex -2.9522980744507383 3.0571941514392678 10
    endloop
  endfacet
  facet normal 0 0 1
    outer loop
      vertex -2.8984930302656187 -3.1082532318814744 10
      vertex -2.8438050770251477 -3.1583655082789255 10
      vertex -2.8984930302656187 3.1082532318814744 10
    endloop
  endfacet
  facet normal 0 0 1
    outer loop
      vertex -2.731847341167792 -3.2556888832556568 10
      vertex -2.749581161680076 -0.047994117702529655 10
      vertex -2.788250873209656 3.207515715946781 10
    endloop
  endfacet
  facet normal -0.47715876025961285 -0.878817112661963 0
    outer loop
      vertex -2.0604408860469325 -3.7171337553424317 0
      vertex -1.995254141840036 -3.7525272696504395 10
      vertex -2.0604408860469325 -3.7171337553424317 10
    endloop
  endfacet
  facet normal -0.4617486132350345 -0.8870108331782215 0
    outer loop
      vertex -1.995254141840036 -3.7525272696504395 0
      vertex -1.9294596238930737 -3.7867777278005637 10
      vertex -1.995254141840036 -3.7525272696504395 10
    endloop
  endfacet
  facet normal -0.44619781310981016 -0.8949343616020243 0
    outer loop
      vertex -1.9294596238930737 -3.7867777278005637 0
      vertex -1.8630773738535789 -3.81987469677146 10
      vertex -1.9294596238930737 -3.7867777278005637 10
    endloop
  endfacet
  facet normal -0.4146932426562396 -0.909961270876543 0
    outer loop
      vertex -1.7961276123979726 -3.851808094905762 0
      vertex -1.7286307330721509 -3.8825681949810535 10
      vertex -1.7961276123979726 -3.851808094905762 10
    endloop
  endfacet
  facet normal -0.43051109680828864 -0.9025852843498637 0
    outer loop
      vertex -1.8630773738535789 -3.81987469677146 0
      vertex -1.7961276123979726 -3.851808094905762 10
      vertex -1.8630773738535789 -3.81987469677146 10
    endloop
  endfacet
  facet normal -0.3987490689252525 -0.9170600743851214 0
    outer loop
      vertex -1.7286307330721509 -3.8825681949810535 0
      vertex -1.6606072960794136 -3.9121456271728716 10
      vertex -1.7286307330721509 -3.8825681949810535 10
    endloop
  endfacet
  facet normal -0.3826834323650897 -0.9238795325112868 0
    outer loop
      vertex -1.6606072960794136 -3.9121456271728716 0
      vertex -1.592078022017626 -3.9405313819088468 10
      vertex -1.6606072960794136 -3.9121456271728716 10
    endloop
  endfacet
  facet normal -0.49242356010346433 -0.8703556959399014 0
    outer loop
      vertex -2.125 -3.680607966083864 0
      vertex -2.0604408860469325 -3.7171337553424317 10
      vertex -2.125 -3.680607966083864 10
    endloop
  endfacet
  facet normal -0.3338068592337723 -0.9426414910921779 0
    outer loop
      vertex -1.453585609134092 -3.993693638340111 0
      vertex -1.383664656442916 -4.018453946297097 10
      vertex -1.453585609134092 -3.993693638340111 10
    endloop
  endfacet
  facet normal -0.31730465640508027 -0.9483236552062033 0
    outer loop
      vertex -1.383664656442916 -4.018453946297097 0
      vertex -1.3133222260935264 -4.041990194254402 10
      vertex -1.383664656442916 -4.018453946297097 10
    endloop
  endfacet
  facet normal -0.3665012267242922 -0.9304175679820265 0
    outer loop
      vertex -1.592078022017626 -3.9405313819088468 0
      vertex -1.5230637855675262 -3.9677168126131073 10
      vertex -1.592078022017626 -3.9405313819088468 10
    endloop
  endfacet
  facet normal -0.3502073812594721 -0.936672189248396 0
    outer loop
      vertex -1.5230637855675262 -3.9677168126131073 0
      vertex -1.453585609134092 -3.993693638340111 10
      vertex -1.5230637855675262 -3.9677168126131073 10
    endloop
  endfacet
  facet normal -0.3007057995042735 -0.9537169507482267 0
    outer loop
      vertex -1.3133222260935264 -4.041990194254402 0
      vertex -1.2425797450716312 -4.0642952128429 10
      vertex -1.3133222260935264 -4.041990194254402 10
    endloop
  endfacet
  facet normal -0.2840153447039317 -0.9588197348681905 0
    outer loop
      vertex -1.2425797450716312 -4.0642952128429 0
      vertex -1.1714587622222465 -4.085362207737855 10
      vertex -1.2425797450716312 -4.0642952128429 10
    endloop
  endfacet
  facet normal -0.2672383760782544 -0.9636304532086236 0
    outer loop
      vertex -1.1714587622222465 -4.085362207737855 0
      vertex -1.0999809416857131 -4.10518476172854 10
      vertex -1.1714587622222465 -4.085362207737855 10
    endloop
  endfacet
  facet normal -0.2503800040544458 -0.9681476403781066 0
    outer loop
      vertex -1.0999809416857131 -4.10518476172854 0
      vertex -1.0281680562985878 -4.123756836672985 10
      vertex -1.0999809416857131 -4.10518476172854 10
    endloop
  endfacet
  facet normal -0.23344536385590295 -0.9723699203976773 0
    outer loop
      vertex -1.0281680562985878 -4.123756836672985 0
      vertex -0.9560419809614262 -4.14107277533725 10
      vertex -1.0281680562985878 -4.123756836672985 10
    endloop
  endfacet
  facet normal -0.21643961393810432 -0.976296007119933 0
    outer loop
      vertex -0.9560419809614262 -4.14107277533725 0
      vertex -0.8836246859754772 -4.157127303118674 10
      vertex -0.9560419809614262 -4.14107277533725 10
    endloop
  endfacet
  facet normal -0.19936793441719486 -0.97992470462083 0
    outer loop
      vertex -0.8836246859754772 -4.157127303118674 0
      vertex -0.8109382303503154 -4.171915529652572 10
      vertex -0.8836246859754772 -4.157127303118674 10
    endloop
  endfacet
  facet normal -0.18223552549214228 -0.9832549075639556 0
    outer loop
      vertex -0.8109382303503154 -4.171915529652572 0
      vertex -0.738004755084454 -4.185432950301884 10
      vertex -0.8109382303503154 -4.171915529652572 10
    endloop
  endfacet
  facet normal -0.1650476058606863 -0.9862856015372301 0
    outer loop
      vertex -0.738004755084454 -4.185432950301884 0
      vertex -0.6648464764209812 -4.197675447529336 10
      vertex -0.738004755084454 -4.185432950301884 10
    endloop
  endfacet
  facet normal -0.1478094111296116 -0.9890158633619167 0
    outer loop
      vertex -0.6648464764209812 -4.197675447529336 0
      vertex -0.5914856790802782 -4.208639292151674 10
      vertex -0.6648464764209812 -4.197675447529336 10
    endloop
  endfacet
  facet normal -0.13052619222004558 -0.9914448613738113 0
    outer loop
      vertex -0.5914856790802782 -4.208639292151674 0
      vertex -0.5179447094718768 -4.218321144475619 10
      vertex -0.5914856790802782 -4.208639292151674 10
    endloop
  endfacet
  facet normal -0.113203213767903 -0.993571855676588 0
    outer loop
      vertex -0.5179447094718768 -4.218321144475619 0
      vertex -0.44424596888752726 -4.226718055315161 10
      vertex -0.5179447094718768 -4.218321144475619 10
    endloop
  endfacet
  facet normal -0.09584575252022881 -0.9953961983671783 0
    outer loop
      vertex -0.44424596888752726 -4.226718055315161 0
      vertex -0.3704119066775472 -4.2338274668899185 10
      vertex -0.44424596888752726 -4.226718055315161 10
    endloop
  endfacet
  facet normal -0.07845909572784585 -0.9969173337331279 0
    outer loop
      vertex -0.3704119066775472 -4.2338274668899185 0
      vertex -0.2964650134125325 -4.239647213604253 10
      vertex -0.3704119066775472 -4.2338274668899185 10
    endloop
  endfacet
  facet normal -0.06104853953484887 -0.9981347984218675 0
    outer loop
      vertex -0.2964650134125325 -4.239647213604253 0
      vertex -0.2224278140325113 -4.244175522706938 10
      vertex -0.2964650134125325 -4.239647213604253 10
    endloop
  endfacet
  facet normal -0.04361938736534835 -0.9990482215818571 0
    outer loop
      vertex -0.2224278140325113 -4.244175522706938 0
      vertex -0.1483228609856291 -4.247411014831157 10
      vertex -0.2224278140325113 -4.244175522706938 10
    endloop
  endfacet
  facet normal -0.02617694830786596 -0.9996573249755576 0
    outer loop
      vertex -0.1483228609856291 -4.247411014831157 0
      vertex -0.07417272735845493 -4.249352704414663 10
      vertex -0.1483228609856291 -4.247411014831157 10
    endloop
  endfacet
  facet normal -0.008726535498375933 -0.9999619230641712 0
    outer loop
      vertex -0.07417272735845493 -4.249352704414663 0
      vertex 0 -4.25 10
      vertex -0.07417272735845493 -4.249352704414663 10
    endloop
  endfacet
  facet normal 0 0 1
    outer loop
      vertex -1.9294596238930737 -3.7867777278005637 10
      vertex -1.8630773738535789 -3.81987469677146 10
      vertex -1.9103105187622424 -1.9781844509312907 10
    endloop
  endfacet
  facet normal 0 0 1
    outer loop
      vertex -1.8630773738535789 -3.81987469677146 10
      vertex -1.7961276123979726 -3.851808094905762 10
      vertex -1.8401091674868602 -2.043648270062834 10
    endloop
  endfacet
  facet normal 0 0 1
    outer loop
      vertex -1.7961276123979726 -3.851808094905762 10
      vertex -1.7286307330721509 -3.8825681949810535 10
      vertex -1.7676659266379828 -2.1066222185771895 10
    endloop
  endfacet
  facet normal 0 0 1
    outer loop
      vertex -1.7286307330721509 -3.8825681949810535 10
      vertex -1.6606072960794136 -3.9121456271728716 10
      vertex -1.6930690571455602 -2.1670295724184854 10
    endloop
  endfacet
  facet normal 0 0 1
    outer loop
      vertex -1.6606072960794136 -3.9121456271728716 10
      vertex -1.592078022017626 -3.9405313819088468 10
      vertex -1.616409443804301 -2.2247967345311057 10
    endloop
  endfacet
  facet normal 0 0 1
    outer loop
      vertex -1.453585609134092 -3.993693638340111 10
      vertex -1.383664656442916 -4.018453946297097 10
      vertex -1.416354706002649 -2.357210076930809 10
    endloop
  endfacet
  facet normal 0 0 1
    outer loop
      vertex -1.383664656442916 -4.018453946297097 10
      vertex -1.3133222260935264 -4.041990194254402 10
      vertex -1.333226455677427 -2.4052041946333382 10
    endloop
  endfacet
  facet normal 0 0 1
    outer loop
      vertex -1.592078022017626 -3.9405313819088468 10
      vertex -1.5230637855675262 -3.9677168126131073 10
      vertex -1.5773351999653766 -2.2526681217947275 10
    endloop
  endfacet
  facet normal 0 0 1
    outer loop
      vertex -1.453585609134092 -3.993693638340111 10
      vertex -1.4977573462913245 -2.306344061849916 10
      vertex -1.5230637855675262 -3.9677168126131073 10
    endloop
  endfacet
  facet normal 0 0 1
    outer loop
      vertex -1.3133222260935264 -4.041990194254402 10
      vertex -1.2425797450716312 -4.0642952128429 10
      vertex -1.2910467976611997 -2.4281058803620494 10
    endloop
  endfacet
  facet normal 0 0 1
    outer loop
      vertex -1.2425797450716312 -4.0642952128429 10
      vertex -1.1714587622222465 -4.085362207737855 10
      vertex -1.205520653669963 -2.4716836273227094 10
    endloop
  endfacet
  facet normal 0 0 1
    outer loop
      vertex -1.0999809416857131 -4.10518476172854 10
      vertex -1.0281680562985878 -4.123756836672985 10
      vertex -1.074510603345503 -2.531388346994211 10
    endloop
  endfacet
  facet normal 0 0 1
    outer loop
      vertex -1.1714587622222465 -4.085362207737855 10
      vertex -1.0999809416857131 -4.10518476172854 10
      vertex -1.1185257684584506 -2.512250008517152 10
    endloop
  endfacet
  facet normal 0 0 1
    outer loop
      vertex -2.125 -3.680607966083864 10
      vertex -2.0604408860469325 -3.7171337553424317 10
      vertex -2.1066222185771895 -1.7676659266379828 10
    endloop
  endfacet
  facet normal 0 0 1
    outer loop
      vertex -1.995254141840036 -3.7525272696504395 10
      vertex -2.043648270062834 -1.8401091674868602 10
      vertex -2.0604408860469325 -3.7171337553424317 10
    endloop
  endfacet
  facet normal 0 0 1
    outer loop
      vertex -1.995254141840036 -3.7525272696504395 10
      vertex -1.9294596238930737 -3.7867777278005637 10
      vertex -1.9781844509312907 -1.9103105187622424 10
    endloop
  endfacet
  facet normal 0 0 1
    outer loop
      vertex -1.7961276123979726 -3.851808094905762 10
      vertex -1.8041623297238951 -2.075451345612623 10
      vertex -1.8401091674868602 -2.043648270062834 10
    endloop
  endfacet
  facet normal 0 0 1
    outer loop
      vertex -1.7961276123979726 -3.851808094905762 10
      vertex -1.7676659266379828 -2.1066222185771895 10
      vertex -1.8041623297238951 -2.075451345612623 10
    endloop
  endfacet
  facet normal 0 0 1
    outer loop
      vertex -1.7286307330721509 -3.8825681949810535 10
      vertex -1.7306310753870529 -2.13715139400667 10
      vertex -1.7676659266379828 -2.1066222185771895 10
    endloop
  endfacet
  facet normal 0 0 1
    outer loop
      vertex -1.592078022017626 -3.9405313819088468 10
      vertex -1.5773351999653766 -2.2526681217947275 10
      vertex -1.616409443804301 -2.2247967345311057 10
    endloop
  endfacet
  facet normal 0 0 1
    outer loop
      vertex -1.7286307330721509 -3.8825681949810535 10
      vertex -1.6930690571455602 -2.1670295724184854 10
      vertex -1.7306310753870529 -2.13715139400667 10
    endloop
  endfacet
  facet normal 0 0 1
    outer loop
      vertex -1.6606072960794136 -3.9121456271728716 10
      vertex -1.6549913136681327 -2.1962476526300554 10
      vertex -1.6930690571455602 -2.1670295724184854 10
    endloop
  endfacet
  facet normal 0 0 1
    outer loop
      vertex -1.6606072960794136 -3.9121456271728716 10
      vertex -1.616409443804301 -2.2247967345311057 10
      vertex -1.6549913136681327 -2.1962476526300554 10
    endloop
  endfacet
  facet normal 0 0 1
    outer loop
      vertex -2.125 -3.680607966083864 10
      vertex -2.1066222185771895 -1.7676659266379828 10
      vertex -2.13715139400667 -1.7306310753870529 10
    endloop
  endfacet
  facet normal 0 0 1
    outer loop
      vertex -2.0604408860469325 -3.7171337553424317 10
      vertex -2.075451345612623 -1.8041623297238951 10
      vertex -2.1066222185771895 -1.7676659266379828 10
    endloop
  endfacet
  facet normal 0 0 1
    outer loop
      vertex -2.0604408860469325 -3.7171337553424317 10
      vertex -2.043648270062834 -1.8401091674868602 10
      vertex -2.075451345612623 -1.8041623297238951 10
    endloop
  endfacet
  facet normal 0 0 1
    outer loop
      vertex -1.995254141840036 -3.7525272696504395 10
      vertex -1.9781844509312907 -1.9103105187622424 10
      vertex -2.0112226794527186 -1.8754954901718708 10
    endloop
  endfacet
  facet normal 0 0 1
    outer loop
      vertex -1.995254141840036 -3.7525272696504395 10
      vertex -2.0112226794527186 -1.8754954901718708 10
      vertex -2.043648270062834 -1.8401091674868602 10
    endloop
  endfacet
  facet normal 0 0 1
    outer loop
      vertex -1.9294596238930737 -3.7867777278005637 10
      vertex -1.9103105187622424 -1.9781844509312907 10
      vertex -1.9445436482630059 -1.9445436482630059 10
    endloop
  endfacet
  facet normal 0 0 1
    outer loop
      vertex -1.9294596238930737 -3.7867777278005637 10
      vertex -1.9445436482630059 -1.9445436482630059 10
      vertex -1.9781844509312907 -1.9103105187622424 10
    endloop
  endfacet
  facet normal 0 0 1
    outer loop
      vertex -1.8630773738535789 -3.81987469677146 10
      vertex -1.8401091674868602 -2.043648270062834 10
      vertex -1.8754954901718708 -2.0112226794527186 10
    endloop
  endfacet
  facet normal 0 0 1
    outer loop
      vertex -1.8630773738535789 -3.81987469677146 10
      vertex -1.8754954901718708 -2.0112226794527186 10
      vertex -1.9103105187622424 -1.9781844509312907 10
    endloop
  endfacet
  facet normal 0 0 1
    outer loop
      vertex -1.383664656442916 -4.018453946297097 10
      vertex -1.333226455677427 -2.4052041946333382 10
      vertex -1.375 -2.381569860407206 10
    endloop
  endfacet
  facet normal 0 0 1
    outer loop
      vertex -1.5230637855675262 -3.9677168126131073 10
      vertex -1.537780484544554 -2.2798533245263646 10
      vertex -1.5773351999653766 -2.2526681217947275 10
    endloop
  endfacet
  facet normal 0 0 1
    outer loop
      vertex -1.453585609134092 -3.993693638340111 10
      vertex -1.4572779766413135 -2.332132264430171 10
      vertex -1.4977573462913245 -2.306344061849916 10
    endloop
  endfacet
  facet normal 0 0 1
    outer loop
      vertex -1.5230637855675262 -3.9677168126131073 10
      vertex -1.4977573462913245 -2.306344061849916 10
      vertex -1.537780484544554 -2.2798533245263646 10
    endloop
  endfacet
  facet normal 0 0 1
    outer loop
      vertex -1.453585609134092 -3.993693638340111 10
      vertex -1.416354706002649 -2.357210076930809 10
      vertex -1.4572779766413135 -2.332132264430171 10
    endloop
  endfacet
  facet normal 0 0 1
    outer loop
      vertex -1.383664656442916 -4.018453946297097 10
      vertex -1.375 -2.381569860407206 10
      vertex -1.416354706002649 -2.357210076930809 10
    endloop
  endfacet
  facet normal 0 0 1
    outer loop
      vertex -1.3133222260935264 -4.041990194254402 10
      vertex -1.2910467976611997 -2.4281058803620494 10
      vertex -1.333226455677427 -2.4052041946333382 10
    endloop
  endfacet
  facet normal 0 0 1
    outer loop
      vertex -1.2425797450716312 -4.0642952128429 10
      vertex -1.205520653669963 -2.4716836273227094 10
      vertex -1.2484738742837536 -2.4502679415180117 10
    endloop
  endfacet
  facet normal 0 0 1
    outer loop
      vertex -1.2425797450716312 -4.0642952128429 10
      vertex -1.2484738742837536 -2.4502679415180117 10
      vertex -1.2910467976611997 -2.4281058803620494 10
    endloop
  endfacet
  facet normal 0 0 1
    outer loop
      vertex -1.1714587622222465 -4.085362207737855 10
      vertex -1.1622002197869234 -2.4923464143507874 10
      vertex -1.205520653669963 -2.4716836273227094 10
    endloop
  endfacet
  facet normal 0 0 1
    outer loop
      vertex -1.1714587622222465 -4.085362207737855 10
      vertex -1.1185257684584506 -2.512250008517152 10
      vertex -1.1622002197869234 -2.4923464143507874 10
    endloop
  endfacet
  facet normal 0 0 1
    outer loop
      vertex -1.0999809416857131 -4.10518476172854 10
      vertex -1.074510603345503 -2.531388346994211 10
      vertex -1.1185257684584506 -2.512250008517152 10
    endloop
  endfacet
  facet normal 0 0 1
    outer loop
      vertex -1.0281680562985878 -4.123756836672985 10
      vertex -0.9560419809614262 -4.14107277533725 10
      vertex -0.9855118612495757 -2.5673461728673046 10
    endloop
  endfacet
  facet normal 0 0 1
    outer loop
      vertex -0.9560419809614262 -4.14107277533725 10
      vertex -0.8836246859754772 -4.157127303118674 10
      vertex -0.940555394145589 -2.584154707161248 10
    endloop
  endfacet
  facet normal 0 0 1
    outer loop
      vertex -0.8836246859754772 -4.157127303118674 10
      vertex -0.8109382303503154 -4.171915529652572 10
      vertex -0.8497967345311054 -2.615405419811672 10
    endloop
  endfacet
  facet normal 0 0 1
    outer loop
      vertex -0.8109382303503154 -4.171915529652572 10
      vertex -0.738004755084454 -4.185432950301884 10
      vertex -0.7580027284967477 -2.643469663830377 10
    endloop
  endfacet
  facet normal 0 0 1
    outer loop
      vertex -0.738004755084454 -4.185432950301884 10
      vertex -0.6648464764209812 -4.197675447529336 10
      vertex -0.711752374031932 -2.6562960222949377 10
    endloop
  endfacet
  facet normal 0 0 1
    outer loop
      vertex -0.6648464764209812 -4.197675447529336 10
      vertex -0.5914856790802782 -4.208639292151674 10
      vertex -0.6186153994456287 -2.679517678159397 10
    endloop
  endfacet
  facet normal 0 0 1
    outer loop
      vertex -0.5914856790802782 -4.208639292151674 10
      vertex -0.5179447094718768 -4.218321144475619 10
      vertex -0.5717571497488382 -2.6899059020179656 10
    endloop
  endfacet
  facet normal 0 0 1
    outer loop
      vertex -0.5914856790802782 -4.208639292151674 10
      vertex -0.5717571497488382 -2.6899059020179656 10
      vertex -0.6186153994456287 -2.679517678159397 10
    endloop
  endfacet
  facet normal 0 0 1
    outer loop
      vertex -0.5179447094718768 -4.218321144475619 10
      vertex -0.5247247372854982 -2.6994747544810758 10
      vertex -0.5717571497488382 -2.6899059020179656 10
    endloop
  endfacet
  facet normal 0 0 1
    outer loop
      vertex -0.44424596888752726 -4.226718055315161 10
      vertex -0.3704119066775472 -4.2338274668899185 10
      vertex -0.4301947788606349 -2.7161429366366288 10
    endloop
  endfacet
  facet normal 0 0 1
    outer loop
      vertex -0.3704119066775472 -4.2338274668899185 10
      vertex -0.2964650134125325 -4.239647213604253 10
      vertex -0.33514069436415556 -2.7295019170136356 10
    endloop
  endfacet
  facet normal 0 0 1
    outer loop
      vertex -0.2964650134125325 -4.239647213604253 10
      vertex -0.2224278140325113 -4.244175522706938 10
      vertex -0.23967829255605996 -2.7395354197523 10
    endloop
  endfacet
  facet normal 0 0 1
    outer loop
      vertex -0.2224278140325113 -4.244175522706938 10
      vertex -0.1483228609856291 -4.247411014831157 10
      vertex -0.19183030279634458 -2.7433011382145165 10
    endloop
  endfacet
  facet normal 0 0 1
    outer loop
      vertex -0.1483228609856291 -4.247411014831157 10
      vertex -0.07417272735845493 -4.249352704414663 10
      vertex -0.09597361593187767 -2.7483247743025134 10
    endloop
  endfacet
  facet normal 0 0 1
    outer loop
      vertex -0.07417272735845493 -4.249352704414663 10
      vertex 0 -4.25 10
      vertex -0.047994117702529655 -2.749581161680076 10
    endloop
  endfacet
  facet normal 0 0 1
    outer loop
      vertex -0.5179447094718768 -4.218321144475619 10
      vertex -0.44424596888752726 -4.226718055315161 10
      vertex -0.4775324885840584 -2.708221320783572 10
    endloop
  endfacet
  facet normal 0 0 1
    outer loop
      vertex -0.5179447094718768 -4.218321144475619 10
      vertex -0.4775324885840584 -2.708221320783572 10
      vertex -0.5247247372854982 -2.6994747544810758 10
    endloop
  endfacet
  facet normal 0 0 1
    outer loop
      vertex -0.44424596888752726 -4.226718055315161 10
      vertex -0.4301947788606349 -2.7161429366366288 10
      vertex -0.4775324885840584 -2.708221320783572 10
    endloop
  endfacet
  facet normal 0 0 1
    outer loop
      vertex -0.3704119066775472 -4.2338274668899185 10
      vertex -0.38272602764017993 -2.7232371890393186 10
      vertex -0.4301947788606349 -2.7161429366366288 10
    endloop
  endfacet
  facet normal 0 0 1
    outer loop
      vertex -0.3704119066775472 -4.2338274668899185 10
      vertex -0.33514069436415556 -2.7295019170136356 10
      vertex -0.38272602764017993 -2.7232371890393186 10
    endloop
  endfacet
  facet normal 0 0 1
    outer loop
      vertex -0.2964650134125325 -4.239647213604253 10
      vertex -0.28745327398604703 -2.7349352122627515 10
      vertex -0.33514069436415556 -2.7295019170136356 10
    endloop
  endfacet
  facet normal 0 0 1
    outer loop
      vertex -0.2964650134125325 -4.239647213604253 10
      vertex -0.23967829255605996 -2.7395354197523 10
      vertex -0.28745327398604703 -2.7349352122627515 10
    endloop
  endfacet
  facet normal 0 0 1
    outer loop
      vertex -0.2224278140325113 -4.244175522706938 10
      vertex -0.19183030279634458 -2.7433011382145165 10
      vertex -0.23967829255605996 -2.7395354197523 10
    endloop
  endfacet
  facet normal 0 0 1
    outer loop
      vertex -0.1483228609856291 -4.247411014831157 10
      vertex -0.14392387966809556 -2.746231220575078 10
      vertex -0.19183030279634458 -2.7433011382145165 10
    endloop
  endfacet
  facet normal 0 0 1
    outer loop
      vertex -0.1483228609856291 -4.247411014831157 10
      vertex -0.09597361593187767 -2.7483247743025134 10
      vertex -0.14392387966809556 -2.746231220575078 10
    endloop
  endfacet
  facet normal 0 0 1
    outer loop
      vertex -0.07417272735845493 -4.249352704414663 10
      vertex -0.047994117702529655 -2.749581161680076 10
      vertex -0.09597361593187767 -2.7483247743025134 10
    endloop
  endfacet
  facet normal 0 0 1
    outer loop
      vertex 0 -4.25 10
      vertex 0 -2.75 10
      vertex -0.047994117702529655 -2.749581161680076 10
    endloop
  endfacet
  facet normal 0 0 1
    outer loop
      vertex -1.0281680562985878 -4.123756836672985 10
      vertex -1.030168131893758 -2.549755600058665 10
      vertex -1.074510603345503 -2.531388346994211 10
    endloop
  endfacet
  facet normal 0 0 1
    outer loop
      vertex -1.0281680562985878 -4.123756836672985 10
      vertex -0.9855118612495757 -2.5673461728673046 10
      vertex -1.030168131893758 -2.549755600058665 10
    endloop
  endfacet
  facet normal 0 0 1
    outer loop
      vertex -0.9560419809614262 -4.14107277533725 10
      vertex -0.940555394145589 -2.584154707161248 10
      vertex -0.9855118612495757 -2.5673461728673046 10
    endloop
  endfacet
  facet normal 0 0 1
    outer loop
      vertex -0.8836246859754772 -4.157127303118674 10
      vertex -0.8497967345311054 -2.615405419811672 10
      vertex -0.8953124247571809 -2.6001760828981215 10
    endloop
  endfacet
  facet normal 0 0 1
    outer loop
      vertex -0.8836246859754772 -4.157127303118674 10
      vertex -0.8953124247571809 -2.6001760828981215 10
      vertex -0.940555394145589 -2.584154707161248 10
    endloop
  endfacet
  facet normal 0 0 1
    outer loop
      vertex -0.8109382303503154 -4.171915529652572 10
      vertex -0.8040221879875261 -2.6298380788983473 10
      vertex -0.8497967345311054 -2.615405419811672 10
    endloop
  endfacet
  facet normal 0 0 1
    outer loop
      vertex -0.8109382303503154 -4.171915529652572 10
      vertex -0.7580027284967477 -2.643469663830377 10
      vertex -0.8040221879875261 -2.6298380788983473 10
    endloop
  endfacet
  facet normal 0 0 1
    outer loop
      vertex -0.738004755084454 -4.185432950301884 10
      vertex -0.711752374031932 -2.6562960222949377 10
      vertex -0.7580027284967477 -2.643469663830377 10
    endloop
  endfacet
  facet normal 0 0 1
    outer loop
      vertex -0.6648464764209812 -4.197675447529336 10
      vertex -0.6652852128990863 -2.66831324725899 10
      vertex -0.711752374031932 -2.6562960222949377 10
    endloop
  endfacet
  facet normal 0 0 1
    outer loop
      vertex -0.6648464764209812 -4.197675447529336 10
      vertex -0.6186153994456287 -2.679517678159397 10
      vertex -0.6652852128990863 -2.66831324725899 10
    endloop
  endfacet
  facet normal 0 0 -1
    outer loop
      vertex -4.249352704414663 -0.07417272735845493 0
      vertex -4.25 0 0
      vertex -4.249352704414663 0.07417272735845493 0
    endloop
  endfacet
  facet normal 0 0 -1
    outer loop
      vertex -4.249352704414663 -0.07417272735845493 0
      vertex -4.249352704414663 0.07417272735845493 0
      vertex -4.247411014831157 0.1483228609856291 0
    endloop
  endfacet
  facet normal 0 0 -1
    outer loop
      vertex -4.247411014831157 -0.1483228609856291 0
      vertex -4.247411014831157 0.1483228609856291 0
      vertex -4.244175522706938 0.2224278140325113 0
    endloop
  endfacet
  facet normal 0 0 -1
    outer loop
      vertex -4.244175522706938 -0.2224278140325113 0
      vertex -4.244175522706938 0.2224278140325113 0
      vertex -4.239647213604253 0.2964650134125325 0
    endloop
  endfacet
  facet normal 0 0 -1
    outer loop
      vertex -4.239647213604253 -0.2964650134125325 0
      vertex -4.239647213604253 0.2964650134125325 0
      vertex -4.2338274668899185 0.3704119066775472 0
    endloop
  endfacet
  facet normal 0 0 -1
    outer loop
      vertex -4.2338274668899185 -0.3704119066775472 0
      vertex -4.2338274668899185 0.3704119066775472 0
      vertex -4.226718055315161 0.44424596888752726 0
    endloop
  endfacet
  facet normal 0 0 -1
    outer loop
      vertex -4.226718055315161 -0.44424596888752726 0
      vertex -4.226718055315161 0.44424596888752726 0
      vertex -4.218321144475619 0.5179447094718768 0
    endloop
  endfacet
  facet normal 0 0 -1
    outer loop
      vertex -4.218321144475619 -0.5179447094718768 0
      vertex -4.218321144475619 0.5179447094718768 0
      vertex -4.208639292151674 0.5914856790802782 0
    endloop
  endfacet
  facet normal 0 0 -1
    outer loop
      vertex -4.208639292151674 -0.5914856790802782 0
      vertex -4.208639292151674 0.5914856790802782 0
      vertex -4.197675447529336 0.6648464764209812 0
    endloop
  endfacet
  facet normal 0 0 -1
    outer loop
      vertex -4.197675447529336 -0.6648464764209812 0
      vertex -4.197675447529336 0.6648464764209812 0
      vertex -4.185432950301884 0.738004755084454 0
    endloop
  endfacet
  facet normal 0 0 -1
    outer loop
      vertex -4.185432950301884 -0.738004755084454 0
      vertex -4.185432950301884 0.738004755084454 0
      vertex -4.171915529652572 0.8109382303503154 0
    endloop
  endfacet
  facet normal 0 0 -1
    outer loop
      vertex -4.171915529652572 -0.8109382303503154 0
      vertex -4.171915529652572 0.8109382303503154 0
      vertex -4.157127303118674 0.8836246859754772 0
    endloop
  endfacet
  facet normal 0 0 -1
    outer loop
      vertex -4.157127303118674 -0.8836246859754772 0
      vertex -4.157127303118674 0.8836246859754772 0
      vertex -4.14107277533725 0.9560419809614262 0
    endloop
  endfacet
  facet normal 0 0 -1
    outer loop
      vertex -4.14107277533725 -0.9560419809614262 0
      vertex -4.14107277533725 0.9560419809614262 0
      vertex -4.123756836672985 1.0281680562985878 0
    endloop
  endfacet
  facet normal 0 0 -1
    outer loop
      vertex -4.123756836672985 -1.0281680562985878 0
      vertex -4.123756836672985 1.0281680562985878 0
      vertex -4.10518476172854 1.0999809416857131 0
    endloop
  endfacet
  facet normal 0 0 -1
    outer loop
      vertex -4.10518476172854 -1.0999809416857131 0
      vertex -4.10518476172854 1.0999809416857131 0
      vertex -4.085362207737855 1.1714587622222465 0
    endloop
  endfacet
  facet normal 0 0 -1
    outer loop
      vertex -4.085362207737855 -1.1714587622222465 0
      vertex -4.085362207737855 1.1714587622222465 0
      vertex -4.0642952128429 1.2425797450716312 0
    endloop
  endfacet
  facet normal 0 0 -1
    outer loop
      vertex -4.0642952128429 -1.2425797450716312 0
      vertex -4.0642952128429 1.2425797450716312 0
      vertex -4.041990194254402 1.3133222260935264 0
    endloop
  endfacet
  facet normal 0 0 -1
    outer loop
      vertex -4.041990194254402 -1.3133222260935264 0
      vertex -4.041990194254402 1.3133222260935264 0
      vertex -4.018453946297097 1.383664656442916 0
    endloop
  endfacet
  facet normal 0 0 -1
    outer loop
      vertex -4.018453946297097 -1.383664656442916 0
      vertex -4.018453946297097 1.383664656442916 0
      vertex -3.993693638340111 1.453585609134092 0
    endloop
  endfacet
  facet normal 0 0 -1
    outer loop
      vertex -3.993693638340111 -1.453585609134092 0
      vertex -3.993693638340111 1.453585609134092 0
      vertex -3.9677168126131073 1.5230637855675262 0
    endloop
  endfacet
  facet normal 0 0 -1
    outer loop
      vertex -3.9677168126131073 -1.5230637855675262 0
      vertex -3.9677168126131073 1.5230637855675262 0
      vertex -3.9405313819088468 1.592078022017626 0
    endloop
  endfacet
  facet normal 0 0 -1
    outer loop
      vertex -3.9405313819088468 -1.592078022017626 0
      vertex -3.9405313819088468 1.592078022017626 0
      vertex -3.9121456271728716 1.6606072960794136 0
    endloop
  endfacet
  facet normal 0 0 -1
    outer loop
      vertex -3.9121456271728716 -1.6606072960794136 0
      vertex -3.9121456271728716 1.6606072960794136 0
      vertex -3.8825681949810535 1.7286307330721509 0
    endloop
  endfacet
  facet normal 0 0 -1
    outer loop
      vertex -3.8825681949810535 -1.7286307330721509 0
      vertex -3.8825681949810535 1.7286307330721509 0
      vertex -3.851808094905762 1.7961276123979726 0
    endloop
  endfacet
  facet normal 0 0 -1
    outer loop
      vertex -3.851808094905762 -1.7961276123979726 0
      vertex -3.851808094905762 1.7961276123979726 0
      vertex -3.81987469677146 1.8630773738535789 0
    endloop
  endfacet
  facet normal 0 0 -1
    outer loop
      vertex -3.81987469677146 -1.8630773738535789 0
      vertex -3.81987469677146 1.8630773738535789 0
      vertex -3.7867777278005637 1.9294596238930737 0
    endloop
  endfacet
  facet normal 0 0 -1
    outer loop
      vertex -3.7867777278005637 -1.9294596238930737 0
      vertex -3.7867777278005637 1.9294596238930737 0
      vertex -3.7525272696504395 1.995254141840036 0
    endloop
  endfacet
  facet normal 0 0 -1
    outer loop
      vertex -3.7525272696504395 -1.995254141840036 0
      vertex -3.7525272696504395 1.995254141840036 0
      vertex -3.7171337553424317 2.0604408860469325 0
    endloop
  endfacet
  facet normal 0 0 -1
    outer loop
      vertex -3.2556888832556568 -2.731847341167792 0
      vertex -3.2556888832556568 2.731847341167792 0
      vertex -3.25 0 0
    endloop
  endfacet
  facet normal 0 0 -1
    outer loop
      vertex -3.7171337553424317 -2.0604408860469325 0
      vertex -3.7171337553424317 2.0604408860469325 0
      vertex -3.680607966083864 2.125 0
    endloop
  endfacet
  facet normal 0 0 -1
    outer loop
      vertex -3.680607966083864 -2.125 0
      vertex -3.680607966083864 2.125 0
      vertex -3.6429610279839775 2.18891181836773 0
    endloop
  endfacet
  facet normal 0 0 -1
    outer loop
      vertex -3.6429610279839775 -2.18891181836773 0
      vertex -3.6429610279839775 2.18891181836773 0
      vertex -3.60420440866481 2.252156872991121 0
    endloop
  endfacet
  facet normal 0 0 -1
    outer loop
      vertex -3.60420440866481 -2.252156872991121 0
      vertex -3.60420440866481 2.252156872991121 0
      vertex -3.5643499137680523 2.314715898813865 0
    endloop
  endfacet
  facet normal 0 0 -1
    outer loop
      vertex -3.5643499137680523 -2.314715898813865 0
      vertex -3.5643499137680523 2.314715898813865 0
      vertex -3.523409683358927 2.3765698397506743 0
    endloop
  endfacet
  facet normal 0 0 -1
    outer loop
      vertex -3.523409683358927 -2.3765698397506743 0
      vertex -3.523409683358927 2.3765698397506743 0
      vertex -3.481396188228215 2.437699854491946 0
    endloop
  endfacet
  facet normal 0 0 -1
    outer loop
      vertex -3.481396188228215 -2.437699854491946 0
      vertex -3.481396188228215 2.437699854491946 0
      vertex -3.4383222260935264 2.498087322243011 0
    endloop
  endfacet
  facet normal 0 0 -1
    outer loop
      vertex -3.4383222260935264 -2.498087322243011 0
      vertex -3.4383222260935264 2.498087322243011 0
      vertex -3.3942009177009944 2.557713848396205 0
    endloop
  endfacet
  facet normal 0 0 -1
    outer loop
      vertex -3.3942009177009944 -2.557713848396205 0
      vertex -3.3942009177009944 2.557713848396205 0
      vertex -3.349045702828568 2.616561270134048 0
    endloop
  endfacet
  facet normal 0 0 -1
    outer loop
      vertex -3.349045702828568 -2.616561270134048 0
      vertex -3.349045702828568 2.616561270134048 0
      vertex -3.302870336192126 2.674611661961809 0
    endloop
  endfacet
  facet normal 0 0 -1
    outer loop
      vertex -3.302870336192126 -2.674611661961809 0
      vertex -3.302870336192126 2.674611661961809 0
      vertex -3.2556888832556568 2.731847341167792 0
    endloop
  endfacet
  facet normal 0 0 -1
    outer loop
      vertex -3.2556888832556568 2.731847341167792 0
      vertex -3.2495050092582716 0.056720320921171415 0
      vertex -3.25 0 0
    endloop
  endfacet
  facet normal 0 0 -1
    outer loop
      vertex -3.2556888832556568 2.731847341167792 0
      vertex -3.2480201878120614 0.11342336428312814 0
      vertex -3.2495050092582716 0.056720320921171415 0
    endloop
  endfacet
  facet normal 0 0 -1
    outer loop
      vertex -3.2556888832556568 2.731847341167792 0
      vertex -3.245545987952365 0.17009185778956745 0
      vertex -3.2480201878120614 0.11342336428312814 0
    endloop
  endfacet
  facet normal 0 0 -1
    outer loop
      vertex -3.2556888832556568 2.731847341167792 0
      vertex -3.2420831633444287 0.22670853966840723 0
      vertex -3.245545987952365 0.17009185778956745 0
    endloop
  endfacet
  facet normal 0 0 -1
    outer loop
      vertex -3.2556888832556568 2.731847341167792 0
      vertex -3.237632768798173 0.28325616392988906 0
      vertex -3.2420831633444287 0.22670853966840723 0
    endloop
  endfacet
  facet normal 0 0 -1
    outer loop
      vertex -3.2556888832556568 2.731847341167792 0
      vertex -3.2321961599468882 0.3397175056198738 0
      vertex -3.237632768798173 0.28325616392988906 0
    endloop
  endfacet
  facet normal 0 0 -1
    outer loop
      vertex -3.207515715946781 2.788250873209656 0
      vertex -3.2257749928342965 0.3960753660667293 0
      vertex -3.2321961599468882 0.3397175056198738 0
    endloop
  endfacet
  facet normal 0 0 -1
    outer loop
      vertex -3.207515715946781 2.788250873209656 0
      vertex -3.2183712234101036 0.4523125781202127 0
      vertex -3.2257749928342965 0.3960753660667293 0
    endloop
  endfacet
  facet normal 0 0 -1
    outer loop
      vertex -3.207515715946781 2.788250873209656 0
      vertex -3.209987106934198 0.5084120113807503 0
      vertex -3.2183712234101036 0.4523125781202127 0
    endloop
  endfacet
  facet normal 0 0 -1
    outer loop
      vertex -3.207515715946781 2.788250873209656 0
      vertex -3.200625197289676 0.5643565774175235 0
      vertex -3.209987106934198 0.5084120113807503 0
    endloop
  endfacet
  facet normal 0 0 -1
    outer loop
      vertex -3.207515715946781 2.788250873209656 0
      vertex -3.190288346204908 0.6201292349737706 0
      vertex -3.200625197289676 0.5643565774175235 0
    endloop
  endfacet
  facet normal 0 0 -1
    outer loop
      vertex -3.207515715946781 2.788250873209656 0
      vertex -3.1789797023848685 0.6757129951577179 0
      vertex -3.190288346204908 0.6201292349737706 0
    endloop
  endfacet
  facet normal 0 0 -1
    outer loop
      vertex -3.2556888832556568 2.731847341167792 0
      vertex -3.207515715946781 2.788250873209656 0
      vertex -3.2321961599468882 0.3397175056198738 0
    endloop
  endfacet
  facet normal 0 0 -1
    outer loop
      vertex -3.1583655082789255 2.8438050770251477 0
      vertex -3.1667027105520145 0.7310909266175613 0
      vertex -3.1789797023848685 0.6757129951577179 0
    endloop
  endfacet
  facet normal 0 0 -1
    outer loop
      vertex -3.1583655082789255 2.8438050770251477 0
      vertex -3.1534611103969885 0.7862461606989202 0
      vertex -3.1667027105520145 0.7310909266175613 0
    endloop
  endfacet
  facet normal 0 0 -1
    outer loop
      vertex -3.1583655082789255 2.8438050770251477 0
      vertex -3.139258935439472 0.8411618965831924 0
      vertex -3.1534611103969885 0.7862461606989202 0
    endloop
  endfacet
  facet normal 0 0 -1
    outer loop
      vertex -3.1082532318814744 2.8984930302656187 0
      vertex -3.1241005117995364 0.8958214064052473 0
      vertex -3.139258935439472 0.8411618965831924 0
    endloop
  endfacet
  facet normal 0 0 -1
    outer loop
      vertex -3.1082532318814744 2.8984930302656187 0
      vertex -3.107990456879865 0.9502080403488945 0
      vertex -3.1241005117995364 0.8958214064052473 0
    endloop
  endfacet
  facet normal 0 0 -1
    outer loop
      vertex -3.1082532318814744 2.8984930302656187 0
      vertex -3.090933677959249 1.004305231718579 0
      vertex -3.107990456879865 0.9502080403488945 0
    endloop
  endfacet
  facet normal 0 0 -1
    outer loop
      vertex -3.0571941514392678 2.9522980744507383 0
      vertex -3.0729353706977798 1.0580965019857593 0
      vertex -3.090933677959249 1.004305231718579 0
    endloop
  endfacet
  facet normal 0 0 -1
    outer loop
      vertex -3.0571941514392678 2.9522980744507383 0
      vertex -3.0540010175542025 1.1115654658084233 0
      vertex -3.0729353706977798 1.0580965019857593 0
    endloop
  endfacet
  facet normal 0 0 -1
    outer loop
      vertex -3.0571941514392678 2.9522980744507383 0
      vertex -3.0341363861159056 1.164695836022226 0
      vertex -3.0540010175542025 1.1115654658084233 0
    endloop
  endfacet
  facet normal 0 0 -1
    outer loop
      vertex -3.0052038200428273 3.0052038200428273 0
      vertex -3.0133475273420594 1.217471428601714 0
      vertex -3.0341363861159056 1.164695836022226 0
    endloop
  endfacet
  facet normal 0 0 -1
    outer loop
      vertex -3.0052038200428273 3.0052038200428273 0
      vertex -2.991640773720431 1.2698761675901398 0
      vertex -3.0133475273420594 1.217471428601714 0
    endloop
  endfacet
  facet normal 0 0 -1
    outer loop
      vertex -3.207515715946781 2.788250873209656 0
      vertex -3.1583655082789255 2.8438050770251477 0
      vertex -3.1789797023848685 0.6757129951577179 0
    endloop
  endfacet
  facet normal 0 0 -1
    outer loop
      vertex -3.0052038200428273 3.0052038200428273 0
      vertex -2.969022737338453 1.3218940899963507 0
      vertex -2.991640773720431 1.2698761675901398 0
    endloop
  endfacet
  facet normal 0 0 -1
    outer loop
      vertex -2.9522980744507383 3.0571941514392678 0
      vertex -2.9455003078691124 1.373509350657273 0
      vertex -2.969022737338453 1.3218940899963507 0
    endloop
  endfacet
  facet normal 0 0 -1
    outer loop
      vertex -2.9522980744507383 3.0571941514392678 0
      vertex -2.921080650472293 1.4247062270645015 0
      vertex -2.9455003078691124 1.373509350657273 0
    endloop
  endfacet
  facet normal 0 0 -1
    outer loop
      vertex -2.8984930302656187 3.1082532318814744 0
      vertex -2.895771203612196 1.475469124153527 0
      vertex -2.921080650472293 1.4247062270645015 0
    endloop
  endfacet
  facet normal 0 0 -1
    outer loop
      vertex -2.8984930302656187 3.1082532318814744 0
      vertex -2.8695796767915125 1.525782579054145 0
      vertex -2.895771203612196 1.475469124153527 0
    endloop
  endfacet
  facet normal 0 0 -1
    outer loop
      vertex -2.8438050770251477 3.1583655082789255 0
      vertex -2.842514048203036 1.5756312658005955 0
      vertex -2.8695796767915125 1.525782579054145 0
    endloop
  endfacet
  facet normal 0 0 -1
    outer loop
      vertex -2.8438050770251477 3.1583655082789255 0
      vertex -2.8145825622994254 1.625 0
      vertex -2.842514048203036 1.5756312658005955 0
    endloop
  endfacet
  facet normal -0.9999619230641712 0.008726535498375933 0
    outer loop
      vertex -4.25 0 0
      vertex -4.249352704414663 0.07417272735845493 10
      vertex -4.249352704414663 0.07417272735845493 0
    endloop
  endfacet
  facet normal -0.9996573249755576 0.02617694830786596 0
    outer loop
      vertex -4.249352704414663 0.07417272735845493 0
      vertex -4.247411014831157 0.1483228609856291 10
      vertex -4.247411014831157 0.1483228609856291 0
    endloop
  endfacet
  facet normal -0.9990482215818571 0.04361938736534835 0
    outer loop
      vertex -4.247411014831157 0.1483228609856291 0
      vertex -4.244175522706938 0.2224278140325113 10
      vertex -4.244175522706938 0.2224278140325113 0
    endloop
  endfacet
  facet normal -0.9981347984218675 0.06104853953484887 0
    outer loop
      vertex -4.244175522706938 0.2224278140325113 0
      vertex -4.239647213604253 0.2964650134125325 10
      vertex -4.239647213604253 0.2964650134125325 0
    endloop
  endfacet
  facet normal -0.9969173337331279 0.07845909572784585 0
    outer loop
      vertex -4.239647213604253 0.2964650134125325 0
      vertex -4.2338274668899185 0.3704119066775472 10
      vertex -4.2338274668899185 0.3704119066775472 0
    endloop
  endfacet
  facet normal -0.9953961983671783 0.09584575252022881 0
    outer loop
      vertex -4.2338274668899185 0.3704119066775472 0
      vertex -4.226718055315161 0.44424596888752726 10
      vertex -4.226718055315161 0.44424596888752726 0
    endloop
  endfacet
  facet normal -0.993571855676588 0.113203213767903 0
    outer loop
      vertex -4.226718055315161 0.44424596888752726 0
      vertex -4.218321144475619 0.5179447094718768 10
      vertex -4.218321144475619 0.5179447094718768 0
    endloop
  endfacet
  facet normal -0.9914448613738113 0.13052619222004558 0
    outer loop
      vertex -4.218321144475619 0.5179447094718768 0
      vertex -4.208639292151674 0.5914856790802782 10
      vertex -4.208639292151674 0.5914856790802782 0
    endloop
  endfacet
  facet normal -0.9890158633619167 0.1478094111296116 0
    outer loop
      vertex -4.208639292151674 0.5914856790802782 0
      vertex -4.197675447529336 0.6648464764209812 10
      vertex -4.197675447529336 0.6648464764209812 0
    endloop
  endfacet
  facet normal -0.9862856015372301 0.1650476058606863 0
    outer loop
      vertex -4.197675447529336 0.6648464764209812 0
      vertex -4.185432950301884 0.738004755084454 10
      vertex -4.185432950301884 0.738004755084454 0
    endloop
  endfacet
  facet normal -0.9832549075639556 0.18223552549214228 0
    outer loop
      vertex -4.185432950301884 0.738004755084454 0
      vertex -4.171915529652572 0.8109382303503154 10
      vertex -4.171915529652572 0.8109382303503154 0
    endloop
  endfacet
  facet normal -0.97992470462083 0.19936793441719486 0
    outer loop
      vertex -4.171915529652572 0.8109382303503154 0
      vertex -4.157127303118674 0.8836246859754772 10
      vertex -4.157127303118674 0.8836246859754772 0
    endloop
  endfacet
  facet normal -0.976296007119933 0.21643961393810432 0
    outer loop
      vertex -4.157127303118674 0.8836246859754772 0
      vertex -4.14107277533725 0.9560419809614262 10
      vertex -4.14107277533725 0.9560419809614262 0
    endloop
  endfacet
  facet normal -0.9723699203976773 0.23344536385590295 0
    outer loop
      vertex -4.14107277533725 0.9560419809614262 0
      vertex -4.123756836672985 1.0281680562985878 10
      vertex -4.123756836672985 1.0281680562985878 0
    endloop
  endfacet
  facet normal -0.9681476403781066 0.2503800040544458 0
    outer loop
      vertex -4.123756836672985 1.0281680562985878 0
      vertex -4.10518476172854 1.0999809416857131 10
      vertex -4.10518476172854 1.0999809416857131 0
    endloop
  endfacet
  facet normal -0.9636304532086236 0.2672383760782544 0
    outer loop
      vertex -4.10518476172854 1.0999809416857131 0
      vertex -4.085362207737855 1.1714587622222465 10
      vertex -4.085362207737855 1.1714587622222465 0
    endloop
  endfacet
  facet normal -0.9588197348681905 0.2840153447039317 0
    outer loop
      vertex -4.085362207737855 1.1714587622222465 0
      vertex -4.0642952128429 1.2425797450716312 10
      vertex -4.0642952128429 1.2425797450716312 0
    endloop
  endfacet
  facet normal -0.9537169507482267 0.3007057995042735 0
    outer loop
      vertex -4.0642952128429 1.2425797450716312 0
      vertex -4.041990194254402 1.3133222260935264 10
      vertex -4.041990194254402 1.3133222260935264 0
    endloop
  endfacet
  facet normal -0.9483236552062033 0.31730465640508027 0
    outer loop
      vertex -4.041990194254402 1.3133222260935264 0
      vertex -4.018453946297097 1.383664656442916 10
      vertex -4.018453946297097 1.383664656442916 0
    endloop
  endfacet
  facet normal -0.9426414910921779 0.3338068592337723 0
    outer loop
      vertex -4.018453946297097 1.383664656442916 0
      vertex -3.993693638340111 1.453585609134092 10
      vertex -3.993693638340111 1.453585609134092 0
    endloop
  endfacet
  facet normal -0.936672189248396 0.3502073812594721 0
    outer loop
      vertex -3.993693638340111 1.453585609134092 0
      vertex -3.9677168126131073 1.5230637855675262 10
      vertex -3.9677168126131073 1.5230637855675262 0
    endloop
  endfacet
  facet normal -0.9304175679820265 0.3665012267242922 0
    outer loop
      vertex -3.9677168126131073 1.5230637855675262 0
      vertex -3.9405313819088468 1.592078022017626 10
      vertex -3.9405313819088468 1.592078022017626 0
    endloop
  endfacet
  facet normal -0.9238795325112868 0.3826834323650897 0
    outer loop
      vertex -3.9405313819088468 1.592078022017626 0
      vertex -3.9121456271728716 1.6606072960794136 10
      vertex -3.9121456271728716 1.6606072960794136 0
    endloop
  endfacet
  facet normal -0.9170600743851214 0.3987490689252525 0
    outer loop
      vertex -3.9121456271728716 1.6606072960794136 0
      vertex -3.8825681949810535 1.7286307330721509 10
      vertex -3.8825681949810535 1.7286307330721509 0
    endloop
  endfacet
  facet normal -0.909961270876543 0.4146932426562396 0
    outer loop
      vertex -3.8825681949810535 1.7286307330721509 0
      vertex -3.851808094905762 1.7961276123979726 10
      vertex -3.851808094905762 1.7961276123979726 0
    endloop
  endfacet
  facet normal -0.9025852843498637 0.43051109680828864 0
    outer loop
      vertex -3.851808094905762 1.7961276123979726 0
      vertex -3.81987469677146 1.8630773738535789 10
      vertex -3.81987469677146 1.8630773738535789 0
    endloop
  endfacet
  facet normal -0.8949343616020243 0.44619781310981016 0
    outer loop
      vertex -3.81987469677146 1.8630773738535789 0
      vertex -3.7867777278005637 1.9294596238930737 10
      vertex -3.7867777278005637 1.9294596238930737 0
    endloop
  endfacet
  facet normal -0.8870108331782215 0.4617486132350345 0
    outer loop
      vertex -3.7867777278005637 1.9294596238930737 0
      vertex -3.7525272696504395 1.995254141840036 10
      vertex -3.7525272696504395 1.995254141840036 0
    endloop
  endfacet
  facet normal -0.878817112661963 0.47715876025961285 0
    outer loop
      vertex -3.7525272696504395 1.995254141840036 0
      vertex -3.7171337553424317 2.0604408860469325 10
      vertex -3.7171337553424317 2.0604408860469325 0
    endloop
  endfacet
  facet normal -0.8703556959399014 0.49242356010346433 0
    outer loop
      vertex -3.7171337553424317 2.0604408860469325 0
      vertex -3.680607966083864 2.125 10
      vertex -3.680607966083864 2.125 0
    endloop
  endfacet
  facet normal 0 0 -1
    outer loop
      vertex -3.1583655082789255 2.8438050770251477 0
      vertex -3.1082532318814744 2.8984930302656187 0
      vertex -3.139258935439472 0.8411618965831924 0
    endloop
  endfacet
  facet normal 0 0 -1
    outer loop
      vertex -3.1082532318814744 2.8984930302656187 0
      vertex -3.0571941514392678 2.9522980744507383 0
      vertex -3.090933677959249 1.004305231718579 0
    endloop
  endfacet
  facet normal 0 0 -1
    outer loop
      vertex -3.0571941514392678 2.9522980744507383 0
      vertex -3.0052038200428273 3.0052038200428273 0
      vertex -3.0341363861159056 1.164695836022226 0
    endloop
  endfacet
  facet normal 0 0 -1
    outer loop
      vertex -3.0052038200428273 3.0052038200428273 0
      vertex -2.9522980744507383 3.0571941514392678 0
      vertex -2.969022737338453 1.3218940899963507 0
    endloop
  endfacet
  facet normal 0 0 -1
    outer loop
      vertex -2.9522980744507383 3.0571941514392678 0
      vertex -2.8984930302656187 3.1082532318814744 0
      vertex -2.921080650472293 1.4247062270645015 0
    endloop
  endfacet
  facet normal 0 0 -1
    outer loop
      vertex -2.788250873209656 3.207515715946781 0
      vertex -2.785793727281865 1.673873743457676 0
      vertex -2.8145825622994254 1.625 0
    endloop
  endfacet
  facet normal 0 0 -1
    outer loop
      vertex -2.788250873209656 3.207515715946781 0
      vertex -2.7561563125083843 1.7222376087579159 0
      vertex -2.785793727281865 1.673873743457676 0
    endloop
  endfacet
  facet normal 0 0 -1
    outer loop
      vertex -2.731847341167792 3.2556888832556568 0
      vertex -2.7256793458226283 1.770076863798838 0
      vertex -2.7561563125083843 1.7222376087579159 0
    endloop
  endfacet
  facet normal 0 0 -1
    outer loop
      vertex -2.731847341167792 3.2556888832556568 0
      vertex -2.694372110803885 1.8173769362799275 0
      vertex -2.7256793458226283 1.770076863798838 0
    endloop
  endfacet
  facet normal 0 0 -1
    outer loop
      vertex -2.674611661961809 3.302870336192126 0
      vertex -2.6622441439392235 1.8641234181408997 0
      vertex -2.694372110803885 1.8173769362799275 0
    endloop
  endfacet
  facet normal 0 0 -1
    outer loop
      vertex -2.8984930302656187 3.1082532318814744 0
      vertex -2.8438050770251477 3.1583655082789255 0
      vertex -2.8695796767915125 1.525782579054145 0
    endloop
  endfacet
  facet normal 0 0 -1
    outer loop
      vertex -2.8438050770251477 3.1583655082789255 0
      vertex -2.788250873209656 3.207515715946781 0
      vertex -2.8145825622994254 1.625 0
    endloop
  endfacet
  facet normal 0 0 -1
    outer loop
      vertex -2.788250873209656 3.207515715946781 0
      vertex -2.731847341167792 3.2556888832556568 0
      vertex -2.7561563125083843 1.7222376087579159 0
    endloop
  endfacet
  facet normal 0 0 -1
    outer loop
      vertex -2.731847341167792 3.2556888832556568 0
      vertex -2.674611661961809 3.302870336192126 0
      vertex -2.694372110803885 1.8173769362799275 0
    endloop
  endfacet
  facet normal 0 0 -1
    outer loop
      vertex -2.674611661961809 3.302870336192126 0
      vertex -2.629305231718579 1.9103020699505378 0
      vertex -2.6622441439392235 1.8641234181408997 0
    endloop
  endfacet
  facet normal 0 0 -1
    outer loop
      vertex -2.616561270134048 3.349045702828568 0
      vertex -2.5955654076537016 1.955898825244157 0
      vertex -2.629305231718579 1.9103020699505378 0
    endloop
  endfacet
  facet normal 0 0 -1
    outer loop
      vertex -2.557713848396205 3.3942009177009944 0
      vertex -2.5610349492218463 2.0008997948083893 0
      vertex -2.5955654076537016 1.955898825244157 0
    endloop
  endfacet
  facet normal 0 0 -1
    outer loop
      vertex -2.557713848396205 3.3942009177009944 0
      vertex -2.525724374735155 2.0452912709119717 0
      vertex -2.5610349492218463 2.0008997948083893 0
    endloop
  endfacet
  facet normal 0 0 -1
    outer loop
      vertex -2.498087322243011 3.4383222260935264 0
      vertex -2.4896444401366784 2.0890597314812527 0
      vertex -2.525724374735155 2.0452912709119717 0
    endloop
  endfacet
  facet normal 0 0 -1
    outer loop
      vertex -2.498087322243011 3.4383222260935264 0
      vertex -2.452806135724009 2.1321918442191485 0
      vertex -2.4896444401366784 2.0890597314812527 0
    endloop
  endfacet
  facet normal 0 0 -1
    outer loop
      vertex -2.437699854491946 3.481396188228215 0
      vertex -2.4152206828015315 2.1746744706662895 0
      vertex -2.452806135724009 2.1321918442191485 0
    endloop
  endfacet
  facet normal 0 0 -1
    outer loop
      vertex -2.3765698397506743 3.523409683358927 0
      vertex -2.376899530262304 2.21649467020312 0
      vertex -2.4152206828015315 2.1746744706662895 0
    endloop
  endfacet
  facet normal 0 0 -1
    outer loop
      vertex -2.674611661961809 3.302870336192126 0
      vertex -2.616561270134048 3.349045702828568 0
      vertex -2.629305231718579 1.9103020699505378 0
    endloop
  endfacet
  facet normal 0 0 -1
    outer loop
      vertex -2.616561270134048 3.349045702828568 0
      vertex -2.557713848396205 3.3942009177009944 0
      vertex -2.5955654076537016 1.955898825244157 0
    endloop
  endfacet
  facet normal 0 0 -1
    outer loop
      vertex -2.557713848396205 3.3942009177009944 0
      vertex -2.498087322243011 3.4383222260935264 0
      vertex -2.525724374735155 2.0452912709119717 0
    endloop
  endfacet
  facet normal 0 0 -1
    outer loop
      vertex -2.498087322243011 3.4383222260935264 0
      vertex -2.437699854491946 3.481396188228215 0
      vertex -2.452806135724009 2.1321918442191485 0
    endloop
  endfacet
  facet normal 0 0 -1
    outer loop
      vertex -2.437699854491946 3.481396188228215 0
      vertex -2.3765698397506743 3.523409683358927 0
      vertex -2.4152206828015315 2.1746744706662895 0
    endloop
  endfacet
  facet normal 0 0 -1
    outer loop
      vertex -2.3765698397506743 3.523409683358927 0
      vertex -2.3378543511006162 2.257639703991741 0
      vertex -2.376899530262304 2.21649467020312 0
    endloop
  endfacet
  facet normal 0 0 -1
    outer loop
      vertex -2.314715898813865 3.5643499137680523 0
      vertex -2.29809703885628 2.29809703885628 0
      vertex -2.3378543511006162 2.257639703991741 0
    endloop
  endfacet
  facet normal 0 0 -1
    outer loop
      vertex -2.252156872991121 3.60420440866481 0
      vertex -2.257639703991741 2.3378543511006162 0
      vertex -2.29809703885628 2.29809703885628 0
    endloop
  endfacet
  facet normal 0 0 -1
    outer loop
      vertex -2.252156872991121 3.60420440866481 0
      vertex -2.21649467020312 2.376899530262304 0
      vertex -2.257639703991741 2.3378543511006162 0
    endloop
  endfacet
  facet normal 0 0 -1
    outer loop
      vertex -2.18891181836773 3.6429610279839775 0
      vertex -2.1746744706662895 2.4152206828015315 0
      vertex -2.21649467020312 2.376899530262304 0
    endloop
  endfacet
  facet normal 0 0 -1
    outer loop
      vertex -2.125 3.680607966083864 0
      vertex -2.1321918442191485 2.452806135724009 0
      vertex -2.1746744706662895 2.4152206828015315 0
    endloop
  endfacet
  facet normal 0 0 -1
    outer loop
      vertex -2.3765698397506743 3.523409683358927 0
      vertex -2.314715898813865 3.5643499137680523 0
      vertex -2.3378543511006162 2.257639703991741 0
    endloop
  endfacet
  facet normal 0 0 -1
    outer loop
      vertex -2.314715898813865 3.5643499137680523 0
      vertex -2.252156872991121 3.60420440866481 0
      vertex -2.29809703885628 2.29809703885628 0
    endloop
  endfacet
  facet normal 0 0 -1
    outer loop
      vertex -2.252156872991121 3.60420440866481 0
      vertex -2.18891181836773 3.6429610279839775 0
      vertex -2.21649467020312 2.376899530262304 0
    endloop
  endfacet
  facet normal 0 0 -1
    outer loop
      vertex -2.18891181836773 3.6429610279839775 0
      vertex -2.125 3.680607966083864 0
      vertex -2.1746744706662895 2.4152206828015315 0
    endloop
  endfacet
  facet normal -0.8616291604415264 0.507538362960703 0
    outer loop
      vertex -3.680607966083864 2.125 0
      vertex -3.6429610279839775 2.18891181836773 10
      vertex -3.6429610279839775 2.18891181836773 0
    endloop
  endfacet
  facet normal -0.8526401643540904 0.5224985647159517 0
    outer loop
      vertex -3.6429610279839775 2.18891181836773 0
      vertex -3.60420440866481 2.252156872991121 10
      vertex -3.60420440866481 2.252156872991121 0
    endloop
  endfacet
  facet normal -0.8433914458128886 0.5372996083468191 0
    outer loop
      vertex -3.60420440866481 2.252156872991121 0
      vertex -3.5643499137680523 2.314715898813865 10
      vertex -3.5643499137680523 2.314715898813865 0
    endloop
  endfacet
  facet normal -0.833885822067165 0.5519369853120628 0
    outer loop
      vertex -3.5643499137680523 2.314715898813865 0
      vertex -3.523409683358927 2.3765698397506743 10
      vertex -3.523409683358927 2.3765698397506743 0
    endloop
  endfacet
  facet normal -0.8241261886220163 0.5664062369248319 0
    outer loop
      vertex -3.523409683358927 2.3765698397506743 0
      vertex -3.481396188228215 2.437699854491946 10
      vertex -3.481396188228215 2.437699854491946 0
    endloop
  endfacet
  facet normal -0.8141155183563198 0.5807029557109389 0
    outer loop
      vertex -3.481396188228215 2.437699854491946 0
      vertex -3.4383222260935264 2.498087322243011 10
      vertex -3.4383222260935264 2.498087322243011 0
    endloop
  endfacet
  facet normal -0.8038568606172153 0.5948227867513439 0
    outer loop
      vertex -3.4383222260935264 2.498087322243011 0
      vertex -3.3942009177009944 2.557713848396205 10
      vertex -3.3942009177009944 2.557713848396205 0
    endloop
  endfacet
  facet normal -0.793353340291237 0.6087614290087182 0
    outer loop
      vertex -3.3942009177009944 2.557713848396205 0
      vertex -3.349045702828568 2.616561270134048 10
      vertex -3.349045702828568 2.616561270134048 0
    endloop
  endfacet
  facet normal -0.7826081568524126 0.6225146366376213 0
    outer loop
      vertex -3.349045702828568 2.616561270134048 0
      vertex -3.302870336192126 2.674611661961809 10
      vertex -3.302870336192126 2.674611661961809 0
    endloop
  endfacet
  facet normal -0.7716245833877213 0.6360782202777623 0
    outer loop
      vertex -3.302870336192126 2.674611661961809 0
      vertex -3.2556888832556568 2.731847341167792 10
      vertex -3.2556888832556568 2.731847341167792 0
    endloop
  endfacet
  facet normal -0.7604059656000298 0.6494480483301851 0
    outer loop
      vertex -3.2556888832556568 2.731847341167792 0
      vertex -3.207515715946781 2.788250873209656 10
      vertex -3.207515715946781 2.788250873209656 0
    endloop
  endfacet
  facet normal -0.7489557207890057 0.6626200482157335 0
    outer loop
      vertex -3.207515715946781 2.788250873209656 0
      vertex -3.1583655082789255 2.8438050770251477 10
      vertex -3.1583655082789255 2.8438050770251477 0
    endloop
  endfacet
  facet normal -0.7372773368101214 0.6755902076156632 0
    outer loop
      vertex -3.1583655082789255 2.8438050770251477 0
      vertex -3.1082532318814744 2.8984930302656187 10
      vertex -3.1082532318814744 2.8984930302656187 0
    endloop
  endfacet
  facet normal -0.7253743710122903 0.688354575693751 0
    outer loop
      vertex -3.1082532318814744 2.8984930302656187 0
      vertex -3.0571941514392678 2.9522980744507383 10
      vertex -3.0571941514392678 2.9522980744507383 0
    endloop
  endfacet
  facet normal -0.7132504491541835 0.7009092642998489 0
    outer loop
      vertex -3.0571941514392678 2.9522980744507383 0
      vertex -3.0052038200428273 3.0052038200428273 10
      vertex -3.0052038200428273 3.0052038200428273 0
    endloop
  endfacet
  facet normal -0.7009092642998489 0.7132504491541835 0
    outer loop
      vertex -3.0052038200428273 3.0052038200428273 0
      vertex -3.0052038200428273 3.0052038200428273 10
      vertex -2.9522980744507383 3.0571941514392678 0
    endloop
  endfacet
  facet normal -0.688354575693751 0.7253743710122903 0
    outer loop
      vertex -2.9522980744507383 3.0571941514392678 0
      vertex -2.9522980744507383 3.0571941514392678 10
      vertex -2.8984930302656187 3.1082532318814744 0
    endloop
  endfacet
  facet normal -0.6755902076156632 0.7372773368101214 0
    outer loop
      vertex -2.8984930302656187 3.1082532318814744 0
      vertex -2.8984930302656187 3.1082532318814744 10
      vertex -2.8438050770251477 3.1583655082789255 0
    endloop
  endfacet
  facet normal -0.6626200482157335 0.7489557207890057 0
    outer loop
      vertex -2.8438050770251477 3.1583655082789255 0
      vertex -2.8438050770251477 3.1583655082789255 10
      vertex -2.788250873209656 3.207515715946781 0
    endloop
  endfacet
  facet normal -0.6494480483301851 0.7604059656000298 0
    outer loop
      vertex -2.788250873209656 3.207515715946781 0
      vertex -2.788250873209656 3.207515715946781 10
      vertex -2.731847341167792 3.2556888832556568 0
    endloop
  endfacet
  facet normal -0.6360782202777623 0.7716245833877213 0
    outer loop
      vertex -2.731847341167792 3.2556888832556568 0
      vertex -2.731847341167792 3.2556888832556568 10
      vertex -2.674611661961809 3.302870336192126 0
    endloop
  endfacet
  facet normal -0.6225146366376213 0.7826081568524126 0
    outer loop
      vertex -2.674611661961809 3.302870336192126 0
      vertex -2.674611661961809 3.302870336192126 10
      vertex -2.616561270134048 3.349045702828568 0
    endloop
  endfacet
  facet normal -0.6087614290087182 0.793353340291237 0
    outer loop
      vertex -2.616561270134048 3.349045702828568 0
      vertex -2.616561270134048 3.349045702828568 10
      vertex -2.557713848396205 3.3942009177009944 0
    endloop
  endfacet
  facet normal -0.5948227867513439 0.8038568606172153 0
    outer loop
      vertex -2.557713848396205 3.3942009177009944 0
      vertex -2.557713848396205 3.3942009177009944 10
      vertex -2.498087322243011 3.4383222260935264 0
    endloop
  endfacet
  facet normal -0.5807029557109389 0.8141155183563198 0
    outer loop
      vertex -2.498087322243011 3.4383222260935264 0
      vertex -2.498087322243011 3.4383222260935264 10
      vertex -2.437699854491946 3.481396188228215 0
    endloop
  endfacet
  facet normal -0.5664062369248319 0.8241261886220163 0
    outer loop
      vertex -2.437699854491946 3.481396188228215 0
      vertex -2.437699854491946 3.481396188228215 10
      vertex -2.3765698397506743 3.523409683358927 0
    endloop
  endfacet
  facet normal -0.5519369853120628 0.833885822067165 0
    outer loop
      vertex -2.3765698397506743 3.523409683358927 0
      vertex -2.3765698397506743 3.523409683358927 10
      vertex -2.314715898813865 3.5643499137680523 0
    endloop
  endfacet
  facet normal -0.5372996083468191 0.8433914458128886 0
    outer loop
      vertex -2.314715898813865 3.5643499137680523 0
      vertex -2.314715898813865 3.5643499137680523 10
      vertex -2.252156872991121 3.60420440866481 0
    endloop
  endfacet
  facet normal -0.5224985647159517 0.8526401643540904 0
    outer loop
      vertex -2.252156872991121 3.60420440866481 0
      vertex -2.252156872991121 3.60420440866481 10
      vertex -2.18891181836773 3.6429610279839775 0
    endloop
  endfacet
  facet normal -0.507538362960703 0.8616291604415264 0
    outer loop
      vertex -2.18891181836773 3.6429610279839775 0
      vertex -2.18891181836773 3.6429610279839775 10
      vertex -2.125 3.680607966083864 0
    endloop
  endfacet
  facet normal 0 0 -1
    outer loop
      vertex -2.125 3.680607966083864 0
      vertex -2.0890597314812527 2.4896444401366784 0
      vertex -2.1321918442191485 2.452806135724009 0
    endloop
  endfacet
  facet normal 0 0 -1
    outer loop
      vertex -2.0604408860469325 3.7171337553424317 0
      vertex -2.0452912709119717 2.525724374735155 0
      vertex -2.0890597314812527 2.4896444401366784 0
    endloop
  endfacet
  facet normal 0 0 -1
    outer loop
      vertex -1.995254141840036 3.7525272696504395 0
      vertex -2.0008997948083893 2.5610349492218463 0
      vertex -2.0452912709119717 2.525724374735155 0
    endloop
  endfacet
  facet normal 0 0 -1
    outer loop
      vertex -1.995254141840036 3.7525272696504395 0
      vertex -1.955898825244157 2.5955654076537016 0
      vertex -2.0008997948083893 2.5610349492218463 0
    endloop
  endfacet
  facet normal 0 0 -1
    outer loop
      vertex -1.9294596238930737 3.7867777278005637 0
      vertex -1.9103020699505378 2.629305231718579 0
      vertex -1.955898825244157 2.5955654076537016 0
    endloop
  endfacet
  facet normal 0 0 -1
    outer loop
      vertex -1.8630773738535789 3.81987469677146 0
      vertex -1.8641234181408997 2.6622441439392235 0
      vertex -1.9103020699505378 2.629305231718579 0
    endloop
  endfacet
  facet normal 0 0 -1
    outer loop
      vertex -1.8630773738535789 3.81987469677146 0
      vertex -1.8173769362799275 2.694372110803885 0
      vertex -1.8641234181408997 2.6622441439392235 0
    endloop
  endfacet
  facet normal 0 0 -1
    outer loop
      vertex -1.7961276123979726 3.851808094905762 0
      vertex -1.770076863798838 2.7256793458226283 0
      vertex -1.8173769362799275 2.694372110803885 0
    endloop
  endfacet
  facet normal 0 0 -1
    outer loop
      vertex -1.7286307330721509 3.8825681949810535 0
      vertex -1.7222376087579159 2.7561563125083843 0
      vertex -1.770076863798838 2.7256793458226283 0
    endloop
  endfacet
  facet normal 0 0 -1
    outer loop
      vertex -1.7286307330721509 3.8825681949810535 0
      vertex -1.673873743457676 2.785793727281865 0
      vertex -1.7222376087579159 2.7561563125083843 0
    endloop
  endfacet
  facet normal 0 0 -1
    outer loop
      vertex -1.6606072960794136 3.9121456271728716 0
      vertex -1.625 2.8145825622994254 0
      vertex -1.673873743457676 2.785793727281865 0
    endloop
  endfacet
  facet normal 0 0 -1
    outer loop
      vertex -2.125 3.680607966083864 0
      vertex -2.0604408860469325 3.7171337553424317 0
      vertex -2.0890597314812527 2.4896444401366784 0
    endloop
  endfacet
  facet normal 0 0 -1
    outer loop
      vertex -2.0604408860469325 3.7171337553424317 0
      vertex -1.995254141840036 3.7525272696504395 0
      vertex -2.0452912709119717 2.525724374735155 0
    endloop
  endfacet
  facet normal 0 0 -1
    outer loop
      vertex -1.995254141840036 3.7525272696504395 0
      vertex -1.9294596238930737 3.7867777278005637 0
      vertex -1.955898825244157 2.5955654076537016 0
    endloop
  endfacet
  facet normal 0 0 -1
    outer loop
      vertex -1.9294596238930737 3.7867777278005637 0
      vertex -1.8630773738535789 3.81987469677146 0
      vertex -1.9103020699505378 2.629305231718579 0
    endloop
  endfacet
  facet normal 0 0 -1
    outer loop
      vertex -1.592078022017626 3.9405313819088468 0
      vertex -1.5756312658005955 2.842514048203036 0
      vertex -1.625 2.8145825622994254 0
    endloop
  endfacet
  facet normal 0 0 -1
    outer loop
      vertex -1.8630773738535789 3.81987469677146 0
      vertex -1.7961276123979726 3.851808094905762 0
      vertex -1.8173769362799275 2.694372110803885 0
    endloop
  endfacet
  facet normal 0 0 -1
    outer loop
      vertex -1.7961276123979726 3.851808094905762 0
      vertex -1.7286307330721509 3.8825681949810535 0
      vertex -1.770076863798838 2.7256793458226283 0
    endloop
  endfacet
  facet normal 0 0 -1
    outer loop
      vertex -1.7286307330721509 3.8825681949810535 0
      vertex -1.6606072960794136 3.9121456271728716 0
      vertex -1.673873743457676 2.785793727281865 0
    endloop
  endfacet
  facet normal 0 0 -1
    outer loop
      vertex -1.6606072960794136 3.9121456271728716 0
      vertex -1.592078022017626 3.9405313819088468 0
      vertex -1.625 2.8145825622994254 0
    endloop
  endfacet
  facet normal 0 0 -1
    outer loop
      vertex -1.5230637855675262 3.9677168126131073 0
      vertex -1.525782579054145 2.8695796767915125 0
      vertex -1.5756312658005955 2.842514048203036 0
    endloop
  endfacet
  facet normal 0 0 -1
    outer loop
      vertex -1.5230637855675262 3.9677168126131073 0
      vertex -1.475469124153527 2.895771203612196 0
      vertex -1.525782579054145 2.8695796767915125 0
    endloop
  endfacet
  facet normal 0 0 -1
    outer loop
      vertex -1.453585609134092 3.993693638340111 0
      vertex -1.4247062270645015 2.921080650472293 0
      vertex -1.475469124153527 2.895771203612196 0
    endloop
  endfacet
  facet normal 0 0 -1
    outer loop
      vertex -1.383664656442916 4.018453946297097 0
      vertex -1.373509350657273 2.9455003078691124 0
      vertex -1.4247062270645015 2.921080650472293 0
    endloop
  endfacet
  facet normal 0 0 -1
    outer loop
      vertex -1.3133222260935264 4.041990194254402 0
      vertex -1.3218940899963507 2.969022737338453 0
      vertex -1.373509350657273 2.9455003078691124 0
    endloop
  endfacet
  facet normal 0 0 -1
    outer loop
      vertex -1.592078022017626 3.9405313819088468 0
      vertex -1.5230637855675262 3.9677168126131073 0
      vertex -1.5756312658005955 2.842514048203036 0
    endloop
  endfacet
  facet normal 0 0 -1
    outer loop
      vertex -1.5230637855675262 3.9677168126131073 0
      vertex -1.453585609134092 3.993693638340111 0
      vertex -1.475469124153527 2.895771203612196 0
    endloop
  endfacet
  facet normal 0 0 -1
    outer loop
      vertex -1.453585609134092 3.993693638340111 0
      vertex -1.383664656442916 4.018453946297097 0
      vertex -1.4247062270645015 2.921080650472293 0
    endloop
  endfacet
  facet normal 0 0 -1
    outer loop
      vertex -1.383664656442916 4.018453946297097 0
      vertex -1.3133222260935264 4.041990194254402 0
      vertex -1.373509350657273 2.9455003078691124 0
    endloop
  endfacet
  facet normal 0 0 -1
    outer loop
      vertex -1.3133222260935264 4.041990194254402 0
      vertex -1.2698761675901398 2.991640773720431 0
      vertex -1.3218940899963507 2.969022737338453 0
    endloop
  endfacet
  facet normal 0 0 -1
    outer loop
      vertex -1.2425797450716312 4.0642952128429 0
      vertex -1.217471428601714 3.0133475273420594 0
      vertex -1.2698761675901398 2.991640773720431 0
    endloop
  endfacet
  facet normal 0 0 -1
    outer loop
      vertex -1.1714587622222465 4.085362207737855 0
      vertex -1.164695836022226 3.0341363861159056 0
      vertex -1.217471428601714 3.0133475273420594 0
    endloop
  endfacet
  facet normal 0 0 -1
    outer loop
      vertex -1.1714587622222465 4.085362207737855 0
      vertex -1.1115654658084233 3.0540010175542025 0
      vertex -1.164695836022226 3.0341363861159056 0
    endloop
  endfacet
  facet normal 0 0 -1
    outer loop
      vertex -1.0999809416857131 4.10518476172854 0
      vertex -1.0580965019857593 3.0729353706977798 0
      vertex -1.1115654658084233 3.0540010175542025 0
    endloop
  endfacet
  facet normal 0 0 -1
    outer loop
      vertex -1.3133222260935264 4.041990194254402 0
      vertex -1.2425797450716312 4.0642952128429 0
      vertex -1.2698761675901398 2.991640773720431 0
    endloop
  endfacet
  facet normal 0 0 -1
    outer loop
      vertex -1.2425797450716312 4.0642952128429 0
      vertex -1.1714587622222465 4.085362207737855 0
      vertex -1.217471428601714 3.0133475273420594 0
    endloop
  endfacet
  facet normal 0 0 -1
    outer loop
      vertex -1.1714587622222465 4.085362207737855 0
      vertex -1.0999809416857131 4.10518476172854 0
      vertex -1.1115654658084233 3.0540010175542025 0
    endloop
  endfacet
  facet normal 0 0 -1
    outer loop
      vertex -1.0281680562985878 4.123756836672985 0
      vertex -1.004305231718579 3.090933677959249 0
      vertex -1.0580965019857593 3.0729353706977798 0
    endloop
  endfacet
  facet normal 0 0 -1
    outer loop
      vertex -0.9560419809614262 4.14107277533725 0
      vertex -0.9502080403488945 3.107990456879865 0
      vertex -1.004305231718579 3.090933677959249 0
    endloop
  endfacet
  facet normal 0 0 -1
    outer loop
      vertex -0.9560419809614262 4.14107277533725 0
      vertex -0.8958214064052473 3.1241005117995364 0
      vertex -0.9502080403488945 3.107990456879865 0
    endloop
  endfacet
  facet normal 0 0 -1
    outer loop
      vertex -0.8836246859754772 4.157127303118674 0
      vertex -0.8411618965831924 3.139258935439472 0
      vertex -0.8958214064052473 3.1241005117995364 0
    endloop
  endfacet
  facet normal 0 0 -1
    outer loop
      vertex -0.8109382303503154 4.171915529652572 0
      vertex -0.7862461606989202 3.1534611103969885 0
      vertex -0.8411618965831924 3.139258935439472 0
    endloop
  endfacet
  facet normal 0 0 -1
    outer loop
      vertex -0.738004755084454 4.185432950301884 0
      vertex -0.7310909266175613 3.1667027105520145 0
      vertex -0.7862461606989202 3.1534611103969885 0
    endloop
  endfacet
  facet normal 0 0 -1
    outer loop
      vertex -0.738004755084454 4.185432950301884 0
      vertex -0.6757129951577179 3.1789797023848685 0
      vertex -0.7310909266175613 3.1667027105520145 0
    endloop
  endfacet
  facet normal 0 0 -1
    outer loop
      vertex -0.6648464764209812 4.197675447529336 0
      vertex -0.6201292349737706 3.190288346204908 0
      vertex -0.6757129951577179 3.1789797023848685 0
    endloop
  endfacet
  facet normal 0 0 -1
    outer loop
      vertex -0.5914856790802782 4.208639292151674 0
      vertex -0.5643565774175235 3.200625197289676 0
      vertex -0.6201292349737706 3.190288346204908 0
    endloop
  endfacet
  facet normal 0 0 -1
    outer loop
      vertex -1.0999809416857131 4.10518476172854 0
      vertex -1.0281680562985878 4.123756836672985 0
      vertex -1.0580965019857593 3.0729353706977798 0
    endloop
  endfacet
  facet normal 0 0 -1
    outer loop
      vertex -1.0281680562985878 4.123756836672985 0
      vertex -0.9560419809614262 4.14107277533725 0
      vertex -1.004305231718579 3.090933677959249 0
    endloop
  endfacet
  facet normal 0 0 -1
    outer loop
      vertex -0.9560419809614262 4.14107277533725 0
      vertex -0.8836246859754772 4.157127303118674 0
      vertex -0.8958214064052473 3.1241005117995364 0
    endloop
  endfacet
  facet normal 0 0 -1
    outer loop
      vertex -0.8836246859754772 4.157127303118674 0
      vertex -0.8109382303503154 4.171915529652572 0
      vertex -0.8411618965831924 3.139258935439472 0
    endloop
  endfacet
  facet normal 0 0 -1
    outer loop
      vertex -0.8109382303503154 4.171915529652572 0
      vertex -0.738004755084454 4.185432950301884 0
      vertex -0.7862461606989202 3.1534611103969885 0
    endloop
  endfacet
  facet normal 0 0 -1
    outer loop
      vertex -0.738004755084454 4.185432950301884 0
      vertex -0.6648464764209812 4.197675447529336 0
      vertex -0.6757129951577179 3.1789797023848685 0
    endloop
  endfacet
  facet normal 0 0 -1
    outer loop
      vertex -0.6648464764209812 4.197675447529336 0
      vertex -0.5914856790802782 4.208639292151674 0
      vertex -0.6201292349737706 3.190288346204908 0
    endloop
  endfacet
  facet normal 0 0 -1
    outer loop
      vertex -0.5914856790802782 4.208639292151674 0
      vertex -0.5179447094718768 4.218321144475619 0
      vertex -0.5643565774175235 3.200625197289676 0
    endloop
  endfacet
  facet normal 0 0 -1
    outer loop
      vertex -0.5179447094718768 4.218321144475619 0
      vertex -0.5084120113807503 3.209987106934198 0
      vertex -0.5643565774175235 3.200625197289676 0
    endloop
  endfacet
  facet normal 0 0 -1
    outer loop
      vertex -0.44424596888752726 4.226718055315161 0
      vertex -0.4523125781202127 3.2183712234101036 0
      vertex -0.5084120113807503 3.209987106934198 0
    endloop
  endfacet
  facet normal 0 0 -1
    outer loop
      vertex -0.44424596888752726 4.226718055315161 0
      vertex -0.3960753660667293 3.2257749928342965 0
      vertex -0.4523125781202127 3.2183712234101036 0
    endloop
  endfacet
  facet normal 0 0 -1
    outer loop
      vertex -0.3704119066775472 4.2338274668899185 0
      vertex -0.3397175056198738 3.2321961599468882 0
      vertex -0.3960753660667293 3.2257749928342965 0
    endloop
  endfacet
  facet normal 0 0 -1
    outer loop
      vertex -0.2964650134125325 4.239647213604253 0
      vertex -0.28325616392988906 3.237632768798173 0
      vertex -0.3397175056198738 3.2321961599468882 0
    endloop
  endfacet
  facet normal 0 0 -1
    outer loop
      vertex -0.2224278140325113 4.244175522706938 0
      vertex -0.22670853966840723 3.2420831633444287 0
      vertex -0.28325616392988906 3.237632768798173 0
    endloop
  endfacet
  facet normal 0 0 -1
    outer loop
      vertex -0.2224278140325113 4.244175522706938 0
      vertex -0.17009185778956745 3.245545987952365 0
      vertex -0.22670853966840723 3.2420831633444287 0
    endloop
  endfacet
  facet normal 0 0 -1
    outer loop
      vertex -0.1483228609856291 4.247411014831157 0
      vertex -0.11342336428312814 3.2480201878120614 0
      vertex -0.17009185778956745 3.245545987952365 0
    endloop
  endfacet
  facet normal 0 0 -1
    outer loop
      vertex -0.07417272735845493 4.249352704414663 0
      vertex -0.056720320921171415 3.2495050092582716 0
      vertex -0.11342336428312814 3.2480201878120614 0
    endloop
  endfacet
  facet normal 0 0 -1
    outer loop
      vertex 0 4.25 0
      vertex 0 3.25 0
      vertex -0.056720320921171415 3.2495050092582716 0
    endloop
  endfacet
  facet normal 0 0 -1
    outer loop
      vertex -0.5179447094718768 4.218321144475619 0
      vertex -0.44424596888752726 4.226718055315161 0
      vertex -0.5084120113807503 3.209987106934198 0
    endloop
  endfacet
  facet normal 0 0 -1
    outer loop
      vertex -0.44424596888752726 4.226718055315161 0
      vertex -0.3704119066775472 4.2338274668899185 0
      vertex -0.3960753660667293 3.2257749928342965 0
    endloop
  endfacet
  facet normal 0 0 -1
    outer loop
      vertex -0.3704119066775472 4.2338274668899185 0
      vertex -0.2964650134125325 4.239647213604253 0
      vertex -0.3397175056198738 3.2321961599468882 0
    endloop
  endfacet
  facet normal 0 0 -1
    outer loop
      vertex -0.2964650134125325 4.239647213604253 0
      vertex -0.2224278140325113 4.244175522706938 0
      vertex -0.28325616392988906 3.237632768798173 0
    endloop
  endfacet
  facet normal 0 0 -1
    outer loop
      vertex -0.2224278140325113 4.244175522706938 0
      vertex -0.1483228609856291 4.247411014831157 0
      vertex -0.17009185778956745 3.245545987952365 0
    endloop
  endfacet
  facet normal 0 0 -1
    outer loop
      vertex -0.1483228609856291 4.247411014831157 0
      vertex -0.07417272735845493 4.249352704414663 0
      vertex -0.11342336428312814 3.2480201878120614 0
    endloop
  endfacet
  facet normal 0 0 -1
    outer loop
      vertex -0.07417272735845493 4.249352704414663 0
      vertex 0 4.25 0
      vertex -0.056720320921171415 3.2495050092582716 0
    endloop
  endfacet
  facet normal -0.49242356010346433 0.8703556959399014 0
    outer loop
      vertex -2.125 3.680607966083864 0
      vertex -2.125 3.680607966083864 10
      vertex -2.0604408860469325 3.7171337553424317 0
    endloop
  endfacet
  facet normal -0.47715876025961285 0.878817112661963 0
    outer loop
      vertex -2.0604408860469325 3.7171337553424317 0
      vertex -2.0604408860469325 3.7171337553424317 10
      vertex -1.995254141840036 3.7525272696504395 0
    endloop
  endfacet
  facet normal -0.4617486132350345 0.8870108331782215 0
    outer loop
      vertex -1.995254141840036 3.7525272696504395 0
      vertex -1.995254141840036 3.7525272696504395 10
      vertex -1.9294596238930737 3.7867777278005637 0
    endloop
  endfacet
  facet normal -0.44619781310981016 0.8949343616020243 0
    outer loop
      vertex -1.9294596238930737 3.7867777278005637 0
      vertex -1.9294596238930737 3.7867777278005637 10
      vertex -1.8630773738535789 3.81987469677146 0
    endloop
  endfacet
  facet normal -0.43051109680828864 0.9025852843498637 0
    outer loop
      vertex -1.8630773738535789 3.81987469677146 0
      vertex -1.8630773738535789 3.81987469677146 10
      vertex -1.7961276123979726 3.851808094905762 0
    endloop
  endfacet
  facet normal -0.4146932426562396 0.909961270876543 0
    outer loop
      vertex -1.7961276123979726 3.851808094905762 0
      vertex -1.7961276123979726 3.851808094905762 10
      vertex -1.7286307330721509 3.8825681949810535 0
    endloop
  endfacet
  facet normal -0.3987490689252525 0.9170600743851214 0
    outer loop
      vertex -1.7286307330721509 3.8825681949810535 0
      vertex -1.7286307330721509 3.8825681949810535 10
      vertex -1.6606072960794136 3.9121456271728716 0
    endloop
  endfacet
  facet normal -0.3826834323650897 0.9238795325112868 0
    outer loop
      vertex -1.6606072960794136 3.9121456271728716 0
      vertex -1.6606072960794136 3.9121456271728716 10
      vertex -1.592078022017626 3.9405313819088468 0
    endloop
  endfacet
  facet normal -0.3665012267242922 0.9304175679820265 0
    outer loop
      vertex -1.592078022017626 3.9405313819088468 0
      vertex -1.592078022017626 3.9405313819088468 10
      vertex -1.5230637855675262 3.9677168126131073 0
    endloop
  endfacet
  facet normal -0.3502073812594721 0.936672189248396 0
    outer loop
      vertex -1.5230637855675262 3.9677168126131073 0
      vertex -1.5230637855675262 3.9677168126131073 10
      vertex -1.453585609134092 3.993693638340111 0
    endloop
  endfacet
  facet normal -0.3338068592337723 0.9426414910921779 0
    outer loop
      vertex -1.453585609134092 3.993693638340111 0
      vertex -1.453585609134092 3.993693638340111 10
      vertex -1.383664656442916 4.018453946297097 0
    endloop
  endfacet
  facet normal -0.31730465640508027 0.9483236552062033 0
    outer loop
      vertex -1.383664656442916 4.018453946297097 0
      vertex -1.383664656442916 4.018453946297097 10
      vertex -1.3133222260935264 4.041990194254402 0
    endloop
  endfacet
  facet normal -0.3007057995042735 0.9537169507482267 0
    outer loop
      vertex -1.3133222260935264 4.041990194254402 0
      vertex -1.3133222260935264 4.041990194254402 10
      vertex -1.2425797450716312 4.0642952128429 0
    endloop
  endfacet
  facet normal -0.2840153447039317 0.9588197348681905 0
    outer loop
      vertex -1.2425797450716312 4.0642952128429 0
      vertex -1.2425797450716312 4.0642952128429 10
      vertex -1.1714587622222465 4.085362207737855 0
    endloop
  endfacet
  facet normal -0.2672383760782544 0.9636304532086236 0
    outer loop
      vertex -1.1714587622222465 4.085362207737855 0
      vertex -1.1714587622222465 4.085362207737855 10
      vertex -1.0999809416857131 4.10518476172854 0
    endloop
  endfacet
  facet normal -0.2503800040544458 0.9681476403781066 0
    outer loop
      vertex -1.0999809416857131 4.10518476172854 0
      vertex -1.0999809416857131 4.10518476172854 10
      vertex -1.0281680562985878 4.123756836672985 0
    endloop
  endfacet
  facet normal -0.23344536385590295 0.9723699203976773 0
    outer loop
      vertex -1.0281680562985878 4.123756836672985 0
      vertex -1.0281680562985878 4.123756836672985 10
      vertex -0.9560419809614262 4.14107277533725 0
    endloop
  endfacet
  facet normal -0.21643961393810432 0.976296007119933 0
    outer loop
      vertex -0.9560419809614262 4.14107277533725 0
      vertex -0.9560419809614262 4.14107277533725 10
      vertex -0.8836246859754772 4.157127303118674 0
    endloop
  endfacet
  facet normal -0.19936793441719486 0.97992470462083 0
    outer loop
      vertex -0.8836246859754772 4.157127303118674 0
      vertex -0.8836246859754772 4.157127303118674 10
      vertex -0.8109382303503154 4.171915529652572 0
    endloop
  endfacet
  facet normal -0.18223552549214228 0.9832549075639556 0
    outer loop
      vertex -0.8109382303503154 4.171915529652572 0
      vertex -0.8109382303503154 4.171915529652572 10
      vertex -0.738004755084454 4.185432950301884 0
    endloop
  endfacet
  facet normal -0.1650476058606863 0.9862856015372301 0
    outer loop
      vertex -0.738004755084454 4.185432950301884 0
      vertex -0.738004755084454 4.185432950301884 10
      vertex -0.6648464764209812 4.197675447529336 0
    endloop
  endfacet
  facet normal -0.1478094111296116 0.9890158633619167 0
    outer loop
      vertex -0.6648464764209812 4.197675447529336 0
      vertex -0.6648464764209812 4.197675447529336 10
      vertex -0.5914856790802782 4.208639292151674 0
    endloop
  endfacet
  facet normal -0.13052619222004558 0.9914448613738113 0
    outer loop
      vertex -0.5914856790802782 4.208639292151674 0
      vertex -0.5914856790802782 4.208639292151674 10
      vertex -0.5179447094718768 4.218321144475619 0
    endloop
  endfacet
  facet normal -0.113203213767903 0.993571855676588 0
    outer loop
      vertex -0.5179447094718768 4.218321144475619 0
      vertex -0.5179447094718768 4.218321144475619 10
      vertex -0.44424596888752726 4.226718055315161 0
    endloop
  endfacet
  facet normal -0.09584575252022881 0.9953961983671783 0
    outer loop
      vertex -0.44424596888752726 4.226718055315161 0
      vertex -0.44424596888752726 4.226718055315161 10
      vertex -0.3704119066775472 4.2338274668899185 0
    endloop
  endfacet
  facet normal -0.07845909572784585 0.9969173337331279 0
    outer loop
      vertex -0.3704119066775472 4.2338274668899185 0
      vertex -0.3704119066775472 4.2338274668899185 10
      vertex -0.2964650134125325 4.239647213604253 0
    endloop
  endfacet
  facet normal -0.06104853953484887 0.9981347984218675 0
    outer loop
      vertex -0.2964650134125325 4.239647213604253 0
      vertex -0.2964650134125325 4.239647213604253 10
      vertex -0.2224278140325113 4.244175522706938 0
    endloop
  endfacet
  facet normal -0.04361938736534835 0.9990482215818571 0
    outer loop
      vertex -0.2224278140325113 4.244175522706938 0
      vertex -0.2224278140325113 4.244175522706938 10
      vertex -0.1483228609856291 4.247411014831157 0
    endloop
  endfacet
  facet normal -0.02617694830786596 0.9996573249755576 0
    outer loop
      vertex -0.1483228609856291 4.247411014831157 0
      vertex -0.1483228609856291 4.247411014831157 10
      vertex -0.07417272735845493 4.249352704414663 0
    endloop
  endfacet
  facet normal -0.008726535498375933 0.9999619230641712 0
    outer loop
      vertex -0.07417272735845493 4.249352704414663 0
      vertex -0.07417272735845493 4.249352704414663 10
      vertex 0 4.25 0
    endloop
  endfacet
  facet normal -0.9999619230641712 0.008726535498375933 0
    outer loop
      vertex -4.25 0 0
      vertex -4.25 0 10
      vertex -4.249352704414663 0.07417272735845493 10
    endloop
  endfacet
  facet normal -0.9996573249755576 0.02617694830786596 0
    outer loop
      vertex -4.249352704414663 0.07417272735845493 0
      vertex -4.249352704414663 0.07417272735845493 10
      vertex -4.247411014831157 0.1483228609856291 10
    endloop
  endfacet
  facet normal -0.9990482215818571 0.04361938736534835 0
    outer loop
      vertex -4.247411014831157 0.1483228609856291 0
      vertex -4.247411014831157 0.1483228609856291 10
      vertex -4.244175522706938 0.2224278140325113 10
    endloop
  endfacet
  facet normal -0.9981347984218675 0.06104853953484887 0
    outer loop
      vertex -4.244175522706938 0.2224278140325113 0
      vertex -4.244175522706938 0.2224278140325113 10
      vertex -4.239647213604253 0.2964650134125325 10
    endloop
  endfacet
  facet normal -0.9969173337331279 0.07845909572784585 0
    outer loop
      vertex -4.239647213604253 0.2964650134125325 0
      vertex -4.239647213604253 0.2964650134125325 10
      vertex -4.2338274668899185 0.3704119066775472 10
    endloop
  endfacet
  facet normal -0.9953961983671783 0.09584575252022881 0
    outer loop
      vertex -4.2338274668899185 0.3704119066775472 0
      vertex -4.2338274668899185 0.3704119066775472 10
      vertex -4.226718055315161 0.44424596888752726 10
    endloop
  endfacet
  facet normal -0.993571855676588 0.113203213767903 0
    outer loop
      vertex -4.226718055315161 0.44424596888752726 0
      vertex -4.226718055315161 0.44424596888752726 10
      vertex -4.218321144475619 0.5179447094718768 10
    endloop
  endfacet
  facet normal -0.9914448613738113 0.13052619222004558 0
    outer loop
      vertex -4.218321144475619 0.5179447094718768 0
      vertex -4.218321144475619 0.5179447094718768 10
      vertex -4.208639292151674 0.5914856790802782 10
    endloop
  endfacet
  facet normal -0.9890158633619167 0.1478094111296116 0
    outer loop
      vertex -4.208639292151674 0.5914856790802782 0
      vertex -4.208639292151674 0.5914856790802782 10
      vertex -4.197675447529336 0.6648464764209812 10
    endloop
  endfacet
  facet normal -0.9862856015372301 0.1650476058606863 0
    outer loop
      vertex -4.197675447529336 0.6648464764209812 0
      vertex -4.197675447529336 0.6648464764209812 10
      vertex -4.185432950301884 0.738004755084454 10
    endloop
  endfacet
  facet normal -0.9832549075639556 0.18223552549214228 0
    outer loop
      vertex -4.185432950301884 0.738004755084454 0
      vertex -4.185432950301884 0.738004755084454 10
      vertex -4.171915529652572 0.8109382303503154 10
    endloop
  endfacet
  facet normal -0.97992470462083 0.19936793441719486 0
    outer loop
      vertex -4.171915529652572 0.8109382303503154 0
      vertex -4.171915529652572 0.8109382303503154 10
      vertex -4.157127303118674 0.8836246859754772 10
    endloop
  endfacet
  facet normal -0.976296007119933 0.21643961393810432 0
    outer loop
      vertex -4.157127303118674 0.8836246859754772 0
      vertex -4.157127303118674 0.8836246859754772 10
      vertex -4.14107277533725 0.9560419809614262 10
    endloop
  endfacet
  facet normal -0.9723699203976773 0.23344536385590295 0
    outer loop
      vertex -4.14107277533725 0.9560419809614262 0
      vertex -4.14107277533725 0.9560419809614262 10
      vertex -4.123756836672985 1.0281680562985878 10
    endloop
  endfacet
  facet normal -0.9681476403781066 0.2503800040544458 0
    outer loop
      vertex -4.123756836672985 1.0281680562985878 0
      vertex -4.123756836672985 1.0281680562985878 10
      vertex -4.10518476172854 1.0999809416857131 10
    endloop
  endfacet
  facet normal -0.9636304532086236 0.2672383760782544 0
    outer loop
      vertex -4.10518476172854 1.0999809416857131 0
      vertex -4.10518476172854 1.0999809416857131 10
      vertex -4.085362207737855 1.1714587622222465 10
    endloop
  endfacet
  facet normal -0.9588197348681905 0.2840153447039317 0
    outer loop
      vertex -4.085362207737855 1.1714587622222465 0
      vertex -4.085362207737855 1.1714587622222465 10
      vertex -4.0642952128429 1.2425797450716312 10
    endloop
  endfacet
  facet normal -0.9537169507482267 0.3007057995042735 0
    outer loop
      vertex -4.0642952128429 1.2425797450716312 0
      vertex -4.0642952128429 1.2425797450716312 10
      vertex -4.041990194254402 1.3133222260935264 10
    endloop
  endfacet
  facet normal -0.9483236552062033 0.31730465640508027 0
    outer loop
      vertex -4.041990194254402 1.3133222260935264 0
      vertex -4.041990194254402 1.3133222260935264 10
      vertex -4.018453946297097 1.383664656442916 10
    endloop
  endfacet
  facet normal -0.9426414910921779 0.3338068592337723 0
    outer loop
      vertex -4.018453946297097 1.383664656442916 0
      vertex -4.018453946297097 1.383664656442916 10
      vertex -3.993693638340111 1.453585609134092 10
    endloop
  endfacet
  facet normal -0.936672189248396 0.3502073812594721 0
    outer loop
      vertex -3.993693638340111 1.453585609134092 0
      vertex -3.993693638340111 1.453585609134092 10
      vertex -3.9677168126131073 1.5230637855675262 10
    endloop
  endfacet
  facet normal -0.9304175679820265 0.3665012267242922 0
    outer loop
      vertex -3.9677168126131073 1.5230637855675262 0
      vertex -3.9677168126131073 1.5230637855675262 10
      vertex -3.9405313819088468 1.592078022017626 10
    endloop
  endfacet
  facet normal -0.9238795325112868 0.3826834323650897 0
    outer loop
      vertex -3.9405313819088468 1.592078022017626 0
      vertex -3.9405313819088468 1.592078022017626 10
      vertex -3.9121456271728716 1.6606072960794136 10
    endloop
  endfacet
  facet normal -0.9170600743851214 0.3987490689252525 0
    outer loop
      vertex -3.9121456271728716 1.6606072960794136 0
      vertex -3.9121456271728716 1.6606072960794136 10
      vertex -3.8825681949810535 1.7286307330721509 10
    endloop
  endfacet
  facet normal -0.909961270876543 0.4146932426562396 0
    outer loop
      vertex -3.8825681949810535 1.7286307330721509 0
      vertex -3.8825681949810535 1.7286307330721509 10
      vertex -3.851808094905762 1.7961276123979726 10
    endloop
  endfacet
  facet normal -0.9025852843498637 0.43051109680828864 0
    outer loop
      vertex -3.851808094905762 1.7961276123979726 0
      vertex -3.851808094905762 1.7961276123979726 10
      vertex -3.81987469677146 1.8630773738535789 10
    endloop
  endfacet
  facet normal -0.8949343616020243 0.44619781310981016 0
    outer loop
      vertex -3.81987469677146 1.8630773738535789 0
      vertex -3.81987469677146 1.8630773738535789 10
      vertex -3.7867777278005637 1.9294596238930737 10
    endloop
  endfacet
  facet normal -0.8870108331782215 0.4617486132350345 0
    outer loop
      vertex -3.7867777278005637 1.9294596238930737 0
      vertex -3.7867777278005637 1.9294596238930737 10
      vertex -3.7525272696504395 1.995254141840036 10
    endloop
  endfacet
  facet normal -0.878817112661963 0.47715876025961285 0
    outer loop
      vertex -3.7525272696504395 1.995254141840036 0
      vertex -3.7525272696504395 1.995254141840036 10
      vertex -3.7171337553424317 2.0604408860469325 10
    endloop
  endfacet
  facet normal -0.8703556959399014 0.49242356010346433 0
    outer loop
      vertex -3.7171337553424317 2.0604408860469325 0
      vertex -3.7171337553424317 2.0604408860469325 10
      vertex -3.680607966083864 2.125 10
    endloop
  endfacet
  facet normal 0 0 1
    outer loop
      vertex -4.249352704414663 -0.07417272735845493 10
      vertex -4.249352704414663 0.07417272735845493 10
      vertex -4.25 0 10
    endloop
  endfacet
  facet normal 0 0 1
    outer loop
      vertex -4.247411014831157 -0.1483228609856291 10
      vertex -4.247411014831157 0.1483228609856291 10
      vertex -4.249352704414663 0.07417272735845493 10
    endloop
  endfacet
  facet normal 0 0 1
    outer loop
      vertex -4.244175522706938 -0.2224278140325113 10
      vertex -4.244175522706938 0.2224278140325113 10
      vertex -4.247411014831157 0.1483228609856291 10
    endloop
  endfacet
  facet normal 0 0 1
    outer loop
      vertex -4.239647213604253 -0.2964650134125325 10
      vertex -4.239647213604253 0.2964650134125325 10
      vertex -4.244175522706938 0.2224278140325113 10
    endloop
  endfacet
  facet normal 0 0 1
    outer loop
      vertex -4.2338274668899185 -0.3704119066775472 10
      vertex -4.2338274668899185 0.3704119066775472 10
      vertex -4.239647213604253 0.2964650134125325 10
    endloop
  endfacet
  facet normal 0 0 1
    outer loop
      vertex -4.226718055315161 -0.44424596888752726 10
      vertex -4.226718055315161 0.44424596888752726 10
      vertex -4.2338274668899185 0.3704119066775472 10
    endloop
  endfacet
  facet normal 0 0 1
    outer loop
      vertex -4.218321144475619 -0.5179447094718768 10
      vertex -4.218321144475619 0.5179447094718768 10
      vertex -4.226718055315161 0.44424596888752726 10
    endloop
  endfacet
  facet normal 0 0 1
    outer loop
      vertex -4.208639292151674 -0.5914856790802782 10
      vertex -4.208639292151674 0.5914856790802782 10
      vertex -4.218321144475619 0.5179447094718768 10
    endloop
  endfacet
  facet normal 0 0 1
    outer loop
      vertex -4.197675447529336 -0.6648464764209812 10
      vertex -4.197675447529336 0.6648464764209812 10
      vertex -4.208639292151674 0.5914856790802782 10
    endloop
  endfacet
  facet normal 0 0 1
    outer loop
      vertex -4.185432950301884 -0.738004755084454 10
      vertex -4.185432950301884 0.738004755084454 10
      vertex -4.197675447529336 0.6648464764209812 10
    endloop
  endfacet
  facet normal 0 0 1
    outer loop
      vertex -4.171915529652572 -0.8109382303503154 10
      vertex -4.171915529652572 0.8109382303503154 10
      vertex -4.185432950301884 0.738004755084454 10
    endloop
  endfacet
  facet normal 0 0 1
    outer loop
      vertex -4.157127303118674 -0.8836246859754772 10
      vertex -4.157127303118674 0.8836246859754772 10
      vertex -4.171915529652572 0.8109382303503154 10
    endloop
  endfacet
  facet normal 0 0 1
    outer loop
      vertex -4.14107277533725 -0.9560419809614262 10
      vertex -4.14107277533725 0.9560419809614262 10
      vertex -4.157127303118674 0.8836246859754772 10
    endloop
  endfacet
  facet normal 0 0 1
    outer loop
      vertex -4.123756836672985 -1.0281680562985878 10
      vertex -4.123756836672985 1.0281680562985878 10
      vertex -4.14107277533725 0.9560419809614262 10
    endloop
  endfacet
  facet normal 0 0 1
    outer loop
      vertex -4.10518476172854 -1.0999809416857131 10
      vertex -4.10518476172854 1.0999809416857131 10
      vertex -4.123756836672985 1.0281680562985878 10
    endloop
  endfacet
  facet normal 0 0 1
    outer loop
      vertex -4.085362207737855 -1.1714587622222465 10
      vertex -4.085362207737855 1.1714587622222465 10
      vertex -4.10518476172854 1.0999809416857131 10
    endloop
  endfacet
  facet normal 0 0 1
    outer loop
      vertex -4.0642952128429 -1.2425797450716312 10
      vertex -4.0642952128429 1.2425797450716312 10
      vertex -4.085362207737855 1.1714587622222465 10
    endloop
  endfacet
  facet normal 0 0 1
    outer loop
      vertex -4.041990194254402 -1.3133222260935264 10
      vertex -4.041990194254402 1.3133222260935264 10
      vertex -4.0642952128429 1.2425797450716312 10
    endloop
  endfacet
  facet normal 0 0 1
    outer loop
      vertex -4.018453946297097 -1.383664656442916 10
      vertex -4.018453946297097 1.383664656442916 10
      vertex -4.041990194254402 1.3133222260935264 10
    endloop
  endfacet
  facet normal 0 0 1
    outer loop
      vertex -3.993693638340111 -1.453585609134092 10
      vertex -3.993693638340111 1.453585609134092 10
      vertex -4.018453946297097 1.383664656442916 10
    endloop
  endfacet
  facet normal 0 0 1
    outer loop
      vertex -3.9677168126131073 -1.5230637855675262 10
      vertex -3.9677168126131073 1.5230637855675262 10
      vertex -3.993693638340111 1.453585609134092 10
    endloop
  endfacet
  facet normal 0 0 1
    outer loop
      vertex -3.9405313819088468 -1.592078022017626 10
      vertex -3.9405313819088468 1.592078022017626 10
      vertex -3.9677168126131073 1.5230637855675262 10
    endloop
  endfacet
  facet normal 0 0 1
    outer loop
      vertex -3.9121456271728716 -1.6606072960794136 10
      vertex -3.9121456271728716 1.6606072960794136 10
      vertex -3.9405313819088468 1.592078022017626 10
    endloop
  endfacet
  facet normal 0 0 1
    outer loop
      vertex -3.8825681949810535 -1.7286307330721509 10
      vertex -3.8825681949810535 1.7286307330721509 10
      vertex -3.9121456271728716 1.6606072960794136 10
    endloop
  endfacet
  facet normal 0 0 1
    outer loop
      vertex -3.851808094905762 -1.7961276123979726 10
      vertex -3.851808094905762 1.7961276123979726 10
      vertex -3.8825681949810535 1.7286307330721509 10
    endloop
  endfacet
  facet normal 0 0 1
    outer loop
      vertex -3.81987469677146 -1.8630773738535789 10
      vertex -3.81987469677146 1.8630773738535789 10
      vertex -3.851808094905762 1.7961276123979726 10
    endloop
  endfacet
  facet normal 0 0 1
    outer loop
      vertex -3.7867777278005637 -1.9294596238930737 10
      vertex -3.7867777278005637 1.9294596238930737 10
      vertex -3.81987469677146 1.8630773738535789 10
    endloop
  endfacet
  facet normal 0 0 1
    outer loop
      vertex -3.7525272696504395 -1.995254141840036 10
      vertex -3.7525272696504395 1.995254141840036 10
      vertex -3.7867777278005637 1.9294596238930737 10
    endloop
  endfacet
  facet normal 0 0 1
    outer loop
      vertex -3.7171337553424317 -2.0604408860469325 10
      vertex -3.7171337553424317 2.0604408860469325 10
      vertex -3.7525272696504395 1.995254141840036 10
    endloop
  endfacet
  facet normal 0 0 1
    outer loop
      vertex -3.680607966083864 -2.125 10
      vertex -3.680607966083864 2.125 10
      vertex -3.7171337553424317 2.0604408860469325 10
    endloop
  endfacet
  facet normal 0 0 1
    outer loop
      vertex -3.6429610279839775 -2.18891181836773 10
      vertex -3.6429610279839775 2.18891181836773 10
      vertex -3.680607966083864 2.125 10
    endloop
  endfacet
  facet normal 0 0 1
    outer loop
      vertex -3.60420440866481 -2.252156872991121 10
      vertex -3.60420440866481 2.252156872991121 10
      vertex -3.6429610279839775 2.18891181836773 10
    endloop
  endfacet
  facet normal 0 0 1
    outer loop
      vertex -3.5643499137680523 -2.314715898813865 10
      vertex -3.5643499137680523 2.314715898813865 10
      vertex -3.60420440866481 2.252156872991121 10
    endloop
  endfacet
  facet normal 0 0 1
    outer loop
      vertex -3.523409683358927 -2.3765698397506743 10
      vertex -3.523409683358927 2.3765698397506743 10
      vertex -3.5643499137680523 2.314715898813865 10
    endloop
  endfacet
  facet normal 0 0 1
    outer loop
      vertex -3.481396188228215 -2.437699854491946 10
      vertex -3.481396188228215 2.437699854491946 10
      vertex -3.523409683358927 2.3765698397506743 10
    endloop
  endfacet
  facet normal 0 0 1
    outer loop
      vertex -3.4383222260935264 -2.498087322243011 10
      vertex -3.4383222260935264 2.498087322243011 10
      vertex -3.481396188228215 2.437699854491946 10
    endloop
  endfacet
  facet normal 0 0 1
    outer loop
      vertex -3.3942009177009944 -2.557713848396205 10
      vertex -3.3942009177009944 2.557713848396205 10
      vertex -3.4383222260935264 2.498087322243011 10
    endloop
  endfacet
  facet normal 0 0 1
    outer loop
      vertex -3.349045702828568 -2.616561270134048 10
      vertex -3.349045702828568 2.616561270134048 10
      vertex -3.3942009177009944 2.557713848396205 10
    endloop
  endfacet
  facet normal 0 0 1
    outer loop
      vertex -3.302870336192126 -2.674611661961809 10
      vertex -3.302870336192126 2.674611661961809 10
      vertex -3.349045702828568 2.616561270134048 10
    endloop
  endfacet
  facet normal 0 0 1
    outer loop
      vertex -3.2556888832556568 -2.731847341167792 10
      vertex -3.2556888832556568 2.731847341167792 10
      vertex -3.302870336192126 2.674611661961809 10
    endloop
  endfacet
  facet normal 0 0 1
    outer loop
      vertex -3.207515715946781 -2.788250873209656 10
      vertex -3.207515715946781 2.788250873209656 10
      vertex -3.2556888832556568 2.731847341167792 10
    endloop
  endfacet
  facet normal 0 0 1
    outer loop
      vertex -3.1583655082789255 -2.8438050770251477 10
      vertex -3.1583655082789255 2.8438050770251477 10
      vertex -3.207515715946781 2.788250873209656 10
    endloop
  endfacet
  facet normal 0 0 1
    outer loop
      vertex -3.1082532318814744 -2.8984930302656187 10
      vertex -3.1082532318814744 2.8984930302656187 10
      vertex -3.1583655082789255 2.8438050770251477 10
    endloop
  endfacet
  facet normal 0 0 1
    outer loop
      vertex -3.0571941514392678 -2.9522980744507383 10
      vertex -3.0571941514392678 2.9522980744507383 10
      vertex -3.1082532318814744 2.8984930302656187 10
    endloop
  endfacet
  facet normal 0 0 1
    outer loop
      vertex -3.0052038200428273 -3.0052038200428273 10
      vertex -3.0052038200428273 3.0052038200428273 10
      vertex -3.0571941514392678 2.9522980744507383 10
    endloop
  endfacet
  facet normal 0 0 1
    outer loop
      vertex -2.9522980744507383 -3.0571941514392678 10
      vertex -2.9522980744507383 3.0571941514392678 10
      vertex -3.0052038200428273 3.0052038200428273 10
    endloop
  endfacet
  facet normal 0 0 1
    outer loop
      vertex -2.8984930302656187 -3.1082532318814744 10
      vertex -2.8984930302656187 3.1082532318814744 10
      vertex -2.9522980744507383 3.0571941514392678 10
    endloop
  endfacet
  facet normal 0 0 1
    outer loop
      vertex -2.8438050770251477 -3.1583655082789255 10
      vertex -2.8438050770251477 3.1583655082789255 10
      vertex -2.8984930302656187 3.1082532318814744 10
    endloop
  endfacet
  facet normal 0 0 1
    outer loop
      vertex -2.788250873209656 -3.207515715946781 10
      vertex -2.788250873209656 3.207515715946781 10
      vertex -2.8438050770251477 3.1583655082789255 10
    endloop
  endfacet
  facet normal 0 0 1
    outer loop
      vertex -2.788250873209656 3.207515715946781 10
      vertex -2.749581161680076 -0.047994117702529655 10
      vertex -2.75 0 10
    endloop
  endfacet
  facet normal 0 0 1
    outer loop
      vertex -2.788250873209656 3.207515715946781 10
      vertex -2.75 0 10
      vertex -2.749581161680076 0.047994117702529655 10
    endloop
  endfacet
  facet normal 0 0 1
    outer loop
      vertex -2.788250873209656 3.207515715946781 10
      vertex -2.749581161680076 0.047994117702529655 10
      vertex -2.7483247743025134 0.09597361593187767 10
    endloop
  endfacet
  facet normal 0 0 1
    outer loop
      vertex -2.788250873209656 3.207515715946781 10
      vertex -2.7483247743025134 0.09597361593187767 10
      vertex -2.746231220575078 0.14392387966809556 10
    endloop
  endfacet
  facet normal 0 0 1
    outer loop
      vertex -2.788250873209656 3.207515715946781 10
      vertex -2.746231220575078 0.14392387966809556 10
      vertex -2.7433011382145165 0.19183030279634458 10
    endloop
  endfacet
  facet normal 0 0 1
    outer loop
      vertex -2.788250873209656 3.207515715946781 10
      vertex -2.7433011382145165 0.19183030279634458 10
      vertex -2.7395354197523 0.23967829255605996 10
    endloop
  endfacet
  facet normal 0 0 1
    outer loop
      vertex -2.788250873209656 3.207515715946781 10
      vertex -2.7395354197523 0.23967829255605996 10
      vertex -2.7349352122627515 0.28745327398604703 10
    endloop
  endfacet
  facet normal 0 0 1
    outer loop
      vertex -2.788250873209656 3.207515715946781 10
      vertex -2.7349352122627515 0.28745327398604703 10
      vertex -2.7295019170136356 0.33514069436415556 10
    endloop
  endfacet
  facet normal 0 0 1
    outer loop
      vertex -2.731847341167792 3.2556888832556568 10
      vertex -2.7295019170136356 0.33514069436415556 10
      vertex -2.7232371890393186 0.38272602764017993 10
    endloop
  endfacet
  facet normal 0 0 1
    outer loop
      vertex -2.731847341167792 3.2556888832556568 10
      vertex -2.7232371890393186 0.38272602764017993 10
      vertex -2.7161429366366288 0.4301947788606349 10
    endloop
  endfacet
  facet normal 0 0 1
    outer loop
      vertex -2.731847341167792 3.2556888832556568 10
      vertex -2.7161429366366288 0.4301947788606349 10
      vertex -2.708221320783572 0.4775324885840584 10
    endloop
  endfacet
  facet normal 0 0 1
    outer loop
      vertex -2.731847341167792 3.2556888832556568 10
      vertex -2.708221320783572 0.4775324885840584 10
      vertex -2.6994747544810758 0.5247247372854982 10
    endloop
  endfacet
  facet normal 0 0 1
    outer loop
      vertex -2.731847341167792 3.2556888832556568 10
      vertex -2.6994747544810758 0.5247247372854982 10
      vertex -2.6899059020179656 0.5717571497488382 10
    endloop
  endfacet
  facet normal 0 0 1
    outer loop
      vertex -2.731847341167792 3.2556888832556568 10
      vertex -2.6899059020179656 0.5717571497488382 10
      vertex -2.679517678159397 0.6186153994456287 10
    endloop
  endfacet
  facet normal 0 0 1
    outer loop
      vertex -2.731847341167792 3.2556888832556568 10
      vertex -2.679517678159397 0.6186153994456287 10
      vertex -2.66831324725899 0.6652852128990863 10
    endloop
  endfacet
  facet normal 0 0 1
    outer loop
      vertex -2.674611661961809 3.302870336192126 10
      vertex -2.66831324725899 0.6652852128990863 10
      vertex -2.6562960222949377 0.711752374031932 10
    endloop
  endfacet
  facet normal 0 0 1
    outer loop
      vertex -2.674611661961809 3.302870336192126 10
      vertex -2.6562960222949377 0.711752374031932 10
      vertex -2.643469663830377 0.7580027284967477 10
    endloop
  endfacet
  facet normal 0 0 1
    outer loop
      vertex -2.674611661961809 3.302870336192126 10
      vertex -2.643469663830377 0.7580027284967477 10
      vertex -2.6298380788983473 0.8040221879875261 10
    endloop
  endfacet
  facet normal 0 0 1
    outer loop
      vertex -2.674611661961809 3.302870336192126 10
      vertex -2.6298380788983473 0.8040221879875261 10
      vertex -2.615405419811672 0.8497967345311054 10
    endloop
  endfacet
  facet normal 0 0 1
    outer loop
      vertex -2.616561270134048 3.349045702828568 10
      vertex -2.615405419811672 0.8497967345311054 10
      vertex -2.6001760828981215 0.8953124247571809 10
    endloop
  endfacet
  facet normal 0 0 1
    outer loop
      vertex -2.616561270134048 3.349045702828568 10
      vertex -2.6001760828981215 0.8953124247571809 10
      vertex -2.584154707161248 0.940555394145589 10
    endloop
  endfacet
  facet normal 0 0 1
    outer loop
      vertex -2.616561270134048 3.349045702828568 10
      vertex -2.584154707161248 0.940555394145589 10
      vertex -2.5673461728673046 0.9855118612495757 10
    endloop
  endfacet
  facet normal 0 0 1
    outer loop
      vertex -2.616561270134048 3.349045702828568 10
      vertex -2.5673461728673046 0.9855118612495757 10
      vertex -2.549755600058665 1.030168131893758 10
    endloop
  endfacet
  facet normal 0 0 1
    outer loop
      vertex -2.557713848396205 3.3942009177009944 10
      vertex -2.549755600058665 1.030168131893758 10
      vertex -2.531388346994211 1.074510603345503 10
    endloop
  endfacet
  facet normal 0 0 1
    outer loop
      vertex -2.557713848396205 3.3942009177009944 10
      vertex -2.531388346994211 1.074510603345503 10
      vertex -2.512250008517152 1.1185257684584506 10
    endloop
  endfacet
  facet normal 0 0 1
    outer loop
      vertex -2.557713848396205 3.3942009177009944 10
      vertex -2.512250008517152 1.1185257684584506 10
      vertex -2.4923464143507874 1.1622002197869234 10
    endloop
  endfacet
  facet normal 0 0 1
    outer loop
      vertex -2.498087322243011 3.4383222260935264 10
      vertex -2.4923464143507874 1.1622002197869234 10
      vertex -2.4716836273227094 1.205520653669963 10
    endloop
  endfacet
  facet normal 0 0 1
    outer loop
      vertex -2.498087322243011 3.4383222260935264 10
      vertex -2.4716836273227094 1.205520653669963 10
      vertex -2.4502679415180117 1.2484738742837536 10
    endloop
  endfacet
  facet normal 0 0 1
    outer loop
      vertex -2.498087322243011 3.4383222260935264 10
      vertex -2.4502679415180117 1.2484738742837536 10
      vertex -2.4281058803620494 1.2910467976611997 10
    endloop
  endfacet
  facet normal 0 0 1
    outer loop
      vertex -2.437699854491946 3.481396188228215 10
      vertex -2.4281058803620494 1.2910467976611997 10
      vertex -2.4052041946333382 1.333226455677427 10
    endloop
  endfacet
  facet normal 0 0 1
    outer loop
      vertex -2.437699854491946 3.481396188228215 10
      vertex -2.4052041946333382 1.333226455677427 10
      vertex -2.381569860407206 1.375 10
    endloop
  endfacet
  facet normal 0 0 1
    outer loop
      vertex -2.437699854491946 3.481396188228215 10
      vertex -2.381569860407206 1.375 10
      vertex -2.357210076930809 1.416354706002649 10
    endloop
  endfacet
  facet normal -0.8616291604415264 0.507538362960703 0
    outer loop
      vertex -3.680607966083864 2.125 0
      vertex -3.680607966083864 2.125 10
      vertex -3.6429610279839775 2.18891181836773 10
    endloop
  endfacet
  facet normal -0.8526401643540904 0.5224985647159517 0
    outer loop
      vertex -3.6429610279839775 2.18891181836773 0
      vertex -3.6429610279839775 2.18891181836773 10
      vertex -3.60420440866481 2.252156872991121 10
    endloop
  endfacet
  facet normal -0.8433914458128886 0.5372996083468191 0
    outer loop
      vertex -3.60420440866481 2.252156872991121 0
      vertex -3.60420440866481 2.252156872991121 10
      vertex -3.5643499137680523 2.314715898813865 10
    endloop
  endfacet
  facet normal -0.833885822067165 0.5519369853120628 0
    outer loop
      vertex -3.5643499137680523 2.314715898813865 0
      vertex -3.5643499137680523 2.314715898813865 10
      vertex -3.523409683358927 2.3765698397506743 10
    endloop
  endfacet
  facet normal -0.8241261886220163 0.5664062369248319 0
    outer loop
      vertex -3.523409683358927 2.3765698397506743 0
      vertex -3.523409683358927 2.3765698397506743 10
      vertex -3.481396188228215 2.437699854491946 10
    endloop
  endfacet
  facet normal -0.8141155183563198 0.5807029557109389 0
    outer loop
      vertex -3.481396188228215 2.437699854491946 0
      vertex -3.481396188228215 2.437699854491946 10
      vertex -3.4383222260935264 2.498087322243011 10
    endloop
  endfacet
  facet normal -0.8038568606172153 0.5948227867513439 0
    outer loop
      vertex -3.4383222260935264 2.498087322243011 0
      vertex -3.4383222260935264 2.498087322243011 10
      vertex -3.3942009177009944 2.557713848396205 10
    endloop
  endfacet
  facet normal -0.793353340291237 0.6087614290087182 0
    outer loop
      vertex -3.3942009177009944 2.557713848396205 0
      vertex -3.3942009177009944 2.557713848396205 10
      vertex -3.349045702828568 2.616561270134048 10
    endloop
  endfacet
  facet normal -0.7826081568524126 0.6225146366376213 0
    outer loop
      vertex -3.349045702828568 2.616561270134048 0
      vertex -3.349045702828568 2.616561270134048 10
      vertex -3.302870336192126 2.674611661961809 10
    endloop
  endfacet
  facet normal -0.7716245833877213 0.6360782202777623 0
    outer loop
      vertex -3.302870336192126 2.674611661961809 0
      vertex -3.302870336192126 2.674611661961809 10
      vertex -3.2556888832556568 2.731847341167792 10
    endloop
  endfacet
  facet normal -0.7604059656000298 0.6494480483301851 0
    outer loop
      vertex -3.2556888832556568 2.731847341167792 0
      vertex -3.2556888832556568 2.731847341167792 10
      vertex -3.207515715946781 2.788250873209656 10
    endloop
  endfacet
  facet normal -0.7489557207890057 0.6626200482157335 0
    outer loop
      vertex -3.207515715946781 2.788250873209656 0
      vertex -3.207515715946781 2.788250873209656 10
      vertex -3.1583655082789255 2.8438050770251477 10
    endloop
  endfacet
  facet normal -0.7372773368101214 0.6755902076156632 0
    outer loop
      vertex -3.1583655082789255 2.8438050770251477 0
      vertex -3.1583655082789255 2.8438050770251477 10
      vertex -3.1082532318814744 2.8984930302656187 10
    endloop
  endfacet
  facet normal -0.7253743710122903 0.688354575693751 0
    outer loop
      vertex -3.1082532318814744 2.8984930302656187 0
      vertex -3.1082532318814744 2.8984930302656187 10
      vertex -3.0571941514392678 2.9522980744507383 10
    endloop
  endfacet
  facet normal -0.7132504491541835 0.7009092642998489 0
    outer loop
      vertex -3.0571941514392678 2.9522980744507383 0
      vertex -3.0571941514392678 2.9522980744507383 10
      vertex -3.0052038200428273 3.0052038200428273 10
    endloop
  endfacet
  facet normal -0.7009092642998489 0.7132504491541835 0
    outer loop
      vertex -2.9522980744507383 3.0571941514392678 0
      vertex -3.0052038200428273 3.0052038200428273 10
      vertex -2.9522980744507383 3.0571941514392678 10
    endloop
  endfacet
  facet normal -0.688354575693751 0.7253743710122903 0
    outer loop
      vertex -2.8984930302656187 3.1082532318814744 0
      vertex -2.9522980744507383 3.0571941514392678 10
      vertex -2.8984930302656187 3.1082532318814744 10
    endloop
  endfacet
  facet normal -0.6755902076156632 0.7372773368101214 0
    outer loop
      vertex -2.8438050770251477 3.1583655082789255 0
      vertex -2.8984930302656187 3.1082532318814744 10
      vertex -2.8438050770251477 3.1583655082789255 10
    endloop
  endfacet
  facet normal -0.6626200482157335 0.7489557207890057 0
    outer loop
      vertex -2.788250873209656 3.207515715946781 0
      vertex -2.8438050770251477 3.1583655082789255 10
      vertex -2.788250873209656 3.207515715946781 10
    endloop
  endfacet
  facet normal -0.6494480483301851 0.7604059656000298 0
    outer loop
      vertex -2.731847341167792 3.2556888832556568 0
      vertex -2.788250873209656 3.207515715946781 10
      vertex -2.731847341167792 3.2556888832556568 10
    endloop
  endfacet
  facet normal -0.6360782202777623 0.7716245833877213 0
    outer loop
      vertex -2.674611661961809 3.302870336192126 0
      vertex -2.731847341167792 3.2556888832556568 10
      vertex -2.674611661961809 3.302870336192126 10
    endloop
  endfacet
  facet normal -0.6225146366376213 0.7826081568524126 0
    outer loop
      vertex -2.616561270134048 3.349045702828568 0
      vertex -2.674611661961809 3.302870336192126 10
      vertex -2.616561270134048 3.349045702828568 10
    endloop
  endfacet
  facet normal -0.6087614290087182 0.793353340291237 0
    outer loop
      vertex -2.557713848396205 3.3942009177009944 0
      vertex -2.616561270134048 3.349045702828568 10
      vertex -2.557713848396205 3.3942009177009944 10
    endloop
  endfacet
  facet normal -0.5948227867513439 0.8038568606172153 0
    outer loop
      vertex -2.498087322243011 3.4383222260935264 0
      vertex -2.557713848396205 3.3942009177009944 10
      vertex -2.498087322243011 3.4383222260935264 10
    endloop
  endfacet
  facet normal -0.5807029557109389 0.8141155183563198 0
    outer loop
      vertex -2.437699854491946 3.481396188228215 0
      vertex -2.498087322243011 3.4383222260935264 10
      vertex -2.437699854491946 3.481396188228215 10
    endloop
  endfacet
  facet normal -0.5664062369248319 0.8241261886220163 0
    outer loop
      vertex -2.3765698397506743 3.523409683358927 0
      vertex -2.437699854491946 3.481396188228215 10
      vertex -2.3765698397506743 3.523409683358927 10
    endloop
  endfacet
  facet normal -0.5519369853120628 0.833885822067165 0
    outer loop
      vertex -2.314715898813865 3.5643499137680523 0
      vertex -2.3765698397506743 3.523409683358927 10
      vertex -2.314715898813865 3.5643499137680523 10
    endloop
  endfacet
  facet normal -0.5372996083468191 0.8433914458128886 0
    outer loop
      vertex -2.252156872991121 3.60420440866481 0
      vertex -2.314715898813865 3.5643499137680523 10
      vertex -2.252156872991121 3.60420440866481 10
    endloop
  endfacet
  facet normal -0.5224985647159517 0.8526401643540904 0
    outer loop
      vertex -2.18891181836773 3.6429610279839775 0
      vertex -2.252156872991121 3.60420440866481 10
      vertex -2.18891181836773 3.6429610279839775 10
    endloop
  endfacet
  facet normal -0.507538362960703 0.8616291604415264 0
    outer loop
      vertex -2.125 3.680607966083864 0
      vertex -2.18891181836773 3.6429610279839775 10
      vertex -2.125 3.680607966083864 10
    endloop
  endfacet
  facet normal 0 0 1
    outer loop
      vertex -2.788250873209656 3.207515715946781 10
      vertex -2.7295019170136356 0.33514069436415556 10
      vertex -2.731847341167792 3.2556888832556568 10
    endloop
  endfacet
  facet normal 0 0 1
    outer loop
      vertex -2.731847341167792 3.2556888832556568 10
      vertex -2.66831324725899 0.6652852128990863 10
      vertex -2.674611661961809 3.302870336192126 10
    endloop
  endfacet
  facet normal 0 0 1
    outer loop
      vertex -2.674611661961809 3.302870336192126 10
      vertex -2.615405419811672 0.8497967345311054 10
      vertex -2.616561270134048 3.349045702828568 10
    endloop
  endfacet
  facet normal 0 0 1
    outer loop
      vertex -2.616561270134048 3.349045702828568 10
      vertex -2.549755600058665 1.030168131893758 10
      vertex -2.557713848396205 3.3942009177009944 10
    endloop
  endfacet
  facet normal 0 0 1
    outer loop
      vertex -2.3765698397506743 3.523409683358927 10
      vertex -2.357210076930809 1.416354706002649 10
      vertex -2.332132264430171 1.4572779766413135 10
    endloop
  endfacet
  facet normal 0 0 1
    outer loop
      vertex -2.3765698397506743 3.523409683358927 10
      vertex -2.332132264430171 1.4572779766413135 10
      vertex -2.306344061849916 1.4977573462913245 10
    endloop
  endfacet
  facet normal 0 0 1
    outer loop
      vertex -2.314715898813865 3.5643499137680523 10
      vertex -2.306344061849916 1.4977573462913245 10
      vertex -2.2798533245263646 1.537780484544554 10
    endloop
  endfacet
  facet normal 0 0 1
    outer loop
      vertex -2.314715898813865 3.5643499137680523 10
      vertex -2.2798533245263646 1.537780484544554 10
      vertex -2.2526681217947275 1.5773351999653766 10
    endloop
  endfacet
  facet normal 0 0 1
    outer loop
      vertex -2.314715898813865 3.5643499137680523 10
      vertex -2.2526681217947275 1.5773351999653766 10
      vertex -2.2247967345311057 1.616409443804301 10
    endloop
  endfacet
  facet normal 0 0 1
    outer loop
      vertex -2.252156872991121 3.60420440866481 10
      vertex -2.2247967345311057 1.616409443804301 10
      vertex -2.1962476526300554 1.6549913136681327 10
    endloop
  endfacet
  facet normal 0 0 1
    outer loop
      vertex -2.252156872991121 3.60420440866481 10
      vertex -2.1962476526300554 1.6549913136681327 10
      vertex -2.1670295724184854 1.6930690571455602 10
    endloop
  endfacet
  facet normal 0 0 1
    outer loop
      vertex -2.18891181836773 3.6429610279839775 10
      vertex -2.1670295724184854 1.6930690571455602 10
      vertex -2.13715139400667 1.7306310753870529 10
    endloop
  endfacet
  facet normal 0 0 1
    outer loop
      vertex -2.18891181836773 3.6429610279839775 10
      vertex -2.13715139400667 1.7306310753870529 10
      vertex -2.1066222185771895 1.7676659266379828 10
    endloop
  endfacet
  facet normal 0 0 1
    outer loop
      vertex -2.557713848396205 3.3942009177009944 10
      vertex -2.4923464143507874 1.1622002197869234 10
      vertex -2.498087322243011 3.4383222260935264 10
    endloop
  endfacet
  facet normal 0 0 1
    outer loop
      vertex -2.498087322243011 3.4383222260935264 10
      vertex -2.4281058803620494 1.2910467976611997 10
      vertex -2.437699854491946 3.481396188228215 10
    endloop
  endfacet
  facet normal 0 0 1
    outer loop
      vertex -2.437699854491946 3.481396188228215 10
      vertex -2.357210076930809 1.416354706002649 10
      vertex -2.3765698397506743 3.523409683358927 10
    endloop
  endfacet
  facet normal 0 0 1
    outer loop
      vertex -2.3765698397506743 3.523409683358927 10
      vertex -2.306344061849916 1.4977573462913245 10
      vertex -2.314715898813865 3.5643499137680523 10
    endloop
  endfacet
  facet normal 0 0 1
    outer loop
      vertex -2.314715898813865 3.5643499137680523 10
      vertex -2.2247967345311057 1.616409443804301 10
      vertex -2.252156872991121 3.60420440866481 10
    endloop
  endfacet
  facet normal 0 0 1
    outer loop
      vertex -2.252156872991121 3.60420440866481 10
      vertex -2.1670295724184854 1.6930690571455602 10
      vertex -2.18891181836773 3.6429610279839775 10
    endloop
  endfacet
  facet normal 0 0 1
    outer loop
      vertex -2.18891181836773 3.6429610279839775 10
      vertex -2.1066222185771895 1.7676659266379828 10
      vertex -2.125 3.680607966083864 10
    endloop
  endfacet
  facet normal -0.49242356010346433 0.8703556959399014 0
    outer loop
      vertex -2.0604408860469325 3.7171337553424317 0
      vertex -2.125 3.680607966083864 10
      vertex -2.0604408860469325 3.7171337553424317 10
    endloop
  endfacet
  facet normal -0.47715876025961285 0.878817112661963 0
    outer loop
      vertex -1.995254141840036 3.7525272696504395 0
      vertex -2.0604408860469325 3.7171337553424317 10
      vertex -1.995254141840036 3.7525272696504395 10
    endloop
  endfacet
  facet normal -0.4617486132350345 0.8870108331782215 0
    outer loop
      vertex -1.9294596238930737 3.7867777278005637 0
      vertex -1.995254141840036 3.7525272696504395 10
      vertex -1.9294596238930737 3.7867777278005637 10
    endloop
  endfacet
  facet normal -0.44619781310981016 0.8949343616020243 0
    outer loop
      vertex -1.8630773738535789 3.81987469677146 0
      vertex -1.9294596238930737 3.7867777278005637 10
      vertex -1.8630773738535789 3.81987469677146 10
    endloop
  endfacet
  facet normal -0.43051109680828864 0.9025852843498637 0
    outer loop
      vertex -1.7961276123979726 3.851808094905762 0
      vertex -1.8630773738535789 3.81987469677146 10
      vertex -1.7961276123979726 3.851808094905762 10
    endloop
  endfacet
  facet normal -0.4146932426562396 0.909961270876543 0
    outer loop
      vertex -1.7286307330721509 3.8825681949810535 0
      vertex -1.7961276123979726 3.851808094905762 10
      vertex -1.7286307330721509 3.8825681949810535 10
    endloop
  endfacet
  facet normal -0.3987490689252525 0.9170600743851214 0
    outer loop
      vertex -1.6606072960794136 3.9121456271728716 0
      vertex -1.7286307330721509 3.8825681949810535 10
      vertex -1.6606072960794136 3.9121456271728716 10
    endloop
  endfacet
  facet normal -0.3826834323650897 0.9238795325112868 0
    outer loop
      vertex -1.592078022017626 3.9405313819088468 0
      vertex -1.6606072960794136 3.9121456271728716 10
      vertex -1.592078022017626 3.9405313819088468 10
    endloop
  endfacet
  facet normal -0.3665012267242922 0.9304175679820265 0
    outer loop
      vertex -1.5230637855675262 3.9677168126131073 0
      vertex -1.592078022017626 3.9405313819088468 10
      vertex -1.5230637855675262 3.9677168126131073 10
    endloop
  endfacet
  facet normal -0.3502073812594721 0.936672189248396 0
    outer loop
      vertex -1.453585609134092 3.993693638340111 0
      vertex -1.5230637855675262 3.9677168126131073 10
      vertex -1.453585609134092 3.993693638340111 10
    endloop
  endfacet
  facet normal -0.3338068592337723 0.9426414910921779 0
    outer loop
      vertex -1.383664656442916 4.018453946297097 0
      vertex -1.453585609134092 3.993693638340111 10
      vertex -1.383664656442916 4.018453946297097 10
    endloop
  endfacet
  facet normal -0.31730465640508027 0.9483236552062033 0
    outer loop
      vertex -1.3133222260935264 4.041990194254402 0
      vertex -1.383664656442916 4.018453946297097 10
      vertex -1.3133222260935264 4.041990194254402 10
    endloop
  endfacet
  facet normal -0.3007057995042735 0.9537169507482267 0
    outer loop
      vertex -1.2425797450716312 4.0642952128429 0
      vertex -1.3133222260935264 4.041990194254402 10
      vertex -1.2425797450716312 4.0642952128429 10
    endloop
  endfacet
  facet normal -0.2840153447039317 0.9588197348681905 0
    outer loop
      vertex -1.1714587622222465 4.085362207737855 0
      vertex -1.2425797450716312 4.0642952128429 10
      vertex -1.1714587622222465 4.085362207737855 10
    endloop
  endfacet
  facet normal -0.2672383760782544 0.9636304532086236 0
    outer loop
      vertex -1.0999809416857131 4.10518476172854 0
      vertex -1.1714587622222465 4.085362207737855 10
      vertex -1.0999809416857131 4.10518476172854 10
    endloop
  endfacet
  facet normal -0.2503800040544458 0.9681476403781066 0
    outer loop
      vertex -1.0281680562985878 4.123756836672985 0
      vertex -1.0999809416857131 4.10518476172854 10
      vertex -1.0281680562985878 4.123756836672985 10
    endloop
  endfacet
  facet normal -0.23344536385590295 0.9723699203976773 0
    outer loop
      vertex -0.9560419809614262 4.14107277533725 0
      vertex -1.0281680562985878 4.123756836672985 10
      vertex -0.9560419809614262 4.14107277533725 10
    endloop
  endfacet
  facet normal -0.21643961393810432 0.976296007119933 0
    outer loop
      vertex -0.8836246859754772 4.157127303118674 0
      vertex -0.9560419809614262 4.14107277533725 10
      vertex -0.8836246859754772 4.157127303118674 10
    endloop
  endfacet
  facet normal -0.19936793441719486 0.97992470462083 0
    outer loop
      vertex -0.8109382303503154 4.171915529652572 0
      vertex -0.8836246859754772 4.157127303118674 10
      vertex -0.8109382303503154 4.171915529652572 10
    endloop
  endfacet
  facet normal -0.18223552549214228 0.9832549075639556 0
    outer loop
      vertex -0.738004755084454 4.185432950301884 0
      vertex -0.8109382303503154 4.171915529652572 10
      vertex -0.738004755084454 4.185432950301884 10
    endloop
  endfacet
  facet normal -0.1650476058606863 0.9862856015372301 0
    outer loop
      vertex -0.6648464764209812 4.197675447529336 0
      vertex -0.738004755084454 4.185432950301884 10
      vertex -0.6648464764209812 4.197675447529336 10
    endloop
  endfacet
  facet normal -0.1478094111296116 0.9890158633619167 0
    outer loop
      vertex -0.5914856790802782 4.208639292151674 0
      vertex -0.6648464764209812 4.197675447529336 10
      vertex -0.5914856790802782 4.208639292151674 10
    endloop
  endfacet
  facet normal -0.13052619222004558 0.9914448613738113 0
    outer loop
      vertex -0.5179447094718768 4.218321144475619 0
      vertex -0.5914856790802782 4.208639292151674 10
      vertex -0.5179447094718768 4.218321144475619 10
    endloop
  endfacet
  facet normal -0.113203213767903 0.993571855676588 0
    outer loop
      vertex -0.44424596888752726 4.226718055315161 0
      vertex -0.5179447094718768 4.218321144475619 10
      vertex -0.44424596888752726 4.226718055315161 10
    endloop
  endfacet
  facet normal -0.09584575252022881 0.9953961983671783 0
    outer loop
      vertex -0.3704119066775472 4.2338274668899185 0
      vertex -0.44424596888752726 4.226718055315161 10
      vertex -0.3704119066775472 4.2338274668899185 10
    endloop
  endfacet
  facet normal -0.07845909572784585 0.9969173337331279 0
    outer loop
      vertex -0.2964650134125325 4.239647213604253 0
      vertex -0.3704119066775472 4.2338274668899185 10
      vertex -0.2964650134125325 4.239647213604253 10
    endloop
  endfacet
  facet normal -0.06104853953484887 0.9981347984218675 0
    outer loop
      vertex -0.2224278140325113 4.244175522706938 0
      vertex -0.2964650134125325 4.239647213604253 10
      vertex -0.2224278140325113 4.244175522706938 10
    endloop
  endfacet
  facet normal -0.04361938736534835 0.9990482215818571 0
    outer loop
      vertex -0.1483228609856291 4.247411014831157 0
      vertex -0.2224278140325113 4.244175522706938 10
      vertex -0.1483228609856291 4.247411014831157 10
    endloop
  endfacet
  facet normal -0.02617694830786596 0.9996573249755576 0
    outer loop
      vertex -0.07417272735845493 4.249352704414663 0
      vertex -0.1483228609856291 4.247411014831157 10
      vertex -0.07417272735845493 4.249352704414663 10
    endloop
  endfacet
  facet normal -0.008726535498375933 0.9999619230641712 0
    outer loop
      vertex -0.07417272735845493 4.249352704414663 10
      vertex 0 4.25 10
      vertex 0 4.25 0
    endloop
  endfacet
  facet normal 0 0 1
    outer loop
      vertex -2.125 3.680607966083864 10
      vertex -2.1066222185771895 1.7676659266379828 10
      vertex -2.075451345612623 1.8041623297238951 10
    endloop
  endfacet
  facet normal 0 0 1
    outer loop
      vertex -2.125 3.680607966083864 10
      vertex -2.075451345612623 1.8041623297238951 10
      vertex -2.043648270062834 1.8401091674868602 10
    endloop
  endfacet
  facet normal 0 0 1
    outer loop
      vertex -2.0604408860469325 3.7171337553424317 10
      vertex -2.043648270062834 1.8401091674868602 10
      vertex -2.0112226794527186 1.8754954901718708 10
    endloop
  endfacet
  facet normal 0 0 1
    outer loop
      vertex -2.0604408860469325 3.7171337553424317 10
      vertex -2.0112226794527186 1.8754954901718708 10
      vertex -1.9781844509312907 1.9103105187622424 10
    endloop
  endfacet
  facet normal 0 0 1
    outer loop
      vertex -1.995254141840036 3.7525272696504395 10
      vertex -1.9781844509312907 1.9103105187622424 10
      vertex -1.9445436482630059 1.9445436482630059 10
    endloop
  endfacet
  facet normal 0 0 1
    outer loop
      vertex -1.995254141840036 3.7525272696504395 10
      vertex -1.9445436482630059 1.9445436482630059 10
      vertex -1.9103105187622424 1.9781844509312907 10
    endloop
  endfacet
  facet normal 0 0 1
    outer loop
      vertex -1.9294596238930737 3.7867777278005637 10
      vertex -1.9103105187622424 1.9781844509312907 10
      vertex -1.8754954901718708 2.0112226794527186 10
    endloop
  endfacet
  facet normal 0 0 1
    outer loop
      vertex -1.9294596238930737 3.7867777278005637 10
      vertex -1.8754954901718708 2.0112226794527186 10
      vertex -1.8401091674868602 2.043648270062834 10
    endloop
  endfacet
  facet normal 0 0 1
    outer loop
      vertex -1.8630773738535789 3.81987469677146 10
      vertex -1.8401091674868602 2.043648270062834 10
      vertex -1.8041623297238951 2.075451345612623 10
    endloop
  endfacet
  facet normal 0 0 1
    outer loop
      vertex -2.125 3.680607966083864 10
      vertex -2.043648270062834 1.8401091674868602 10
      vertex -2.0604408860469325 3.7171337553424317 10
    endloop
  endfacet
  facet normal 0 0 1
    outer loop
      vertex -2.0604408860469325 3.7171337553424317 10
      vertex -1.9781844509312907 1.9103105187622424 10
      vertex -1.995254141840036 3.7525272696504395 10
    endloop
  endfacet
  facet normal 0 0 1
    outer loop
      vertex -1.995254141840036 3.7525272696504395 10
      vertex -1.9103105187622424 1.9781844509312907 10
      vertex -1.9294596238930737 3.7867777278005637 10
    endloop
  endfacet
  facet normal 0 0 1
    outer loop
      vertex -1.8630773738535789 3.81987469677146 10
      vertex -1.8041623297238951 2.075451345612623 10
      vertex -1.7676659266379828 2.1066222185771895 10
    endloop
  endfacet
  facet normal 0 0 1
    outer loop
      vertex -1.7961276123979726 3.851808094905762 10
      vertex -1.7676659266379828 2.1066222185771895 10
      vertex -1.7306310753870529 2.13715139400667 10
    endloop
  endfacet
  facet normal 0 0 1
    outer loop
      vertex -1.7961276123979726 3.851808094905762 10
      vertex -1.7306310753870529 2.13715139400667 10
      vertex -1.6930690571455602 2.1670295724184854 10
    endloop
  endfacet
  facet normal 0 0 1
    outer loop
      vertex -1.7286307330721509 3.8825681949810535 10
      vertex -1.6930690571455602 2.1670295724184854 10
      vertex -1.6549913136681327 2.1962476526300554 10
    endloop
  endfacet
  facet normal 0 0 1
    outer loop
      vertex -1.6606072960794136 3.9121456271728716 10
      vertex -1.6549913136681327 2.1962476526300554 10
      vertex -1.616409443804301 2.2247967345311057 10
    endloop
  endfacet
  facet normal 0 0 1
    outer loop
      vertex -1.6606072960794136 3.9121456271728716 10
      vertex -1.616409443804301 2.2247967345311057 10
      vertex -1.5773351999653766 2.2526681217947275 10
    endloop
  endfacet
  facet normal 0 0 1
    outer loop
      vertex -1.592078022017626 3.9405313819088468 10
      vertex -1.5773351999653766 2.2526681217947275 10
      vertex -1.537780484544554 2.2798533245263646 10
    endloop
  endfacet
  facet normal 0 0 1
    outer loop
      vertex -1.592078022017626 3.9405313819088468 10
      vertex -1.537780484544554 2.2798533245263646 10
      vertex -1.4977573462913245 2.306344061849916 10
    endloop
  endfacet
  facet normal 0 0 1
    outer loop
      vertex -1.5230637855675262 3.9677168126131073 10
      vertex -1.4977573462913245 2.306344061849916 10
      vertex -1.4572779766413135 2.332132264430171 10
    endloop
  endfacet
  facet normal 0 0 1
    outer loop
      vertex -1.5230637855675262 3.9677168126131073 10
      vertex -1.4572779766413135 2.332132264430171 10
      vertex -1.416354706002649 2.357210076930809 10
    endloop
  endfacet
  facet normal 0 0 1
    outer loop
      vertex -1.453585609134092 3.993693638340111 10
      vertex -1.416354706002649 2.357210076930809 10
      vertex -1.375 2.381569860407206 10
    endloop
  endfacet
  facet normal 0 0 1
    outer loop
      vertex -1.383664656442916 4.018453946297097 10
      vertex -1.375 2.381569860407206 10
      vertex -1.333226455677427 2.4052041946333382 10
    endloop
  endfacet
  facet normal 0 0 1
    outer loop
      vertex -1.383664656442916 4.018453946297097 10
      vertex -1.333226455677427 2.4052041946333382 10
      vertex -1.2910467976611997 2.4281058803620494 10
    endloop
  endfacet
  facet normal 0 0 1
    outer loop
      vertex -1.3133222260935264 4.041990194254402 10
      vertex -1.2910467976611997 2.4281058803620494 10
      vertex -1.2484738742837536 2.4502679415180117 10
    endloop
  endfacet
  facet normal 0 0 1
    outer loop
      vertex -1.3133222260935264 4.041990194254402 10
      vertex -1.2484738742837536 2.4502679415180117 10
      vertex -1.205520653669963 2.4716836273227094 10
    endloop
  endfacet
  facet normal 0 0 1
    outer loop
      vertex -1.2425797450716312 4.0642952128429 10
      vertex -1.205520653669963 2.4716836273227094 10
      vertex -1.1622002197869234 2.4923464143507874 10
    endloop
  endfacet
  facet normal 0 0 1
    outer loop
      vertex -1.1714587622222465 4.085362207737855 10
      vertex -1.1622002197869234 2.4923464143507874 10
      vertex -1.1185257684584506 2.512250008517152 10
    endloop
  endfacet
  facet normal 0 0 1
    outer loop
      vertex -1.1714587622222465 4.085362207737855 10
      vertex -1.1185257684584506 2.512250008517152 10
      vertex -1.074510603345503 2.531388346994211 10
    endloop
  endfacet
  facet normal 0 0 1
    outer loop
      vertex -1.0999809416857131 4.10518476172854 10
      vertex -1.074510603345503 2.531388346994211 10
      vertex -1.030168131893758 2.549755600058665 10
    endloop
  endfacet
  facet normal 0 0 1
    outer loop
      vertex -1.9294596238930737 3.7867777278005637 10
      vertex -1.8401091674868602 2.043648270062834 10
      vertex -1.8630773738535789 3.81987469677146 10
    endloop
  endfacet
  facet normal 0 0 1
    outer loop
      vertex -1.8630773738535789 3.81987469677146 10
      vertex -1.7676659266379828 2.1066222185771895 10
      vertex -1.7961276123979726 3.851808094905762 10
    endloop
  endfacet
  facet normal 0 0 1
    outer loop
      vertex -1.7961276123979726 3.851808094905762 10
      vertex -1.6930690571455602 2.1670295724184854 10
      vertex -1.7286307330721509 3.8825681949810535 10
    endloop
  endfacet
  facet normal 0 0 1
    outer loop
      vertex -1.7286307330721509 3.8825681949810535 10
      vertex -1.6549913136681327 2.1962476526300554 10
      vertex -1.6606072960794136 3.9121456271728716 10
    endloop
  endfacet
  facet normal 0 0 1
    outer loop
      vertex -1.6606072960794136 3.9121456271728716 10
      vertex -1.5773351999653766 2.2526681217947275 10
      vertex -1.592078022017626 3.9405313819088468 10
    endloop
  endfacet
  facet normal 0 0 1
    outer loop
      vertex -1.592078022017626 3.9405313819088468 10
      vertex -1.4977573462913245 2.306344061849916 10
      vertex -1.5230637855675262 3.9677168126131073 10
    endloop
  endfacet
  facet normal 0 0 1
    outer loop
      vertex -1.5230637855675262 3.9677168126131073 10
      vertex -1.416354706002649 2.357210076930809 10
      vertex -1.453585609134092 3.993693638340111 10
    endloop
  endfacet
  facet normal 0 0 1
    outer loop
      vertex -1.453585609134092 3.993693638340111 10
      vertex -1.375 2.381569860407206 10
      vertex -1.383664656442916 4.018453946297097 10
    endloop
  endfacet
  facet normal 0 0 1
    outer loop
      vertex -1.383664656442916 4.018453946297097 10
      vertex -1.2910467976611997 2.4281058803620494 10
      vertex -1.3133222260935264 4.041990194254402 10
    endloop
  endfacet
  facet normal 0 0 1
    outer loop
      vertex -1.3133222260935264 4.041990194254402 10
      vertex -1.205520653669963 2.4716836273227094 10
      vertex -1.2425797450716312 4.0642952128429 10
    endloop
  endfacet
  facet normal 0 0 1
    outer loop
      vertex -1.2425797450716312 4.0642952128429 10
      vertex -1.1622002197869234 2.4923464143507874 10
      vertex -1.1714587622222465 4.085362207737855 10
    endloop
  endfacet
  facet normal 0 0 1
    outer loop
      vertex -1.1714587622222465 4.085362207737855 10
      vertex -1.074510603345503 2.531388346994211 10
      vertex -1.0999809416857131 4.10518476172854 10
    endloop
  endfacet
  facet normal 0 0 1
    outer loop
      vertex -1.0999809416857131 4.10518476172854 10
      vertex -1.030168131893758 2.549755600058665 10
      vertex -0.9855118612495757 2.5673461728673046 10
    endloop
  endfacet
  facet normal 0 0 1
    outer loop
      vertex -1.0281680562985878 4.123756836672985 10
      vertex -0.9855118612495757 2.5673461728673046 10
      vertex -0.940555394145589 2.584154707161248 10
    endloop
  endfacet
  facet normal 0 0 1
    outer loop
      vertex -0.9560419809614262 4.14107277533725 10
      vertex -0.940555394145589 2.584154707161248 10
      vertex -0.8953124247571809 2.6001760828981215 10
    endloop
  endfacet
  facet normal 0 0 1
    outer loop
      vertex -0.9560419809614262 4.14107277533725 10
      vertex -0.8953124247571809 2.6001760828981215 10
      vertex -0.8497967345311054 2.615405419811672 10
    endloop
  endfacet
  facet normal 0 0 1
    outer loop
      vertex -0.8836246859754772 4.157127303118674 10
      vertex -0.8497967345311054 2.615405419811672 10
      vertex -0.8040221879875261 2.6298380788983473 10
    endloop
  endfacet
  facet normal 0 0 1
    outer loop
      vertex -0.8109382303503154 4.171915529652572 10
      vertex -0.8040221879875261 2.6298380788983473 10
      vertex -0.7580027284967477 2.643469663830377 10
    endloop
  endfacet
  facet normal 0 0 1
    outer loop
      vertex -0.8109382303503154 4.171915529652572 10
      vertex -0.7580027284967477 2.643469663830377 10
      vertex -0.711752374031932 2.6562960222949377 10
    endloop
  endfacet
  facet normal 0 0 1
    outer loop
      vertex -0.738004755084454 4.185432950301884 10
      vertex -0.711752374031932 2.6562960222949377 10
      vertex -0.6652852128990863 2.66831324725899 10
    endloop
  endfacet
  facet normal 0 0 1
    outer loop
      vertex -0.738004755084454 4.185432950301884 10
      vertex -0.6652852128990863 2.66831324725899 10
      vertex -0.6186153994456287 2.679517678159397 10
    endloop
  endfacet
  facet normal 0 0 1
    outer loop
      vertex -1.0999809416857131 4.10518476172854 10
      vertex -0.9855118612495757 2.5673461728673046 10
      vertex -1.0281680562985878 4.123756836672985 10
    endloop
  endfacet
  facet normal 0 0 1
    outer loop
      vertex -1.0281680562985878 4.123756836672985 10
      vertex -0.940555394145589 2.584154707161248 10
      vertex -0.9560419809614262 4.14107277533725 10
    endloop
  endfacet
  facet normal 0 0 1
    outer loop
      vertex -0.9560419809614262 4.14107277533725 10
      vertex -0.8497967345311054 2.615405419811672 10
      vertex -0.8836246859754772 4.157127303118674 10
    endloop
  endfacet
  facet normal 0 0 1
    outer loop
      vertex -0.8836246859754772 4.157127303118674 10
      vertex -0.8040221879875261 2.6298380788983473 10
      vertex -0.8109382303503154 4.171915529652572 10
    endloop
  endfacet
  facet normal 0 0 1
    outer loop
      vertex -0.6648464764209812 4.197675447529336 10
      vertex -0.6186153994456287 2.679517678159397 10
      vertex -0.5717571497488382 2.6899059020179656 10
    endloop
  endfacet
  facet normal 0 0 1
    outer loop
      vertex -0.5914856790802782 4.208639292151674 10
      vertex -0.5717571497488382 2.6899059020179656 10
      vertex -0.5247247372854982 2.6994747544810758 10
    endloop
  endfacet
  facet normal 0 0 1
    outer loop
      vertex -0.8109382303503154 4.171915529652572 10
      vertex -0.711752374031932 2.6562960222949377 10
      vertex -0.738004755084454 4.185432950301884 10
    endloop
  endfacet
  facet normal 0 0 1
    outer loop
      vertex -0.738004755084454 4.185432950301884 10
      vertex -0.6186153994456287 2.679517678159397 10
      vertex -0.6648464764209812 4.197675447529336 10
    endloop
  endfacet
  facet normal 0 0 1
    outer loop
      vertex -0.6648464764209812 4.197675447529336 10
      vertex -0.5717571497488382 2.6899059020179656 10
      vertex -0.5914856790802782 4.208639292151674 10
    endloop
  endfacet
  facet normal 0 0 1
    outer loop
      vertex -0.5914856790802782 4.208639292151674 10
      vertex -0.5247247372854982 2.6994747544810758 10
      vertex -0.4775324885840584 2.708221320783572 10
    endloop
  endfacet
  facet normal 0 0 1
    outer loop
      vertex -0.5179447094718768 4.218321144475619 10
      vertex -0.4775324885840584 2.708221320783572 10
      vertex -0.4301947788606349 2.7161429366366288 10
    endloop
  endfacet
  facet normal 0 0 1
    outer loop
      vertex -0.44424596888752726 4.226718055315161 10
      vertex -0.4301947788606349 2.7161429366366288 10
      vertex -0.38272602764017993 2.7232371890393186 10
    endloop
  endfacet
  facet normal 0 0 1
    outer loop
      vertex -0.44424596888752726 4.226718055315161 10
      vertex -0.38272602764017993 2.7232371890393186 10
      vertex -0.33514069436415556 2.7295019170136356 10
    endloop
  endfacet
  facet normal 0 0 1
    outer loop
      vertex -0.3704119066775472 4.2338274668899185 10
      vertex -0.33514069436415556 2.7295019170136356 10
      vertex -0.28745327398604703 2.7349352122627515 10
    endloop
  endfacet
  facet normal 0 0 1
    outer loop
      vertex -0.2964650134125325 4.239647213604253 10
      vertex -0.28745327398604703 2.7349352122627515 10
      vertex -0.23967829255605996 2.7395354197523 10
    endloop
  endfacet
  facet normal 0 0 1
    outer loop
      vertex -0.5914856790802782 4.208639292151674 10
      vertex -0.4775324885840584 2.708221320783572 10
      vertex -0.5179447094718768 4.218321144475619 10
    endloop
  endfacet
  facet normal 0 0 1
    outer loop
      vertex -0.2964650134125325 4.239647213604253 10
      vertex -0.23967829255605996 2.7395354197523 10
      vertex -0.19183030279634458 2.7433011382145165 10
    endloop
  endfacet
  facet normal 0 0 1
    outer loop
      vertex -0.2224278140325113 4.244175522706938 10
      vertex -0.19183030279634458 2.7433011382145165 10
      vertex -0.14392387966809556 2.746231220575078 10
    endloop
  endfacet
  facet normal 0 0 1
    outer loop
      vertex -0.1483228609856291 4.247411014831157 10
      vertex -0.14392387966809556 2.746231220575078 10
      vertex -0.09597361593187767 2.7483247743025134 10
    endloop
  endfacet
  facet normal 0 0 1
    outer loop
      vertex -0.1483228609856291 4.247411014831157 10
      vertex -0.09597361593187767 2.7483247743025134 10
      vertex -0.047994117702529655 2.749581161680076 10
    endloop
  endfacet
  facet normal 0 0 1
    outer loop
      vertex 0 4.25 10
      vertex -0.047994117702529655 2.749581161680076 10
      vertex 0 2.75 10
    endloop
  endfacet
  facet normal 0 0 1
    outer loop
      vertex -0.5179447094718768 4.218321144475619 10
      vertex -0.4301947788606349 2.7161429366366288 10
      vertex -0.44424596888752726 4.226718055315161 10
    endloop
  endfacet
  facet normal 0 0 1
    outer loop
      vertex -0.44424596888752726 4.226718055315161 10
      vertex -0.33514069436415556 2.7295019170136356 10
      vertex -0.3704119066775472 4.2338274668899185 10
    endloop
  endfacet
  facet normal 0 0 1
    outer loop
      vertex -0.3704119066775472 4.2338274668899185 10
      vertex -0.28745327398604703 2.7349352122627515 10
      vertex -0.2964650134125325 4.239647213604253 10
    endloop
  endfacet
  facet normal 0 0 1
    outer loop
      vertex -0.2964650134125325 4.239647213604253 10
      vertex -0.19183030279634458 2.7433011382145165 10
      vertex -0.2224278140325113 4.244175522706938 10
    endloop
  endfacet
  facet normal 0 0 1
    outer loop
      vertex -0.2224278140325113 4.244175522706938 10
      vertex -0.14392387966809556 2.746231220575078 10
      vertex -0.1483228609856291 4.247411014831157 10
    endloop
  endfacet
  facet normal 0 0 1
    outer loop
      vertex -0.1483228609856291 4.247411014831157 10
      vertex -0.047994117702529655 2.749581161680076 10
      vertex -0.07417272735845493 4.249352704414663 10
    endloop
  endfacet
  facet normal 0 0 1
    outer loop
      vertex -0.07417272735845493 4.249352704414663 10
      vertex -0.047994117702529655 2.749581161680076 10
      vertex 0 4.25 10
    endloop
  endfacet
  facet normal 0 0 -1
    outer loop
      vertex 0 -4.25 0
      vertex 0.056720320921171415 -3.2495050092582716 0
      vertex 0.07417272735845493 -4.249352704414663 0
    endloop
  endfacet
  facet normal 0 0 -1
    outer loop
      vertex 0.07417272735845493 -4.249352704414663 0
      vertex 0.11342336428312814 -3.2480201878120614 0
      vertex 0.1483228609856291 -4.247411014831157 0
    endloop
  endfacet
  facet normal 0 0 -1
    outer loop
      vertex 0.1483228609856291 -4.247411014831157 0
      vertex 0.17009185778956745 -3.245545987952365 0
      vertex 0.2224278140325113 -4.244175522706938 0
    endloop
  endfacet
  facet normal 0 0 -1
    outer loop
      vertex 0.2224278140325113 -4.244175522706938 0
      vertex 0.28325616392988906 -3.237632768798173 0
      vertex 0.2964650134125325 -4.239647213604253 0
    endloop
  endfacet
  facet normal 0 0 -1
    outer loop
      vertex 0.2964650134125325 -4.239647213604253 0
      vertex 0.3397175056198738 -3.2321961599468882 0
      vertex 0.3704119066775472 -4.2338274668899185 0
    endloop
  endfacet
  facet normal 0 0 -1
    outer loop
      vertex 0.3704119066775472 -4.2338274668899185 0
      vertex 0.3960753660667293 -3.2257749928342965 0
      vertex 0.44424596888752726 -4.226718055315161 0
    endloop
  endfacet
  facet normal 0 0 -1
    outer loop
      vertex 0.44424596888752726 -4.226718055315161 0
      vertex 0.5084120113807503 -3.209987106934198 0
      vertex 0.5179447094718768 -4.218321144475619 0
    endloop
  endfacet
  facet normal 0 0 -1
    outer loop
      vertex 0 -4.25 0
      vertex 0 -3.25 0
      vertex 0.056720320921171415 -3.2495050092582716 0
    endloop
  endfacet
  facet normal 0 0 -1
    outer loop
      vertex 0.07417272735845493 -4.249352704414663 0
      vertex 0.056720320921171415 -3.2495050092582716 0
      vertex 0.11342336428312814 -3.2480201878120614 0
    endloop
  endfacet
  facet normal 0 0 -1
    outer loop
      vertex 0.1483228609856291 -4.247411014831157 0
      vertex 0.11342336428312814 -3.2480201878120614 0
      vertex 0.17009185778956745 -3.245545987952365 0
    endloop
  endfacet
  facet normal 0 0 -1
    outer loop
      vertex 0.2224278140325113 -4.244175522706938 0
      vertex 0.17009185778956745 -3.245545987952365 0
      vertex 0.22670853966840723 -3.2420831633444287 0
    endloop
  endfacet
  facet normal 0 0 -1
    outer loop
      vertex 0.2224278140325113 -4.244175522706938 0
      vertex 0.22670853966840723 -3.2420831633444287 0
      vertex 0.28325616392988906 -3.237632768798173 0
    endloop
  endfacet
  facet normal 0 0 -1
    outer loop
      vertex 0.2964650134125325 -4.239647213604253 0
      vertex 0.28325616392988906 -3.237632768798173 0
      vertex 0.3397175056198738 -3.2321961599468882 0
    endloop
  endfacet
  facet normal 0 0 -1
    outer loop
      vertex 0.3704119066775472 -4.2338274668899185 0
      vertex 0.3397175056198738 -3.2321961599468882 0
      vertex 0.3960753660667293 -3.2257749928342965 0
    endloop
  endfacet
  facet normal 0 0 -1
    outer loop
      vertex 0.44424596888752726 -4.226718055315161 0
      vertex 0.3960753660667293 -3.2257749928342965 0
      vertex 0.4523125781202127 -3.2183712234101036 0
    endloop
  endfacet
  facet normal 0 0 -1
    outer loop
      vertex 0.44424596888752726 -4.226718055315161 0
      vertex 0.4523125781202127 -3.2183712234101036 0
      vertex 0.5084120113807503 -3.209987106934198 0
    endloop
  endfacet
  facet normal 0 0 -1
    outer loop
      vertex 0.5179447094718768 -4.218321144475619 0
      vertex 0.5084120113807503 -3.209987106934198 0
      vertex 0.5643565774175235 -3.200625197289676 0
    endloop
  endfacet
  facet normal 0 0 -1
    outer loop
      vertex 0.5179447094718768 -4.218321144475619 0
      vertex 0.5643565774175235 -3.200625197289676 0
      vertex 0.5914856790802782 -4.208639292151674 0
    endloop
  endfacet
  facet normal 0 0 -1
    outer loop
      vertex 0.5914856790802782 -4.208639292151674 0
      vertex 0.6201292349737706 -3.190288346204908 0
      vertex 0.6648464764209812 -4.197675447529336 0
    endloop
  endfacet
  facet normal 0 0 -1
    outer loop
      vertex 0.6648464764209812 -4.197675447529336 0
      vertex 0.6757129951577179 -3.1789797023848685 0
      vertex 0.738004755084454 -4.185432950301884 0
    endloop
  endfacet
  facet normal 0 0 -1
    outer loop
      vertex 0.738004755084454 -4.185432950301884 0
      vertex 0.7862461606989202 -3.1534611103969885 0
      vertex 0.8109382303503154 -4.171915529652572 0
    endloop
  endfacet
  facet normal 0 0 -1
    outer loop
      vertex 0.8109382303503154 -4.171915529652572 0
      vertex 0.8411618965831924 -3.139258935439472 0
      vertex 0.8836246859754772 -4.157127303118674 0
    endloop
  endfacet
  facet normal 0 0 -1
    outer loop
      vertex 0.8836246859754772 -4.157127303118674 0
      vertex 0.8958214064052473 -3.1241005117995364 0
      vertex 0.9560419809614262 -4.14107277533725 0
    endloop
  endfacet
  facet normal 0 0 -1
    outer loop
      vertex 0.9560419809614262 -4.14107277533725 0
      vertex 1.004305231718579 -3.090933677959249 0
      vertex 1.0281680562985878 -4.123756836672985 0
    endloop
  endfacet
  facet normal 0 0 -1
    outer loop
      vertex 1.0281680562985878 -4.123756836672985 0
      vertex 1.0580965019857593 -3.0729353706977798 0
      vertex 1.0999809416857131 -4.10518476172854 0
    endloop
  endfacet
  facet normal 0 0 -1
    outer loop
      vertex 0.5914856790802782 -4.208639292151674 0
      vertex 0.5643565774175235 -3.200625197289676 0
      vertex 0.6201292349737706 -3.190288346204908 0
    endloop
  endfacet
  facet normal 0 0 -1
    outer loop
      vertex 0.6648464764209812 -4.197675447529336 0
      vertex 0.6201292349737706 -3.190288346204908 0
      vertex 0.6757129951577179 -3.1789797023848685 0
    endloop
  endfacet
  facet normal 0 0 -1
    outer loop
      vertex 0.738004755084454 -4.185432950301884 0
      vertex 0.6757129951577179 -3.1789797023848685 0
      vertex 0.7310909266175613 -3.1667027105520145 0
    endloop
  endfacet
  facet normal 0 0 -1
    outer loop
      vertex 0.738004755084454 -4.185432950301884 0
      vertex 0.7310909266175613 -3.1667027105520145 0
      vertex 0.7862461606989202 -3.1534611103969885 0
    endloop
  endfacet
  facet normal 0 0 -1
    outer loop
      vertex 0.8109382303503154 -4.171915529652572 0
      vertex 0.7862461606989202 -3.1534611103969885 0
      vertex 0.8411618965831924 -3.139258935439472 0
    endloop
  endfacet
  facet normal 0 0 -1
    outer loop
      vertex 0.8836246859754772 -4.157127303118674 0
      vertex 0.8411618965831924 -3.139258935439472 0
      vertex 0.8958214064052473 -3.1241005117995364 0
    endloop
  endfacet
  facet normal 0 0 -1
    outer loop
      vertex 0.9560419809614262 -4.14107277533725 0
      vertex 0.8958214064052473 -3.1241005117995364 0
      vertex 0.9502080403488945 -3.107990456879865 0
    endloop
  endfacet
  facet normal 0 0 -1
    outer loop
      vertex 0.9560419809614262 -4.14107277533725 0
      vertex 0.9502080403488945 -3.107990456879865 0
      vertex 1.004305231718579 -3.090933677959249 0
    endloop
  endfacet
  facet normal 0 0 -1
    outer loop
      vertex 1.0281680562985878 -4.123756836672985 0
      vertex 1.004305231718579 -3.090933677959249 0
      vertex 1.0580965019857593 -3.0729353706977798 0
    endloop
  endfacet
  facet normal 0 0 -1
    outer loop
      vertex 1.0999809416857131 -4.10518476172854 0
      vertex 1.1115654658084233 -3.0540010175542025 0
      vertex 1.1714587622222465 -4.085362207737855 0
    endloop
  endfacet
  facet normal 0 0 -1
    outer loop
      vertex 1.1714587622222465 -4.085362207737855 0
      vertex 1.217471428601714 -3.0133475273420594 0
      vertex 1.2425797450716312 -4.0642952128429 0
    endloop
  endfacet
  facet normal 0 0 -1
    outer loop
      vertex 1.2425797450716312 -4.0642952128429 0
      vertex 1.2698761675901398 -2.991640773720431 0
      vertex 1.3133222260935264 -4.041990194254402 0
    endloop
  endfacet
  facet normal 0 0 -1
    outer loop
      vertex 1.0999809416857131 -4.10518476172854 0
      vertex 1.0580965019857593 -3.0729353706977798 0
      vertex 1.1115654658084233 -3.0540010175542025 0
    endloop
  endfacet
  facet normal 0 0 -1
    outer loop
      vertex 1.1714587622222465 -4.085362207737855 0
      vertex 1.1115654658084233 -3.0540010175542025 0
      vertex 1.164695836022226 -3.0341363861159056 0
    endloop
  endfacet
  facet normal 0 0 -1
    outer loop
      vertex 1.1714587622222465 -4.085362207737855 0
      vertex 1.164695836022226 -3.0341363861159056 0
      vertex 1.217471428601714 -3.0133475273420594 0
    endloop
  endfacet
  facet normal 0 0 -1
    outer loop
      vertex 1.2425797450716312 -4.0642952128429 0
      vertex 1.217471428601714 -3.0133475273420594 0
      vertex 1.2698761675901398 -2.991640773720431 0
    endloop
  endfacet
  facet normal 0 0 -1
    outer loop
      vertex 1.3133222260935264 -4.041990194254402 0
      vertex 1.2698761675901398 -2.991640773720431 0
      vertex 1.3218940899963507 -2.969022737338453 0
    endloop
  endfacet
  facet normal 0 0 -1
    outer loop
      vertex 1.3133222260935264 -4.041990194254402 0
      vertex 1.373509350657273 -2.9455003078691124 0
      vertex 1.383664656442916 -4.018453946297097 0
    endloop
  endfacet
  facet normal 0 0 -1
    outer loop
      vertex 1.383664656442916 -4.018453946297097 0
      vertex 1.4247062270645015 -2.921080650472293 0
      vertex 1.453585609134092 -3.993693638340111 0
    endloop
  endfacet
  facet normal 0 0 -1
    outer loop
      vertex 1.453585609134092 -3.993693638340111 0
      vertex 1.475469124153527 -2.895771203612196 0
      vertex 1.5230637855675262 -3.9677168126131073 0
    endloop
  endfacet
  facet normal 0 0 -1
    outer loop
      vertex 1.5230637855675262 -3.9677168126131073 0
      vertex 1.5756312658005955 -2.842514048203036 0
      vertex 1.592078022017626 -3.9405313819088468 0
    endloop
  endfacet
  facet normal 0 0 -1
    outer loop
      vertex 1.3133222260935264 -4.041990194254402 0
      vertex 1.3218940899963507 -2.969022737338453 0
      vertex 1.373509350657273 -2.9455003078691124 0
    endloop
  endfacet
  facet normal 0 0 -1
    outer loop
      vertex 1.383664656442916 -4.018453946297097 0
      vertex 1.373509350657273 -2.9455003078691124 0
      vertex 1.4247062270645015 -2.921080650472293 0
    endloop
  endfacet
  facet normal 0 0 -1
    outer loop
      vertex 1.453585609134092 -3.993693638340111 0
      vertex 1.4247062270645015 -2.921080650472293 0
      vertex 1.475469124153527 -2.895771203612196 0
    endloop
  endfacet
  facet normal 0 0 -1
    outer loop
      vertex 1.5230637855675262 -3.9677168126131073 0
      vertex 1.475469124153527 -2.895771203612196 0
      vertex 1.525782579054145 -2.8695796767915125 0
    endloop
  endfacet
  facet normal 0 0 -1
    outer loop
      vertex 1.5230637855675262 -3.9677168126131073 0
      vertex 1.525782579054145 -2.8695796767915125 0
      vertex 1.5756312658005955 -2.842514048203036 0
    endloop
  endfacet
  facet normal 0 0 -1
    outer loop
      vertex 1.592078022017626 -3.9405313819088468 0
      vertex 1.625 -2.8145825622994254 0
      vertex 1.6606072960794136 -3.9121456271728716 0
    endloop
  endfacet
  facet normal 0 0 -1
    outer loop
      vertex 1.6606072960794136 -3.9121456271728716 0
      vertex 1.673873743457676 -2.785793727281865 0
      vertex 1.7286307330721509 -3.8825681949810535 0
    endloop
  endfacet
  facet normal 0 0 -1
    outer loop
      vertex 1.7286307330721509 -3.8825681949810535 0
      vertex 1.770076863798838 -2.7256793458226283 0
      vertex 1.7961276123979726 -3.851808094905762 0
    endloop
  endfacet
  facet normal 0 0 -1
    outer loop
      vertex 1.7961276123979726 -3.851808094905762 0
      vertex 1.8173769362799275 -2.694372110803885 0
      vertex 1.8630773738535789 -3.81987469677146 0
    endloop
  endfacet
  facet normal 0 0 -1
    outer loop
      vertex 1.592078022017626 -3.9405313819088468 0
      vertex 1.5756312658005955 -2.842514048203036 0
      vertex 1.625 -2.8145825622994254 0
    endloop
  endfacet
  facet normal 0 0 -1
    outer loop
      vertex 1.8630773738535789 -3.81987469677146 0
      vertex 1.9103020699505378 -2.629305231718579 0
      vertex 1.9294596238930737 -3.7867777278005637 0
    endloop
  endfacet
  facet normal 0 0 -1
    outer loop
      vertex 1.9294596238930737 -3.7867777278005637 0
      vertex 1.955898825244157 -2.5955654076537016 0
      vertex 1.995254141840036 -3.7525272696504395 0
    endloop
  endfacet
  facet normal 0 0 -1
    outer loop
      vertex 1.995254141840036 -3.7525272696504395 0
      vertex 2.0452912709119717 -2.525724374735155 0
      vertex 2.0604408860469325 -3.7171337553424317 0
    endloop
  endfacet
  facet normal 0 0 -1
    outer loop
      vertex 2.0604408860469325 -3.7171337553424317 0
      vertex 2.0890597314812527 -2.4896444401366784 0
      vertex 2.125 -3.680607966083864 0
    endloop
  endfacet
  facet normal 0 0 -1
    outer loop
      vertex 1.6606072960794136 -3.9121456271728716 0
      vertex 1.625 -2.8145825622994254 0
      vertex 1.673873743457676 -2.785793727281865 0
    endloop
  endfacet
  facet normal 0 0 -1
    outer loop
      vertex 1.7286307330721509 -3.8825681949810535 0
      vertex 1.673873743457676 -2.785793727281865 0
      vertex 1.7222376087579159 -2.7561563125083843 0
    endloop
  endfacet
  facet normal 0 0 -1
    outer loop
      vertex 1.7286307330721509 -3.8825681949810535 0
      vertex 1.7222376087579159 -2.7561563125083843 0
      vertex 1.770076863798838 -2.7256793458226283 0
    endloop
  endfacet
  facet normal 0 0 -1
    outer loop
      vertex 1.7961276123979726 -3.851808094905762 0
      vertex 1.770076863798838 -2.7256793458226283 0
      vertex 1.8173769362799275 -2.694372110803885 0
    endloop
  endfacet
  facet normal 0 0 -1
    outer loop
      vertex 1.8630773738535789 -3.81987469677146 0
      vertex 1.8173769362799275 -2.694372110803885 0
      vertex 1.8641234181408997 -2.6622441439392235 0
    endloop
  endfacet
  facet normal 0 0 -1
    outer loop
      vertex 1.8630773738535789 -3.81987469677146 0
      vertex 1.8641234181408997 -2.6622441439392235 0
      vertex 1.9103020699505378 -2.629305231718579 0
    endloop
  endfacet
  facet normal 0 0 -1
    outer loop
      vertex 1.9294596238930737 -3.7867777278005637 0
      vertex 1.9103020699505378 -2.629305231718579 0
      vertex 1.955898825244157 -2.5955654076537016 0
    endloop
  endfacet
  facet normal 0 0 -1
    outer loop
      vertex 1.995254141840036 -3.7525272696504395 0
      vertex 1.955898825244157 -2.5955654076537016 0
      vertex 2.0008997948083893 -2.5610349492218463 0
    endloop
  endfacet
  facet normal 0 0 -1
    outer loop
      vertex 1.995254141840036 -3.7525272696504395 0
      vertex 2.0008997948083893 -2.5610349492218463 0
      vertex 2.0452912709119717 -2.525724374735155 0
    endloop
  endfacet
  facet normal 0 0 -1
    outer loop
      vertex 2.0604408860469325 -3.7171337553424317 0
      vertex 2.0452912709119717 -2.525724374735155 0
      vertex 2.0890597314812527 -2.4896444401366784 0
    endloop
  endfacet
  facet normal 0 0 -1
    outer loop
      vertex 2.125 -3.680607966083864 0
      vertex 2.0890597314812527 -2.4896444401366784 0
      vertex 2.1321918442191485 -2.452806135724009 0
    endloop
  endfacet
  facet normal 0.008726535498375933 -0.9999619230641712 0
    outer loop
      vertex 0 -4.25 0
      vertex 0.07417272735845493 -4.249352704414663 0
      vertex 0.07417272735845493 -4.249352704414663 10
    endloop
  endfacet
  facet normal 0.02617694830786596 -0.9996573249755576 0
    outer loop
      vertex 0.07417272735845493 -4.249352704414663 0
      vertex 0.1483228609856291 -4.247411014831157 0
      vertex 0.1483228609856291 -4.247411014831157 10
    endloop
  endfacet
  facet normal 0.04361938736534835 -0.9990482215818571 0
    outer loop
      vertex 0.1483228609856291 -4.247411014831157 0
      vertex 0.2224278140325113 -4.244175522706938 0
      vertex 0.2224278140325113 -4.244175522706938 10
    endloop
  endfacet
  facet normal 0.06104853953484887 -0.9981347984218675 0
    outer loop
      vertex 0.2224278140325113 -4.244175522706938 0
      vertex 0.2964650134125325 -4.239647213604253 0
      vertex 0.2964650134125325 -4.239647213604253 10
    endloop
  endfacet
  facet normal 0.07845909572784585 -0.9969173337331279 0
    outer loop
      vertex 0.2964650134125325 -4.239647213604253 0
      vertex 0.3704119066775472 -4.2338274668899185 0
      vertex 0.3704119066775472 -4.2338274668899185 10
    endloop
  endfacet
  facet normal 0.09584575252022881 -0.9953961983671783 0
    outer loop
      vertex 0.3704119066775472 -4.2338274668899185 0
      vertex 0.44424596888752726 -4.226718055315161 0
      vertex 0.44424596888752726 -4.226718055315161 10
    endloop
  endfacet
  facet normal 0.113203213767903 -0.993571855676588 0
    outer loop
      vertex 0.44424596888752726 -4.226718055315161 0
      vertex 0.5179447094718768 -4.218321144475619 0
      vertex 0.5179447094718768 -4.218321144475619 10
    endloop
  endfacet
  facet normal 0.13052619222004558 -0.9914448613738113 0
    outer loop
      vertex 0.5179447094718768 -4.218321144475619 0
      vertex 0.5914856790802782 -4.208639292151674 0
      vertex 0.5914856790802782 -4.208639292151674 10
    endloop
  endfacet
  facet normal 0.1478094111296116 -0.9890158633619167 0
    outer loop
      vertex 0.5914856790802782 -4.208639292151674 0
      vertex 0.6648464764209812 -4.197675447529336 0
      vertex 0.6648464764209812 -4.197675447529336 10
    endloop
  endfacet
  facet normal 0.1650476058606863 -0.9862856015372301 0
    outer loop
      vertex 0.6648464764209812 -4.197675447529336 0
      vertex 0.738004755084454 -4.185432950301884 0
      vertex 0.738004755084454 -4.185432950301884 10
    endloop
  endfacet
  facet normal 0.18223552549214228 -0.9832549075639556 0
    outer loop
      vertex 0.738004755084454 -4.185432950301884 0
      vertex 0.8109382303503154 -4.171915529652572 0
      vertex 0.8109382303503154 -4.171915529652572 10
    endloop
  endfacet
  facet normal 0.19936793441719486 -0.97992470462083 0
    outer loop
      vertex 0.8109382303503154 -4.171915529652572 0
      vertex 0.8836246859754772 -4.157127303118674 0
      vertex 0.8836246859754772 -4.157127303118674 10
    endloop
  endfacet
  facet normal 0.21643961393810432 -0.976296007119933 0
    outer loop
      vertex 0.8836246859754772 -4.157127303118674 0
      vertex 0.9560419809614262 -4.14107277533725 0
      vertex 0.9560419809614262 -4.14107277533725 10
    endloop
  endfacet
  facet normal 0.23344536385590295 -0.9723699203976773 0
    outer loop
      vertex 0.9560419809614262 -4.14107277533725 0
      vertex 1.0281680562985878 -4.123756836672985 0
      vertex 1.0281680562985878 -4.123756836672985 10
    endloop
  endfacet
  facet normal 0.2503800040544458 -0.9681476403781066 0
    outer loop
      vertex 1.0281680562985878 -4.123756836672985 0
      vertex 1.0999809416857131 -4.10518476172854 0
      vertex 1.0999809416857131 -4.10518476172854 10
    endloop
  endfacet
  facet normal 0.2672383760782544 -0.9636304532086236 0
    outer loop
      vertex 1.0999809416857131 -4.10518476172854 0
      vertex 1.1714587622222465 -4.085362207737855 0
      vertex 1.1714587622222465 -4.085362207737855 10
    endloop
  endfacet
  facet normal 0.2840153447039317 -0.9588197348681905 0
    outer loop
      vertex 1.1714587622222465 -4.085362207737855 0
      vertex 1.2425797450716312 -4.0642952128429 0
      vertex 1.2425797450716312 -4.0642952128429 10
    endloop
  endfacet
  facet normal 0.3007057995042735 -0.9537169507482267 0
    outer loop
      vertex 1.2425797450716312 -4.0642952128429 0
      vertex 1.3133222260935264 -4.041990194254402 0
      vertex 1.3133222260935264 -4.041990194254402 10
    endloop
  endfacet
  facet normal 0.31730465640508027 -0.9483236552062033 0
    outer loop
      vertex 1.3133222260935264 -4.041990194254402 0
      vertex 1.383664656442916 -4.018453946297097 0
      vertex 1.383664656442916 -4.018453946297097 10
    endloop
  endfacet
  facet normal 0.3338068592337723 -0.9426414910921779 0
    outer loop
      vertex 1.383664656442916 -4.018453946297097 0
      vertex 1.453585609134092 -3.993693638340111 0
      vertex 1.453585609134092 -3.993693638340111 10
    endloop
  endfacet
  facet normal 0.3502073812594721 -0.936672189248396 0
    outer loop
      vertex 1.453585609134092 -3.993693638340111 0
      vertex 1.5230637855675262 -3.9677168126131073 0
      vertex 1.5230637855675262 -3.9677168126131073 10
    endloop
  endfacet
  facet normal 0.3665012267242922 -0.9304175679820265 0
    outer loop
      vertex 1.5230637855675262 -3.9677168126131073 0
      vertex 1.592078022017626 -3.9405313819088468 0
      vertex 1.592078022017626 -3.9405313819088468 10
    endloop
  endfacet
  facet normal 0.3826834323650897 -0.9238795325112868 0
    outer loop
      vertex 1.592078022017626 -3.9405313819088468 0
      vertex 1.6606072960794136 -3.9121456271728716 0
      vertex 1.6606072960794136 -3.9121456271728716 10
    endloop
  endfacet
  facet normal 0.3987490689252525 -0.9170600743851214 0
    outer loop
      vertex 1.6606072960794136 -3.9121456271728716 0
      vertex 1.7286307330721509 -3.8825681949810535 0
      vertex 1.7286307330721509 -3.8825681949810535 10
    endloop
  endfacet
  facet normal 0.4146932426562396 -0.909961270876543 0
    outer loop
      vertex 1.7286307330721509 -3.8825681949810535 0
      vertex 1.7961276123979726 -3.851808094905762 0
      vertex 1.7961276123979726 -3.851808094905762 10
    endloop
  endfacet
  facet normal 0.43051109680828864 -0.9025852843498637 0
    outer loop
      vertex 1.7961276123979726 -3.851808094905762 0
      vertex 1.8630773738535789 -3.81987469677146 0
      vertex 1.8630773738535789 -3.81987469677146 10
    endloop
  endfacet
  facet normal 0.44619781310981016 -0.8949343616020243 0
    outer loop
      vertex 1.8630773738535789 -3.81987469677146 0
      vertex 1.9294596238930737 -3.7867777278005637 0
      vertex 1.9294596238930737 -3.7867777278005637 10
    endloop
  endfacet
  facet normal 0.4617486132350345 -0.8870108331782215 0
    outer loop
      vertex 1.9294596238930737 -3.7867777278005637 0
      vertex 1.995254141840036 -3.7525272696504395 0
      vertex 1.995254141840036 -3.7525272696504395 10
    endloop
  endfacet
  facet normal 0.47715876025961285 -0.878817112661963 0
    outer loop
      vertex 1.995254141840036 -3.7525272696504395 0
      vertex 2.0604408860469325 -3.7171337553424317 0
      vertex 2.0604408860469325 -3.7171337553424317 10
    endloop
  endfacet
  facet normal 0.49242356010346433 -0.8703556959399014 0
    outer loop
      vertex 2.0604408860469325 -3.7171337553424317 0
      vertex 2.125 -3.680607966083864 0
      vertex 2.125 -3.680607966083864 10
    endloop
  endfacet
  facet normal 0 0 -1
    outer loop
      vertex 2.125 -3.680607966083864 0
      vertex 2.1746744706662895 -2.4152206828015315 0
      vertex 2.18891181836773 -3.6429610279839775 0
    endloop
  endfacet
  facet normal 0 0 -1
    outer loop
      vertex 2.18891181836773 -3.6429610279839775 0
      vertex 2.21649467020312 -2.376899530262304 0
      vertex 2.252156872991121 -3.60420440866481 0
    endloop
  endfacet
  facet normal 0 0 -1
    outer loop
      vertex 2.252156872991121 -3.60420440866481 0
      vertex 2.29809703885628 -2.29809703885628 0
      vertex 2.314715898813865 -3.5643499137680523 0
    endloop
  endfacet
  facet normal 0 0 -1
    outer loop
      vertex 2.314715898813865 -3.5643499137680523 0
      vertex 2.3378543511006162 -2.257639703991741 0
      vertex 2.3765698397506743 -3.523409683358927 0
    endloop
  endfacet
  facet normal 0 0 -1
    outer loop
      vertex 2.125 -3.680607966083864 0
      vertex 2.1321918442191485 -2.452806135724009 0
      vertex 2.1746744706662895 -2.4152206828015315 0
    endloop
  endfacet
  facet normal 0 0 -1
    outer loop
      vertex 2.18891181836773 -3.6429610279839775 0
      vertex 2.1746744706662895 -2.4152206828015315 0
      vertex 2.21649467020312 -2.376899530262304 0
    endloop
  endfacet
  facet normal 0 0 -1
    outer loop
      vertex 2.252156872991121 -3.60420440866481 0
      vertex 2.21649467020312 -2.376899530262304 0
      vertex 2.257639703991741 -2.3378543511006162 0
    endloop
  endfacet
  facet normal 0 0 -1
    outer loop
      vertex 2.252156872991121 -3.60420440866481 0
      vertex 2.257639703991741 -2.3378543511006162 0
      vertex 2.29809703885628 -2.29809703885628 0
    endloop
  endfacet
  facet normal 0 0 -1
    outer loop
      vertex 2.314715898813865 -3.5643499137680523 0
      vertex 2.29809703885628 -2.29809703885628 0
      vertex 2.3378543511006162 -2.257639703991741 0
    endloop
  endfacet
  facet normal 0 0 -1
    outer loop
      vertex 2.3765698397506743 -3.523409683358927 0
      vertex 2.3378543511006162 -2.257639703991741 0
      vertex 2.376899530262304 -2.21649467020312 0
    endloop
  endfacet
  facet normal 0 0 -1
    outer loop
      vertex 2.3765698397506743 -3.523409683358927 0
      vertex 2.4152206828015315 -2.1746744706662895 0
      vertex 2.437699854491946 -3.481396188228215 0
    endloop
  endfacet
  facet normal 0 0 -1
    outer loop
      vertex 2.437699854491946 -3.481396188228215 0
      vertex 2.452806135724009 -2.1321918442191485 0
      vertex 2.498087322243011 -3.4383222260935264 0
    endloop
  endfacet
  facet normal 0 0 -1
    outer loop
      vertex 2.498087322243011 -3.4383222260935264 0
      vertex 2.525724374735155 -2.0452912709119717 0
      vertex 2.557713848396205 -3.3942009177009944 0
    endloop
  endfacet
  facet normal 0 0 -1
    outer loop
      vertex 2.557713848396205 -3.3942009177009944 0
      vertex 2.5955654076537016 -1.955898825244157 0
      vertex 2.616561270134048 -3.349045702828568 0
    endloop
  endfacet
  facet normal 0 0 -1
    outer loop
      vertex 2.616561270134048 -3.349045702828568 0
      vertex 2.629305231718579 -1.9103020699505378 0
      vertex 2.674611661961809 -3.302870336192126 0
    endloop
  endfacet
  facet normal 0 0 -1
    outer loop
      vertex 2.3765698397506743 -3.523409683358927 0
      vertex 2.376899530262304 -2.21649467020312 0
      vertex 2.4152206828015315 -2.1746744706662895 0
    endloop
  endfacet
  facet normal 0 0 -1
    outer loop
      vertex 2.437699854491946 -3.481396188228215 0
      vertex 2.4152206828015315 -2.1746744706662895 0
      vertex 2.452806135724009 -2.1321918442191485 0
    endloop
  endfacet
  facet normal 0 0 -1
    outer loop
      vertex 2.498087322243011 -3.4383222260935264 0
      vertex 2.452806135724009 -2.1321918442191485 0
      vertex 2.4896444401366784 -2.0890597314812527 0
    endloop
  endfacet
  facet normal 0 0 -1
    outer loop
      vertex 2.498087322243011 -3.4383222260935264 0
      vertex 2.4896444401366784 -2.0890597314812527 0
      vertex 2.525724374735155 -2.0452912709119717 0
    endloop
  endfacet
  facet normal 0 0 -1
    outer loop
      vertex 2.557713848396205 -3.3942009177009944 0
      vertex 2.525724374735155 -2.0452912709119717 0
      vertex 2.5610349492218463 -2.0008997948083893 0
    endloop
  endfacet
  facet normal 0 0 -1
    outer loop
      vertex 2.557713848396205 -3.3942009177009944 0
      vertex 2.5610349492218463 -2.0008997948083893 0
      vertex 2.5955654076537016 -1.955898825244157 0
    endloop
  endfacet
  facet normal 0 0 -1
    outer loop
      vertex 2.616561270134048 -3.349045702828568 0
      vertex 2.5955654076537016 -1.955898825244157 0
      vertex 2.629305231718579 -1.9103020699505378 0
    endloop
  endfacet
  facet normal 0 0 -1
    outer loop
      vertex 2.674611661961809 -3.302870336192126 0
      vertex 2.629305231718579 -1.9103020699505378 0
      vertex 2.6622441439392235 -1.8641234181408997 0
    endloop
  endfacet
  facet normal 0 0 -1
    outer loop
      vertex 2.674611661961809 -3.302870336192126 0
      vertex 2.694372110803885 -1.8173769362799275 0
      vertex 2.731847341167792 -3.2556888832556568 0
    endloop
  endfacet
  facet normal 0 0 -1
    outer loop
      vertex 2.731847341167792 -3.2556888832556568 0
      vertex 2.7561563125083843 -1.7222376087579159 0
      vertex 2.788250873209656 -3.207515715946781 0
    endloop
  endfacet
  facet normal 0 0 -1
    outer loop
      vertex 2.788250873209656 -3.207515715946781 0
      vertex 2.8145825622994254 -1.625 0
      vertex 2.8438050770251477 -3.1583655082789255 0
    endloop
  endfacet
  facet normal 0 0 -1
    outer loop
      vertex 2.8438050770251477 -3.1583655082789255 0
      vertex 2.8695796767915125 -1.525782579054145 0
      vertex 2.8984930302656187 -3.1082532318814744 0
    endloop
  endfacet
  facet normal 0 0 -1
    outer loop
      vertex 2.674611661961809 -3.302870336192126 0
      vertex 2.6622441439392235 -1.8641234181408997 0
      vertex 2.694372110803885 -1.8173769362799275 0
    endloop
  endfacet
  facet normal 0 0 -1
    outer loop
      vertex 2.731847341167792 -3.2556888832556568 0
      vertex 2.694372110803885 -1.8173769362799275 0
      vertex 2.7256793458226283 -1.770076863798838 0
    endloop
  endfacet
  facet normal 0 0 -1
    outer loop
      vertex 2.731847341167792 -3.2556888832556568 0
      vertex 2.7256793458226283 -1.770076863798838 0
      vertex 2.7561563125083843 -1.7222376087579159 0
    endloop
  endfacet
  facet normal 0 0 -1
    outer loop
      vertex 2.788250873209656 -3.207515715946781 0
      vertex 2.7561563125083843 -1.7222376087579159 0
      vertex 2.785793727281865 -1.673873743457676 0
    endloop
  endfacet
  facet normal 0 0 -1
    outer loop
      vertex 2.788250873209656 -3.207515715946781 0
      vertex 2.785793727281865 -1.673873743457676 0
      vertex 2.8145825622994254 -1.625 0
    endloop
  endfacet
  facet normal 0 0 -1
    outer loop
      vertex 2.8984930302656187 -3.1082532318814744 0
      vertex 2.921080650472293 -1.4247062270645015 0
      vertex 2.9522980744507383 -3.0571941514392678 0
    endloop
  endfacet
  facet normal 0 0 -1
    outer loop
      vertex 2.9522980744507383 -3.0571941514392678 0
      vertex 2.969022737338453 -1.3218940899963507 0
      vertex 3.0052038200428273 -3.0052038200428273 0
    endloop
  endfacet
  facet normal 0 0 -1
    outer loop
      vertex 3.0052038200428273 -3.0052038200428273 0
      vertex 3.0341363861159056 -1.164695836022226 0
      vertex 3.0571941514392678 -2.9522980744507383 0
    endloop
  endfacet
  facet normal 0 0 -1
    outer loop
      vertex 3.0571941514392678 -2.9522980744507383 0
      vertex 3.090933677959249 -1.004305231718579 0
      vertex 3.1082532318814744 -2.8984930302656187 0
    endloop
  endfacet
  facet normal 0 0 -1
    outer loop
      vertex 3.1082532318814744 -2.8984930302656187 0
      vertex 3.139258935439472 -0.8411618965831924 0
      vertex 3.1583655082789255 -2.8438050770251477 0
    endloop
  endfacet
  facet normal 0.507538362960703 -0.8616291604415264 0
    outer loop
      vertex 2.125 -3.680607966083864 0
      vertex 2.18891181836773 -3.6429610279839775 0
      vertex 2.18891181836773 -3.6429610279839775 10
    endloop
  endfacet
  facet normal 0.5224985647159517 -0.8526401643540904 0
    outer loop
      vertex 2.18891181836773 -3.6429610279839775 0
      vertex 2.252156872991121 -3.60420440866481 0
      vertex 2.252156872991121 -3.60420440866481 10
    endloop
  endfacet
  facet normal 0.5372996083468191 -0.8433914458128886 0
    outer loop
      vertex 2.252156872991121 -3.60420440866481 0
      vertex 2.314715898813865 -3.5643499137680523 0
      vertex 2.314715898813865 -3.5643499137680523 10
    endloop
  endfacet
  facet normal 0.5519369853120628 -0.833885822067165 0
    outer loop
      vertex 2.314715898813865 -3.5643499137680523 0
      vertex 2.3765698397506743 -3.523409683358927 0
      vertex 2.3765698397506743 -3.523409683358927 10
    endloop
  endfacet
  facet normal 0.5664062369248319 -0.8241261886220163 0
    outer loop
      vertex 2.3765698397506743 -3.523409683358927 0
      vertex 2.437699854491946 -3.481396188228215 0
      vertex 2.437699854491946 -3.481396188228215 10
    endloop
  endfacet
  facet normal 0.5807029557109389 -0.8141155183563198 0
    outer loop
      vertex 2.437699854491946 -3.481396188228215 0
      vertex 2.498087322243011 -3.4383222260935264 0
      vertex 2.498087322243011 -3.4383222260935264 10
    endloop
  endfacet
  facet normal 0.5948227867513439 -0.8038568606172153 0
    outer loop
      vertex 2.498087322243011 -3.4383222260935264 0
      vertex 2.557713848396205 -3.3942009177009944 0
      vertex 2.557713848396205 -3.3942009177009944 10
    endloop
  endfacet
  facet normal 0.6087614290087182 -0.793353340291237 0
    outer loop
      vertex 2.557713848396205 -3.3942009177009944 0
      vertex 2.616561270134048 -3.349045702828568 0
      vertex 2.616561270134048 -3.349045702828568 10
    endloop
  endfacet
  facet normal 0.6225146366376213 -0.7826081568524126 0
    outer loop
      vertex 2.616561270134048 -3.349045702828568 0
      vertex 2.674611661961809 -3.302870336192126 0
      vertex 2.674611661961809 -3.302870336192126 10
    endloop
  endfacet
  facet normal 0.6360782202777623 -0.7716245833877213 0
    outer loop
      vertex 2.674611661961809 -3.302870336192126 0
      vertex 2.731847341167792 -3.2556888832556568 0
      vertex 2.731847341167792 -3.2556888832556568 10
    endloop
  endfacet
  facet normal 0.6494480483301851 -0.7604059656000298 0
    outer loop
      vertex 2.731847341167792 -3.2556888832556568 0
      vertex 2.788250873209656 -3.207515715946781 0
      vertex 2.788250873209656 -3.207515715946781 10
    endloop
  endfacet
  facet normal 0.6626200482157335 -0.7489557207890057 0
    outer loop
      vertex 2.788250873209656 -3.207515715946781 0
      vertex 2.8438050770251477 -3.1583655082789255 0
      vertex 2.8438050770251477 -3.1583655082789255 10
    endloop
  endfacet
  facet normal 0.6755902076156632 -0.7372773368101214 0
    outer loop
      vertex 2.8438050770251477 -3.1583655082789255 0
      vertex 2.8984930302656187 -3.1082532318814744 0
      vertex 2.8984930302656187 -3.1082532318814744 10
    endloop
  endfacet
  facet normal 0.688354575693751 -0.7253743710122903 0
    outer loop
      vertex 2.8984930302656187 -3.1082532318814744 0
      vertex 2.9522980744507383 -3.0571941514392678 0
      vertex 2.9522980744507383 -3.0571941514392678 10
    endloop
  endfacet
  facet normal 0.7009092642998489 -0.7132504491541835 0
    outer loop
      vertex 2.9522980744507383 -3.0571941514392678 0
      vertex 3.0052038200428273 -3.0052038200428273 0
      vertex 3.0052038200428273 -3.0052038200428273 10
    endloop
  endfacet
  facet normal 0.7132504491541835 -0.7009092642998489 0
    outer loop
      vertex 3.0052038200428273 -3.0052038200428273 0
      vertex 3.0571941514392678 -2.9522980744507383 0
      vertex 3.0052038200428273 -3.0052038200428273 10
    endloop
  endfacet
  facet normal 0.7253743710122903 -0.688354575693751 0
    outer loop
      vertex 3.0571941514392678 -2.9522980744507383 0
      vertex 3.1082532318814744 -2.8984930302656187 0
      vertex 3.0571941514392678 -2.9522980744507383 10
    endloop
  endfacet
  facet normal 0.7372773368101214 -0.6755902076156632 0
    outer loop
      vertex 3.1082532318814744 -2.8984930302656187 0
      vertex 3.1583655082789255 -2.8438050770251477 0
      vertex 3.1082532318814744 -2.8984930302656187 10
    endloop
  endfacet
  facet normal 0.7489557207890057 -0.6626200482157335 0
    outer loop
      vertex 3.1583655082789255 -2.8438050770251477 0
      vertex 3.207515715946781 -2.788250873209656 0
      vertex 3.1583655082789255 -2.8438050770251477 10
    endloop
  endfacet
  facet normal 0.7604059656000298 -0.6494480483301851 0
    outer loop
      vertex 3.207515715946781 -2.788250873209656 0
      vertex 3.2556888832556568 -2.731847341167792 0
      vertex 3.207515715946781 -2.788250873209656 10
    endloop
  endfacet
  facet normal 0.7716245833877213 -0.6360782202777623 0
    outer loop
      vertex 3.2556888832556568 -2.731847341167792 0
      vertex 3.302870336192126 -2.674611661961809 0
      vertex 3.2556888832556568 -2.731847341167792 10
    endloop
  endfacet
  facet normal 0.7826081568524126 -0.6225146366376213 0
    outer loop
      vertex 3.302870336192126 -2.674611661961809 0
      vertex 3.349045702828568 -2.616561270134048 0
      vertex 3.302870336192126 -2.674611661961809 10
    endloop
  endfacet
  facet normal 0.793353340291237 -0.6087614290087182 0
    outer loop
      vertex 3.349045702828568 -2.616561270134048 0
      vertex 3.3942009177009944 -2.557713848396205 0
      vertex 3.349045702828568 -2.616561270134048 10
    endloop
  endfacet
  facet normal 0.8038568606172153 -0.5948227867513439 0
    outer loop
      vertex 3.3942009177009944 -2.557713848396205 0
      vertex 3.4383222260935264 -2.498087322243011 0
      vertex 3.3942009177009944 -2.557713848396205 10
    endloop
  endfacet
  facet normal 0.8141155183563198 -0.5807029557109389 0
    outer loop
      vertex 3.4383222260935264 -2.498087322243011 0
      vertex 3.481396188228215 -2.437699854491946 0
      vertex 3.4383222260935264 -2.498087322243011 10
    endloop
  endfacet
  facet normal 0.8241261886220163 -0.5664062369248319 0
    outer loop
      vertex 3.481396188228215 -2.437699854491946 0
      vertex 3.523409683358927 -2.3765698397506743 0
      vertex 3.481396188228215 -2.437699854491946 10
    endloop
  endfacet
  facet normal 0.833885822067165 -0.5519369853120628 0
    outer loop
      vertex 3.523409683358927 -2.3765698397506743 0
      vertex 3.5643499137680523 -2.314715898813865 0
      vertex 3.523409683358927 -2.3765698397506743 10
    endloop
  endfacet
  facet normal 0.8433914458128886 -0.5372996083468191 0
    outer loop
      vertex 3.5643499137680523 -2.314715898813865 0
      vertex 3.60420440866481 -2.252156872991121 0
      vertex 3.5643499137680523 -2.314715898813865 10
    endloop
  endfacet
  facet normal 0.8526401643540904 -0.5224985647159517 0
    outer loop
      vertex 3.60420440866481 -2.252156872991121 0
      vertex 3.6429610279839775 -2.18891181836773 0
      vertex 3.60420440866481 -2.252156872991121 10
    endloop
  endfacet
  facet normal 0.8616291604415264 -0.507538362960703 0
    outer loop
      vertex 3.6429610279839775 -2.18891181836773 0
      vertex 3.680607966083864 -2.125 0
      vertex 3.6429610279839775 -2.18891181836773 10
    endloop
  endfacet
  facet normal 0 0 -1
    outer loop
      vertex 2.8438050770251477 -3.1583655082789255 0
      vertex 2.8145825622994254 -1.625 0
      vertex 2.842514048203036 -1.5756312658005955 0
    endloop
  endfacet
  facet normal 0 0 -1
    outer loop
      vertex 2.8438050770251477 -3.1583655082789255 0
      vertex 2.842514048203036 -1.5756312658005955 0
      vertex 2.8695796767915125 -1.525782579054145 0
    endloop
  endfacet
  facet normal 0 0 -1
    outer loop
      vertex 2.8984930302656187 -3.1082532318814744 0
      vertex 2.8695796767915125 -1.525782579054145 0
      vertex 2.895771203612196 -1.475469124153527 0
    endloop
  endfacet
  facet normal 0 0 -1
    outer loop
      vertex 2.8984930302656187 -3.1082532318814744 0
      vertex 2.895771203612196 -1.475469124153527 0
      vertex 2.921080650472293 -1.4247062270645015 0
    endloop
  endfacet
  facet normal 0 0 -1
    outer loop
      vertex 2.9522980744507383 -3.0571941514392678 0
      vertex 2.921080650472293 -1.4247062270645015 0
      vertex 2.9455003078691124 -1.373509350657273 0
    endloop
  endfacet
  facet normal 0 0 -1
    outer loop
      vertex 2.9522980744507383 -3.0571941514392678 0
      vertex 2.9455003078691124 -1.373509350657273 0
      vertex 2.969022737338453 -1.3218940899963507 0
    endloop
  endfacet
  facet normal 0 0 -1
    outer loop
      vertex 3.0052038200428273 -3.0052038200428273 0
      vertex 2.969022737338453 -1.3218940899963507 0
      vertex 2.991640773720431 -1.2698761675901398 0
    endloop
  endfacet
  facet normal 0 0 -1
    outer loop
      vertex 3.1583655082789255 -2.8438050770251477 0
      vertex 3.1789797023848685 -0.6757129951577179 0
      vertex 3.207515715946781 -2.788250873209656 0
    endloop
  endfacet
  facet normal 0 0 -1
    outer loop
      vertex 3.0052038200428273 -3.0052038200428273 0
      vertex 2.991640773720431 -1.2698761675901398 0
      vertex 3.0133475273420594 -1.217471428601714 0
    endloop
  endfacet
  facet normal 0 0 -1
    outer loop
      vertex 3.0052038200428273 -3.0052038200428273 0
      vertex 3.0133475273420594 -1.217471428601714 0
      vertex 3.0341363861159056 -1.164695836022226 0
    endloop
  endfacet
  facet normal 0 0 -1
    outer loop
      vertex 3.0571941514392678 -2.9522980744507383 0
      vertex 3.0341363861159056 -1.164695836022226 0
      vertex 3.0540010175542025 -1.1115654658084233 0
    endloop
  endfacet
  facet normal 0 0 -1
    outer loop
      vertex 3.0571941514392678 -2.9522980744507383 0
      vertex 3.0540010175542025 -1.1115654658084233 0
      vertex 3.0729353706977798 -1.0580965019857593 0
    endloop
  endfacet
  facet normal 0 0 -1
    outer loop
      vertex 3.0571941514392678 -2.9522980744507383 0
      vertex 3.0729353706977798 -1.0580965019857593 0
      vertex 3.090933677959249 -1.004305231718579 0
    endloop
  endfacet
  facet normal 0 0 -1
    outer loop
      vertex 3.1082532318814744 -2.8984930302656187 0
      vertex 3.090933677959249 -1.004305231718579 0
      vertex 3.107990456879865 -0.9502080403488945 0
    endloop
  endfacet
  facet normal 0 0 -1
    outer loop
      vertex 3.1082532318814744 -2.8984930302656187 0
      vertex 3.107990456879865 -0.9502080403488945 0
      vertex 3.1241005117995364 -0.8958214064052473 0
    endloop
  endfacet
  facet normal 0 0 -1
    outer loop
      vertex 3.1082532318814744 -2.8984930302656187 0
      vertex 3.1241005117995364 -0.8958214064052473 0
      vertex 3.139258935439472 -0.8411618965831924 0
    endloop
  endfacet
  facet normal 0 0 -1
    outer loop
      vertex 3.1583655082789255 -2.8438050770251477 0
      vertex 3.139258935439472 -0.8411618965831924 0
      vertex 3.1534611103969885 -0.7862461606989202 0
    endloop
  endfacet
  facet normal 0 0 -1
    outer loop
      vertex 3.1583655082789255 -2.8438050770251477 0
      vertex 3.1534611103969885 -0.7862461606989202 0
      vertex 3.1667027105520145 -0.7310909266175613 0
    endloop
  endfacet
  facet normal 0 0 -1
    outer loop
      vertex 3.1583655082789255 -2.8438050770251477 0
      vertex 3.1667027105520145 -0.7310909266175613 0
      vertex 3.1789797023848685 -0.6757129951577179 0
    endloop
  endfacet
  facet normal 0 0 -1
    outer loop
      vertex 3.207515715946781 -2.788250873209656 0
      vertex 3.2321961599468882 -0.3397175056198738 0
      vertex 3.2556888832556568 -2.731847341167792 0
    endloop
  endfacet
  facet normal 0 0 -1
    outer loop
      vertex 3.207515715946781 -2.788250873209656 0
      vertex 3.1789797023848685 -0.6757129951577179 0
      vertex 3.190288346204908 -0.6201292349737706 0
    endloop
  endfacet
  facet normal 0 0 -1
    outer loop
      vertex 3.207515715946781 -2.788250873209656 0
      vertex 3.190288346204908 -0.6201292349737706 0
      vertex 3.200625197289676 -0.5643565774175235 0
    endloop
  endfacet
  facet normal 0 0 -1
    outer loop
      vertex 3.207515715946781 -2.788250873209656 0
      vertex 3.200625197289676 -0.5643565774175235 0
      vertex 3.209987106934198 -0.5084120113807503 0
    endloop
  endfacet
  facet normal 0 0 -1
    outer loop
      vertex 3.207515715946781 -2.788250873209656 0
      vertex 3.209987106934198 -0.5084120113807503 0
      vertex 3.2183712234101036 -0.4523125781202127 0
    endloop
  endfacet
  facet normal 0 0 -1
    outer loop
      vertex 3.207515715946781 -2.788250873209656 0
      vertex 3.2183712234101036 -0.4523125781202127 0
      vertex 3.2257749928342965 -0.3960753660667293 0
    endloop
  endfacet
  facet normal 0 0 -1
    outer loop
      vertex 3.207515715946781 -2.788250873209656 0
      vertex 3.2257749928342965 -0.3960753660667293 0
      vertex 3.2321961599468882 -0.3397175056198738 0
    endloop
  endfacet
  facet normal 0 0 -1
    outer loop
      vertex 3.2556888832556568 -2.731847341167792 0
      vertex 3.2321961599468882 -0.3397175056198738 0
      vertex 3.237632768798173 -0.28325616392988906 0
    endloop
  endfacet
  facet normal 0 0 -1
    outer loop
      vertex 3.2556888832556568 -2.731847341167792 0
      vertex 3.237632768798173 -0.28325616392988906 0
      vertex 3.2420831633444287 -0.22670853966840723 0
    endloop
  endfacet
  facet normal 0 0 -1
    outer loop
      vertex 3.2556888832556568 -2.731847341167792 0
      vertex 3.2420831633444287 -0.22670853966840723 0
      vertex 3.245545987952365 -0.17009185778956745 0
    endloop
  endfacet
  facet normal 0 0 -1
    outer loop
      vertex 3.2556888832556568 -2.731847341167792 0
      vertex 3.245545987952365 -0.17009185778956745 0
      vertex 3.2480201878120614 -0.11342336428312814 0
    endloop
  endfacet
  facet normal 0 0 -1
    outer loop
      vertex 3.2556888832556568 -2.731847341167792 0
      vertex 3.2480201878120614 -0.11342336428312814 0
      vertex 3.2495050092582716 -0.056720320921171415 0
    endloop
  endfacet
  facet normal 0 0 -1
    outer loop
      vertex 3.2556888832556568 -2.731847341167792 0
      vertex 3.2495050092582716 -0.056720320921171415 0
      vertex 3.25 0 0
    endloop
  endfacet
  facet normal 0 0 -1
    outer loop
      vertex 3.2556888832556568 -2.731847341167792 0
      vertex 3.302870336192126 2.674611661961809 0
      vertex 3.302870336192126 -2.674611661961809 0
    endloop
  endfacet
  facet normal 0 0 -1
    outer loop
      vertex 3.302870336192126 -2.674611661961809 0
      vertex 3.349045702828568 2.616561270134048 0
      vertex 3.349045702828568 -2.616561270134048 0
    endloop
  endfacet
  facet normal 0 0 -1
    outer loop
      vertex 3.349045702828568 -2.616561270134048 0
      vertex 3.3942009177009944 2.557713848396205 0
      vertex 3.3942009177009944 -2.557713848396205 0
    endloop
  endfacet
  facet normal 0 0 -1
    outer loop
      vertex 3.3942009177009944 -2.557713848396205 0
      vertex 3.4383222260935264 2.498087322243011 0
      vertex 3.4383222260935264 -2.498087322243011 0
    endloop
  endfacet
  facet normal 0 0 -1
    outer loop
      vertex 3.4383222260935264 -2.498087322243011 0
      vertex 3.481396188228215 2.437699854491946 0
      vertex 3.481396188228215 -2.437699854491946 0
    endloop
  endfacet
  facet normal 0 0 -1
    outer loop
      vertex 3.481396188228215 -2.437699854491946 0
      vertex 3.523409683358927 2.3765698397506743 0
      vertex 3.523409683358927 -2.3765698397506743 0
    endloop
  endfacet
  facet normal 0 0 -1
    outer loop
      vertex 3.523409683358927 -2.3765698397506743 0
      vertex 3.5643499137680523 2.314715898813865 0
      vertex 3.5643499137680523 -2.314715898813865 0
    endloop
  endfacet
  facet normal 0 0 -1
    outer loop
      vertex 3.5643499137680523 -2.314715898813865 0
      vertex 3.60420440866481 2.252156872991121 0
      vertex 3.60420440866481 -2.252156872991121 0
    endloop
  endfacet
  facet normal 0 0 -1
    outer loop
      vertex 3.60420440866481 -2.252156872991121 0
      vertex 3.6429610279839775 2.18891181836773 0
      vertex 3.6429610279839775 -2.18891181836773 0
    endloop
  endfacet
  facet normal 0 0 -1
    outer loop
      vertex 3.6429610279839775 -2.18891181836773 0
      vertex 3.680607966083864 2.125 0
      vertex 3.680607966083864 -2.125 0
    endloop
  endfacet
  facet normal 0 0 -1
    outer loop
      vertex 3.680607966083864 -2.125 0
      vertex 3.7171337553424317 2.0604408860469325 0
      vertex 3.7171337553424317 -2.0604408860469325 0
    endloop
  endfacet
  facet normal 0 0 -1
    outer loop
      vertex 3.7171337553424317 -2.0604408860469325 0
      vertex 3.7525272696504395 1.995254141840036 0
      vertex 3.7525272696504395 -1.995254141840036 0
    endloop
  endfacet
  facet normal 0 0 -1
    outer loop
      vertex 3.7525272696504395 -1.995254141840036 0
      vertex 3.7867777278005637 1.9294596238930737 0
      vertex 3.7867777278005637 -1.9294596238930737 0
    endloop
  endfacet
  facet normal 0 0 -1
    outer loop
      vertex 3.7867777278005637 -1.9294596238930737 0
      vertex 3.81987469677146 1.8630773738535789 0
      vertex 3.81987469677146 -1.8630773738535789 0
    endloop
  endfacet
  facet normal 0 0 -1
    outer loop
      vertex 3.81987469677146 -1.8630773738535789 0
      vertex 3.851808094905762 1.7961276123979726 0
      vertex 3.851808094905762 -1.7961276123979726 0
    endloop
  endfacet
  facet normal 0 0 -1
    outer loop
      vertex 3.851808094905762 -1.7961276123979726 0
      vertex 3.8825681949810535 1.7286307330721509 0
      vertex 3.8825681949810535 -1.7286307330721509 0
    endloop
  endfacet
  facet normal 0 0 -1
    outer loop
      vertex 3.8825681949810535 -1.7286307330721509 0
      vertex 3.9121456271728716 1.6606072960794136 0
      vertex 3.9121456271728716 -1.6606072960794136 0
    endloop
  endfacet
  facet normal 0 0 -1
    outer loop
      vertex 3.9121456271728716 -1.6606072960794136 0
      vertex 3.9405313819088468 1.592078022017626 0
      vertex 3.9405313819088468 -1.592078022017626 0
    endloop
  endfacet
  facet normal 0 0 -1
    outer loop
      vertex 3.9405313819088468 -1.592078022017626 0
      vertex 3.9677168126131073 1.5230637855675262 0
      vertex 3.9677168126131073 -1.5230637855675262 0
    endloop
  endfacet
  facet normal 0 0 -1
    outer loop
      vertex 3.9677168126131073 -1.5230637855675262 0
      vertex 3.993693638340111 1.453585609134092 0
      vertex 3.993693638340111 -1.453585609134092 0
    endloop
  endfacet
  facet normal 0 0 -1
    outer loop
      vertex 3.993693638340111 -1.453585609134092 0
      vertex 4.018453946297097 1.383664656442916 0
      vertex 4.018453946297097 -1.383664656442916 0
    endloop
  endfacet
  facet normal 0 0 -1
    outer loop
      vertex 4.018453946297097 -1.383664656442916 0
      vertex 4.041990194254402 1.3133222260935264 0
      vertex 4.041990194254402 -1.3133222260935264 0
    endloop
  endfacet
  facet normal 0 0 -1
    outer loop
      vertex 4.041990194254402 -1.3133222260935264 0
      vertex 4.0642952128429 1.2425797450716312 0
      vertex 4.0642952128429 -1.2425797450716312 0
    endloop
  endfacet
  facet normal 0 0 -1
    outer loop
      vertex 4.0642952128429 -1.2425797450716312 0
      vertex 4.085362207737855 1.1714587622222465 0
      vertex 4.085362207737855 -1.1714587622222465 0
    endloop
  endfacet
  facet normal 0 0 -1
    outer loop
      vertex 4.085362207737855 -1.1714587622222465 0
      vertex 4.10518476172854 1.0999809416857131 0
      vertex 4.10518476172854 -1.0999809416857131 0
    endloop
  endfacet
  facet normal 0 0 -1
    outer loop
      vertex 4.10518476172854 -1.0999809416857131 0
      vertex 4.123756836672985 1.0281680562985878 0
      vertex 4.123756836672985 -1.0281680562985878 0
    endloop
  endfacet
  facet normal 0 0 -1
    outer loop
      vertex 4.123756836672985 -1.0281680562985878 0
      vertex 4.14107277533725 0.9560419809614262 0
      vertex 4.14107277533725 -0.9560419809614262 0
    endloop
  endfacet
  facet normal 0 0 -1
    outer loop
      vertex 4.14107277533725 -0.9560419809614262 0
      vertex 4.157127303118674 0.8836246859754772 0
      vertex 4.157127303118674 -0.8836246859754772 0
    endloop
  endfacet
  facet normal 0 0 -1
    outer loop
      vertex 4.157127303118674 -0.8836246859754772 0
      vertex 4.171915529652572 0.8109382303503154 0
      vertex 4.171915529652572 -0.8109382303503154 0
    endloop
  endfacet
  facet normal 0 0 -1
    outer loop
      vertex 4.171915529652572 -0.8109382303503154 0
      vertex 4.185432950301884 0.738004755084454 0
      vertex 4.185432950301884 -0.738004755084454 0
    endloop
  endfacet
  facet normal 0 0 -1
    outer loop
      vertex 4.185432950301884 -0.738004755084454 0
      vertex 4.197675447529336 0.6648464764209812 0
      vertex 4.197675447529336 -0.6648464764209812 0
    endloop
  endfacet
  facet normal 0 0 -1
    outer loop
      vertex 4.197675447529336 -0.6648464764209812 0
      vertex 4.208639292151674 0.5914856790802782 0
      vertex 4.208639292151674 -0.5914856790802782 0
    endloop
  endfacet
  facet normal 0 0 -1
    outer loop
      vertex 4.208639292151674 -0.5914856790802782 0
      vertex 4.218321144475619 0.5179447094718768 0
      vertex 4.218321144475619 -0.5179447094718768 0
    endloop
  endfacet
  facet normal 0 0 -1
    outer loop
      vertex 4.218321144475619 -0.5179447094718768 0
      vertex 4.226718055315161 0.44424596888752726 0
      vertex 4.226718055315161 -0.44424596888752726 0
    endloop
  endfacet
  facet normal 0 0 -1
    outer loop
      vertex 4.226718055315161 -0.44424596888752726 0
      vertex 4.2338274668899185 0.3704119066775472 0
      vertex 4.2338274668899185 -0.3704119066775472 0
    endloop
  endfacet
  facet normal 0 0 -1
    outer loop
      vertex 4.2338274668899185 -0.3704119066775472 0
      vertex 4.239647213604253 0.2964650134125325 0
      vertex 4.239647213604253 -0.2964650134125325 0
    endloop
  endfacet
  facet normal 0 0 -1
    outer loop
      vertex 4.239647213604253 -0.2964650134125325 0
      vertex 4.244175522706938 0.2224278140325113 0
      vertex 4.244175522706938 -0.2224278140325113 0
    endloop
  endfacet
  facet normal 0 0 -1
    outer loop
      vertex 4.244175522706938 -0.2224278140325113 0
      vertex 4.247411014831157 0.1483228609856291 0
      vertex 4.247411014831157 -0.1483228609856291 0
    endloop
  endfacet
  facet normal 0 0 -1
    outer loop
      vertex 4.247411014831157 -0.1483228609856291 0
      vertex 4.249352704414663 0.07417272735845493 0
      vertex 4.249352704414663 -0.07417272735845493 0
    endloop
  endfacet
  facet normal 0.8703556959399014 -0.49242356010346433 0
    outer loop
      vertex 3.680607966083864 -2.125 0
      vertex 3.7171337553424317 -2.0604408860469325 0
      vertex 3.680607966083864 -2.125 10
    endloop
  endfacet
  facet normal 0.878817112661963 -0.47715876025961285 0
    outer loop
      vertex 3.7171337553424317 -2.0604408860469325 0
      vertex 3.7525272696504395 -1.995254141840036 0
      vertex 3.7171337553424317 -2.0604408860469325 10
    endloop
  endfacet
  facet normal 0.8870108331782215 -0.4617486132350345 0
    outer loop
      vertex 3.7525272696504395 -1.995254141840036 0
      vertex 3.7867777278005637 -1.9294596238930737 0
      vertex 3.7525272696504395 -1.995254141840036 10
    endloop
  endfacet
  facet normal 0.8949343616020243 -0.44619781310981016 0
    outer loop
      vertex 3.7867777278005637 -1.9294596238930737 0
      vertex 3.81987469677146 -1.8630773738535789 0
      vertex 3.7867777278005637 -1.9294596238930737 10
    endloop
  endfacet
  facet normal 0.9025852843498637 -0.43051109680828864 0
    outer loop
      vertex 3.81987469677146 -1.8630773738535789 0
      vertex 3.851808094905762 -1.7961276123979726 0
      vertex 3.81987469677146 -1.8630773738535789 10
    endloop
  endfacet
  facet normal 0.909961270876543 -0.4146932426562396 0
    outer loop
      vertex 3.851808094905762 -1.7961276123979726 0
      vertex 3.8825681949810535 -1.7286307330721509 0
      vertex 3.851808094905762 -1.7961276123979726 10
    endloop
  endfacet
  facet normal 0.9170600743851214 -0.3987490689252525 0
    outer loop
      vertex 3.8825681949810535 -1.7286307330721509 0
      vertex 3.9121456271728716 -1.6606072960794136 0
      vertex 3.8825681949810535 -1.7286307330721509 10
    endloop
  endfacet
  facet normal 0.9238795325112868 -0.3826834323650897 0
    outer loop
      vertex 3.9121456271728716 -1.6606072960794136 0
      vertex 3.9405313819088468 -1.592078022017626 0
      vertex 3.9121456271728716 -1.6606072960794136 10
    endloop
  endfacet
  facet normal 0.9304175679820265 -0.3665012267242922 0
    outer loop
      vertex 3.9405313819088468 -1.592078022017626 0
      vertex 3.9677168126131073 -1.5230637855675262 0
      vertex 3.9405313819088468 -1.592078022017626 10
    endloop
  endfacet
  facet normal 0.936672189248396 -0.3502073812594721 0
    outer loop
      vertex 3.9677168126131073 -1.5230637855675262 0
      vertex 3.993693638340111 -1.453585609134092 0
      vertex 3.9677168126131073 -1.5230637855675262 10
    endloop
  endfacet
  facet normal 0.9426414910921779 -0.3338068592337723 0
    outer loop
      vertex 3.993693638340111 -1.453585609134092 0
      vertex 4.018453946297097 -1.383664656442916 0
      vertex 3.993693638340111 -1.453585609134092 10
    endloop
  endfacet
  facet normal 0.9483236552062033 -0.31730465640508027 0
    outer loop
      vertex 4.018453946297097 -1.383664656442916 0
      vertex 4.041990194254402 -1.3133222260935264 0
      vertex 4.018453946297097 -1.383664656442916 10
    endloop
  endfacet
  facet normal 0.9537169507482267 -0.3007057995042735 0
    outer loop
      vertex 4.041990194254402 -1.3133222260935264 0
      vertex 4.0642952128429 -1.2425797450716312 0
      vertex 4.041990194254402 -1.3133222260935264 10
    endloop
  endfacet
  facet normal 0.9588197348681905 -0.2840153447039317 0
    outer loop
      vertex 4.0642952128429 -1.2425797450716312 0
      vertex 4.085362207737855 -1.1714587622222465 0
      vertex 4.0642952128429 -1.2425797450716312 10
    endloop
  endfacet
  facet normal 0.9636304532086236 -0.2672383760782544 0
    outer loop
      vertex 4.085362207737855 -1.1714587622222465 0
      vertex 4.10518476172854 -1.0999809416857131 0
      vertex 4.085362207737855 -1.1714587622222465 10
    endloop
  endfacet
  facet normal 0.9681476403781066 -0.2503800040544458 0
    outer loop
      vertex 4.10518476172854 -1.0999809416857131 0
      vertex 4.123756836672985 -1.0281680562985878 0
      vertex 4.10518476172854 -1.0999809416857131 10
    endloop
  endfacet
  facet normal 0.9723699203976773 -0.23344536385590295 0
    outer loop
      vertex 4.123756836672985 -1.0281680562985878 0
      vertex 4.14107277533725 -0.9560419809614262 0
      vertex 4.123756836672985 -1.0281680562985878 10
    endloop
  endfacet
  facet normal 0.976296007119933 -0.21643961393810432 0
    outer loop
      vertex 4.14107277533725 -0.9560419809614262 0
      vertex 4.157127303118674 -0.8836246859754772 0
      vertex 4.14107277533725 -0.9560419809614262 10
    endloop
  endfacet
  facet normal 0.97992470462083 -0.19936793441719486 0
    outer loop
      vertex 4.157127303118674 -0.8836246859754772 0
      vertex 4.171915529652572 -0.8109382303503154 0
      vertex 4.157127303118674 -0.8836246859754772 10
    endloop
  endfacet
  facet normal 0.9832549075639556 -0.18223552549214228 0
    outer loop
      vertex 4.171915529652572 -0.8109382303503154 0
      vertex 4.185432950301884 -0.738004755084454 0
      vertex 4.171915529652572 -0.8109382303503154 10
    endloop
  endfacet
  facet normal 0.9862856015372301 -0.1650476058606863 0
    outer loop
      vertex 4.185432950301884 -0.738004755084454 0
      vertex 4.197675447529336 -0.6648464764209812 0
      vertex 4.185432950301884 -0.738004755084454 10
    endloop
  endfacet
  facet normal 0.9890158633619167 -0.1478094111296116 0
    outer loop
      vertex 4.197675447529336 -0.6648464764209812 0
      vertex 4.208639292151674 -0.5914856790802782 0
      vertex 4.197675447529336 -0.6648464764209812 10
    endloop
  endfacet
  facet normal 0.9914448613738113 -0.13052619222004558 0
    outer loop
      vertex 4.208639292151674 -0.5914856790802782 0
      vertex 4.218321144475619 -0.5179447094718768 0
      vertex 4.208639292151674 -0.5914856790802782 10
    endloop
  endfacet
  facet normal 0.993571855676588 -0.113203213767903 0
    outer loop
      vertex 4.218321144475619 -0.5179447094718768 0
      vertex 4.226718055315161 -0.44424596888752726 0
      vertex 4.218321144475619 -0.5179447094718768 10
    endloop
  endfacet
  facet normal 0.9953961983671783 -0.09584575252022881 0
    outer loop
      vertex 4.226718055315161 -0.44424596888752726 0
      vertex 4.2338274668899185 -0.3704119066775472 0
      vertex 4.226718055315161 -0.44424596888752726 10
    endloop
  endfacet
  facet normal 0.9969173337331279 -0.07845909572784585 0
    outer loop
      vertex 4.2338274668899185 -0.3704119066775472 0
      vertex 4.239647213604253 -0.2964650134125325 0
      vertex 4.2338274668899185 -0.3704119066775472 10
    endloop
  endfacet
  facet normal 0.9981347984218675 -0.06104853953484887 0
    outer loop
      vertex 4.239647213604253 -0.2964650134125325 0
      vertex 4.244175522706938 -0.2224278140325113 0
      vertex 4.239647213604253 -0.2964650134125325 10
    endloop
  endfacet
  facet normal 0.9990482215818571 -0.04361938736534835 0
    outer loop
      vertex 4.244175522706938 -0.2224278140325113 0
      vertex 4.247411014831157 -0.1483228609856291 0
      vertex 4.244175522706938 -0.2224278140325113 10
    endloop
  endfacet
  facet normal 0.9996573249755576 -0.02617694830786596 0
    outer loop
      vertex 4.247411014831157 -0.1483228609856291 0
      vertex 4.249352704414663 -0.07417272735845493 0
      vertex 4.247411014831157 -0.1483228609856291 10
    endloop
  endfacet
  facet normal 0.9999619230641712 -0.008726535498375933 0
    outer loop
      vertex 4.249352704414663 -0.07417272735845493 0
      vertex 4.25 0 0
      vertex 4.249352704414663 -0.07417272735845493 10
    endloop
  endfacet
  facet normal 0.008726535498375933 -0.9999619230641712 0
    outer loop
      vertex 0 -4.25 0
      vertex 0.07417272735845493 -4.249352704414663 10
      vertex 0 -4.25 10
    endloop
  endfacet
  facet normal 0.02617694830786596 -0.9996573249755576 0
    outer loop
      vertex 0.07417272735845493 -4.249352704414663 0
      vertex 0.1483228609856291 -4.247411014831157 10
      vertex 0.07417272735845493 -4.249352704414663 10
    endloop
  endfacet
  facet normal 0.04361938736534835 -0.9990482215818571 0
    outer loop
      vertex 0.1483228609856291 -4.247411014831157 0
      vertex 0.2224278140325113 -4.244175522706938 10
      vertex 0.1483228609856291 -4.247411014831157 10
    endloop
  endfacet
  facet normal 0.06104853953484887 -0.9981347984218675 0
    outer loop
      vertex 0.2224278140325113 -4.244175522706938 0
      vertex 0.2964650134125325 -4.239647213604253 10
      vertex 0.2224278140325113 -4.244175522706938 10
    endloop
  endfacet
  facet normal 0.07845909572784585 -0.9969173337331279 0
    outer loop
      vertex 0.2964650134125325 -4.239647213604253 0
      vertex 0.3704119066775472 -4.2338274668899185 10
      vertex 0.2964650134125325 -4.239647213604253 10
    endloop
  endfacet
  facet normal 0.09584575252022881 -0.9953961983671783 0
    outer loop
      vertex 0.3704119066775472 -4.2338274668899185 0
      vertex 0.44424596888752726 -4.226718055315161 10
      vertex 0.3704119066775472 -4.2338274668899185 10
    endloop
  endfacet
  facet normal 0.113203213767903 -0.993571855676588 0
    outer loop
      vertex 0.44424596888752726 -4.226718055315161 0
      vertex 0.5179447094718768 -4.218321144475619 10
      vertex 0.44424596888752726 -4.226718055315161 10
    endloop
  endfacet
  facet normal 0.13052619222004558 -0.9914448613738113 0
    outer loop
      vertex 0.5179447094718768 -4.218321144475619 0
      vertex 0.5914856790802782 -4.208639292151674 10
      vertex 0.5179447094718768 -4.218321144475619 10
    endloop
  endfacet
  facet normal 0.1478094111296116 -0.9890158633619167 0
    outer loop
      vertex 0.5914856790802782 -4.208639292151674 0
      vertex 0.6648464764209812 -4.197675447529336 10
      vertex 0.5914856790802782 -4.208639292151674 10
    endloop
  endfacet
  facet normal 0.1650476058606863 -0.9862856015372301 0
    outer loop
      vertex 0.6648464764209812 -4.197675447529336 0
      vertex 0.738004755084454 -4.185432950301884 10
      vertex 0.6648464764209812 -4.197675447529336 10
    endloop
  endfacet
  facet normal 0.18223552549214228 -0.9832549075639556 0
    outer loop
      vertex 0.738004755084454 -4.185432950301884 0
      vertex 0.8109382303503154 -4.171915529652572 10
      vertex 0.738004755084454 -4.185432950301884 10
    endloop
  endfacet
  facet normal 0.19936793441719486 -0.97992470462083 0
    outer loop
      vertex 0.8109382303503154 -4.171915529652572 0
      vertex 0.8836246859754772 -4.157127303118674 10
      vertex 0.8109382303503154 -4.171915529652572 10
    endloop
  endfacet
  facet normal 0.21643961393810432 -0.976296007119933 0
    outer loop
      vertex 0.8836246859754772 -4.157127303118674 0
      vertex 0.9560419809614262 -4.14107277533725 10
      vertex 0.8836246859754772 -4.157127303118674 10
    endloop
  endfacet
  facet normal 0.23344536385590295 -0.9723699203976773 0
    outer loop
      vertex 0.9560419809614262 -4.14107277533725 0
      vertex 1.0281680562985878 -4.123756836672985 10
      vertex 0.9560419809614262 -4.14107277533725 10
    endloop
  endfacet
  facet normal 0.2503800040544458 -0.9681476403781066 0
    outer loop
      vertex 1.0281680562985878 -4.123756836672985 0
      vertex 1.0999809416857131 -4.10518476172854 10
      vertex 1.0281680562985878 -4.123756836672985 10
    endloop
  endfacet
  facet normal 0.2672383760782544 -0.9636304532086236 0
    outer loop
      vertex 1.0999809416857131 -4.10518476172854 0
      vertex 1.1714587622222465 -4.085362207737855 10
      vertex 1.0999809416857131 -4.10518476172854 10
    endloop
  endfacet
  facet normal 0.2840153447039317 -0.9588197348681905 0
    outer loop
      vertex 1.1714587622222465 -4.085362207737855 0
      vertex 1.2425797450716312 -4.0642952128429 10
      vertex 1.1714587622222465 -4.085362207737855 10
    endloop
  endfacet
  facet normal 0.3007057995042735 -0.9537169507482267 0
    outer loop
      vertex 1.2425797450716312 -4.0642952128429 0
      vertex 1.3133222260935264 -4.041990194254402 10
      vertex 1.2425797450716312 -4.0642952128429 10
    endloop
  endfacet
  facet normal 0.31730465640508027 -0.9483236552062033 0
    outer loop
      vertex 1.3133222260935264 -4.041990194254402 0
      vertex 1.383664656442916 -4.018453946297097 10
      vertex 1.3133222260935264 -4.041990194254402 10
    endloop
  endfacet
  facet normal 0.3338068592337723 -0.9426414910921779 0
    outer loop
      vertex 1.383664656442916 -4.018453946297097 0
      vertex 1.453585609134092 -3.993693638340111 10
      vertex 1.383664656442916 -4.018453946297097 10
    endloop
  endfacet
  facet normal 0.3502073812594721 -0.936672189248396 0
    outer loop
      vertex 1.453585609134092 -3.993693638340111 0
      vertex 1.5230637855675262 -3.9677168126131073 10
      vertex 1.453585609134092 -3.993693638340111 10
    endloop
  endfacet
  facet normal 0.3665012267242922 -0.9304175679820265 0
    outer loop
      vertex 1.5230637855675262 -3.9677168126131073 0
      vertex 1.592078022017626 -3.9405313819088468 10
      vertex 1.5230637855675262 -3.9677168126131073 10
    endloop
  endfacet
  facet normal 0.3826834323650897 -0.9238795325112868 0
    outer loop
      vertex 1.592078022017626 -3.9405313819088468 0
      vertex 1.6606072960794136 -3.9121456271728716 10
      vertex 1.592078022017626 -3.9405313819088468 10
    endloop
  endfacet
  facet normal 0.3987490689252525 -0.9170600743851214 0
    outer loop
      vertex 1.6606072960794136 -3.9121456271728716 0
      vertex 1.7286307330721509 -3.8825681949810535 10
      vertex 1.6606072960794136 -3.9121456271728716 10
    endloop
  endfacet
  facet normal 0.4146932426562396 -0.909961270876543 0
    outer loop
      vertex 1.7286307330721509 -3.8825681949810535 0
      vertex 1.7961276123979726 -3.851808094905762 10
      vertex 1.7286307330721509 -3.8825681949810535 10
    endloop
  endfacet
  facet normal 0.43051109680828864 -0.9025852843498637 0
    outer loop
      vertex 1.7961276123979726 -3.851808094905762 0
      vertex 1.8630773738535789 -3.81987469677146 10
      vertex 1.7961276123979726 -3.851808094905762 10
    endloop
  endfacet
  facet normal 0.44619781310981016 -0.8949343616020243 0
    outer loop
      vertex 1.8630773738535789 -3.81987469677146 0
      vertex 1.9294596238930737 -3.7867777278005637 10
      vertex 1.8630773738535789 -3.81987469677146 10
    endloop
  endfacet
  facet normal 0.4617486132350345 -0.8870108331782215 0
    outer loop
      vertex 1.9294596238930737 -3.7867777278005637 0
      vertex 1.995254141840036 -3.7525272696504395 10
      vertex 1.9294596238930737 -3.7867777278005637 10
    endloop
  endfacet
  facet normal 0.47715876025961285 -0.878817112661963 0
    outer loop
      vertex 1.995254141840036 -3.7525272696504395 0
      vertex 2.0604408860469325 -3.7171337553424317 10
      vertex 1.995254141840036 -3.7525272696504395 10
    endloop
  endfacet
  facet normal 0.49242356010346433 -0.8703556959399014 0
    outer loop
      vertex 2.0604408860469325 -3.7171337553424317 0
      vertex 2.125 -3.680607966083864 10
      vertex 2.0604408860469325 -3.7171337553424317 10
    endloop
  endfacet
  facet normal 0 0 1
    outer loop
      vertex 0 -4.25 10
      vertex 0.07417272735845493 -4.249352704414663 10
      vertex 0.047994117702529655 -2.749581161680076 10
    endloop
  endfacet
  facet normal 0 0 1
    outer loop
      vertex 0.07417272735845493 -4.249352704414663 10
      vertex 0.1483228609856291 -4.247411014831157 10
      vertex 0.047994117702529655 -2.749581161680076 10
    endloop
  endfacet
  facet normal 0 0 1
    outer loop
      vertex 0.1483228609856291 -4.247411014831157 10
      vertex 0.2224278140325113 -4.244175522706938 10
      vertex 0.14392387966809556 -2.746231220575078 10
    endloop
  endfacet
  facet normal 0 0 1
    outer loop
      vertex 0.2224278140325113 -4.244175522706938 10
      vertex 0.2964650134125325 -4.239647213604253 10
      vertex 0.19183030279634458 -2.7433011382145165 10
    endloop
  endfacet
  facet normal 0 0 1
    outer loop
      vertex 0.2964650134125325 -4.239647213604253 10
      vertex 0.3704119066775472 -4.2338274668899185 10
      vertex 0.28745327398604703 -2.7349352122627515 10
    endloop
  endfacet
  facet normal 0 0 1
    outer loop
      vertex 0.3704119066775472 -4.2338274668899185 10
      vertex 0.44424596888752726 -4.226718055315161 10
      vertex 0.33514069436415556 -2.7295019170136356 10
    endloop
  endfacet
  facet normal 0 0 1
    outer loop
      vertex 0.44424596888752726 -4.226718055315161 10
      vertex 0.5179447094718768 -4.218321144475619 10
      vertex 0.4301947788606349 -2.7161429366366288 10
    endloop
  endfacet
  facet normal 0 0 1
    outer loop
      vertex 0 -4.25 10
      vertex 0.047994117702529655 -2.749581161680076 10
      vertex 0 -2.75 10
    endloop
  endfacet
  facet normal 0 0 1
    outer loop
      vertex 0.1483228609856291 -4.247411014831157 10
      vertex 0.09597361593187767 -2.7483247743025134 10
      vertex 0.047994117702529655 -2.749581161680076 10
    endloop
  endfacet
  facet normal 0 0 1
    outer loop
      vertex 0.1483228609856291 -4.247411014831157 10
      vertex 0.14392387966809556 -2.746231220575078 10
      vertex 0.09597361593187767 -2.7483247743025134 10
    endloop
  endfacet
  facet normal 0 0 1
    outer loop
      vertex 0.2224278140325113 -4.244175522706938 10
      vertex 0.19183030279634458 -2.7433011382145165 10
      vertex 0.14392387966809556 -2.746231220575078 10
    endloop
  endfacet
  facet normal 0 0 1
    outer loop
      vertex 0.2964650134125325 -4.239647213604253 10
      vertex 0.23967829255605996 -2.7395354197523 10
      vertex 0.19183030279634458 -2.7433011382145165 10
    endloop
  endfacet
  facet normal 0 0 1
    outer loop
      vertex 0.5179447094718768 -4.218321144475619 10
      vertex 0.5914856790802782 -4.208639292151674 10
      vertex 0.4775324885840584 -2.708221320783572 10
    endloop
  endfacet
  facet normal 0 0 1
    outer loop
      vertex 0.2964650134125325 -4.239647213604253 10
      vertex 0.28745327398604703 -2.7349352122627515 10
      vertex 0.23967829255605996 -2.7395354197523 10
    endloop
  endfacet
  facet normal 0 0 1
    outer loop
      vertex 0.3704119066775472 -4.2338274668899185 10
      vertex 0.33514069436415556 -2.7295019170136356 10
      vertex 0.28745327398604703 -2.7349352122627515 10
    endloop
  endfacet
  facet normal 0 0 1
    outer loop
      vertex 0.44424596888752726 -4.226718055315161 10
      vertex 0.38272602764017993 -2.7232371890393186 10
      vertex 0.33514069436415556 -2.7295019170136356 10
    endloop
  endfacet
  facet normal 0 0 1
    outer loop
      vertex 0.44424596888752726 -4.226718055315161 10
      vertex 0.4301947788606349 -2.7161429366366288 10
      vertex 0.38272602764017993 -2.7232371890393186 10
    endloop
  endfacet
  facet normal 0 0 1
    outer loop
      vertex 0.5179447094718768 -4.218321144475619 10
      vertex 0.4775324885840584 -2.708221320783572 10
      vertex 0.4301947788606349 -2.7161429366366288 10
    endloop
  endfacet
  facet normal 0 0 1
    outer loop
      vertex 0.5914856790802782 -4.208639292151674 10
      vertex 0.5247247372854982 -2.6994747544810758 10
      vertex 0.4775324885840584 -2.708221320783572 10
    endloop
  endfacet
  facet normal 0 0 1
    outer loop
      vertex 0.5914856790802782 -4.208639292151674 10
      vertex 0.6648464764209812 -4.197675447529336 10
      vertex 0.5717571497488382 -2.6899059020179656 10
    endloop
  endfacet
  facet normal 0 0 1
    outer loop
      vertex 0.6648464764209812 -4.197675447529336 10
      vertex 0.738004755084454 -4.185432950301884 10
      vertex 0.6186153994456287 -2.679517678159397 10
    endloop
  endfacet
  facet normal 0 0 1
    outer loop
      vertex 0.738004755084454 -4.185432950301884 10
      vertex 0.8109382303503154 -4.171915529652572 10
      vertex 0.711752374031932 -2.6562960222949377 10
    endloop
  endfacet
  facet normal 0 0 1
    outer loop
      vertex 0.5914856790802782 -4.208639292151674 10
      vertex 0.5717571497488382 -2.6899059020179656 10
      vertex 0.5247247372854982 -2.6994747544810758 10
    endloop
  endfacet
  facet normal 0 0 1
    outer loop
      vertex 0.6648464764209812 -4.197675447529336 10
      vertex 0.6186153994456287 -2.679517678159397 10
      vertex 0.5717571497488382 -2.6899059020179656 10
    endloop
  endfacet
  facet normal 0 0 1
    outer loop
      vertex 0.8109382303503154 -4.171915529652572 10
      vertex 0.8836246859754772 -4.157127303118674 10
      vertex 0.8040221879875261 -2.6298380788983473 10
    endloop
  endfacet
  facet normal 0 0 1
    outer loop
      vertex 0.8836246859754772 -4.157127303118674 10
      vertex 0.9560419809614262 -4.14107277533725 10
      vertex 0.8497967345311054 -2.615405419811672 10
    endloop
  endfacet
  facet normal 0 0 1
    outer loop
      vertex 0.9560419809614262 -4.14107277533725 10
      vertex 1.0281680562985878 -4.123756836672985 10
      vertex 0.940555394145589 -2.584154707161248 10
    endloop
  endfacet
  facet normal 0 0 1
    outer loop
      vertex 1.0281680562985878 -4.123756836672985 10
      vertex 1.0999809416857131 -4.10518476172854 10
      vertex 0.9855118612495757 -2.5673461728673046 10
    endloop
  endfacet
  facet normal 0 0 1
    outer loop
      vertex 0.738004755084454 -4.185432950301884 10
      vertex 0.6652852128990863 -2.66831324725899 10
      vertex 0.6186153994456287 -2.679517678159397 10
    endloop
  endfacet
  facet normal 0 0 1
    outer loop
      vertex 0.738004755084454 -4.185432950301884 10
      vertex 0.711752374031932 -2.6562960222949377 10
      vertex 0.6652852128990863 -2.66831324725899 10
    endloop
  endfacet
  facet normal 0 0 1
    outer loop
      vertex 0.8109382303503154 -4.171915529652572 10
      vertex 0.7580027284967477 -2.643469663830377 10
      vertex 0.711752374031932 -2.6562960222949377 10
    endloop
  endfacet
  facet normal 0 0 1
    outer loop
      vertex 0.8109382303503154 -4.171915529652572 10
      vertex 0.8040221879875261 -2.6298380788983473 10
      vertex 0.7580027284967477 -2.643469663830377 10
    endloop
  endfacet
  facet normal 0 0 1
    outer loop
      vertex 0.8836246859754772 -4.157127303118674 10
      vertex 0.8497967345311054 -2.615405419811672 10
      vertex 0.8040221879875261 -2.6298380788983473 10
    endloop
  endfacet
  facet normal 0 0 1
    outer loop
      vertex 0.9560419809614262 -4.14107277533725 10
      vertex 0.8953124247571809 -2.6001760828981215 10
      vertex 0.8497967345311054 -2.615405419811672 10
    endloop
  endfacet
  facet normal 0 0 1
    outer loop
      vertex 0.9560419809614262 -4.14107277533725 10
      vertex 0.940555394145589 -2.584154707161248 10
      vertex 0.8953124247571809 -2.6001760828981215 10
    endloop
  endfacet
  facet normal 0 0 1
    outer loop
      vertex 1.0281680562985878 -4.123756836672985 10
      vertex 0.9855118612495757 -2.5673461728673046 10
      vertex 0.940555394145589 -2.584154707161248 10
    endloop
  endfacet
  facet normal 0 0 1
    outer loop
      vertex 1.0999809416857131 -4.10518476172854 10
      vertex 1.030168131893758 -2.549755600058665 10
      vertex 0.9855118612495757 -2.5673461728673046 10
    endloop
  endfacet
  facet normal 0 0 1
    outer loop
      vertex 1.0999809416857131 -4.10518476172854 10
      vertex 1.1714587622222465 -4.085362207737855 10
      vertex 1.074510603345503 -2.531388346994211 10
    endloop
  endfacet
  facet normal 0 0 1
    outer loop
      vertex 1.1714587622222465 -4.085362207737855 10
      vertex 1.2425797450716312 -4.0642952128429 10
      vertex 1.1622002197869234 -2.4923464143507874 10
    endloop
  endfacet
  facet normal 0 0 1
    outer loop
      vertex 1.2425797450716312 -4.0642952128429 10
      vertex 1.3133222260935264 -4.041990194254402 10
      vertex 1.205520653669963 -2.4716836273227094 10
    endloop
  endfacet
  facet normal 0 0 1
    outer loop
      vertex 1.3133222260935264 -4.041990194254402 10
      vertex 1.383664656442916 -4.018453946297097 10
      vertex 1.2910467976611997 -2.4281058803620494 10
    endloop
  endfacet
  facet normal 0 0 1
    outer loop
      vertex 1.383664656442916 -4.018453946297097 10
      vertex 1.453585609134092 -3.993693638340111 10
      vertex 1.375 -2.381569860407206 10
    endloop
  endfacet
  facet normal 0 0 1
    outer loop
      vertex 1.453585609134092 -3.993693638340111 10
      vertex 1.5230637855675262 -3.9677168126131073 10
      vertex 1.416354706002649 -2.357210076930809 10
    endloop
  endfacet
  facet normal 0 0 1
    outer loop
      vertex 1.5230637855675262 -3.9677168126131073 10
      vertex 1.592078022017626 -3.9405313819088468 10
      vertex 1.4977573462913245 -2.306344061849916 10
    endloop
  endfacet
  facet normal 0 0 1
    outer loop
      vertex 1.592078022017626 -3.9405313819088468 10
      vertex 1.6606072960794136 -3.9121456271728716 10
      vertex 1.5773351999653766 -2.2526681217947275 10
    endloop
  endfacet
  facet normal 0 0 1
    outer loop
      vertex 1.6606072960794136 -3.9121456271728716 10
      vertex 1.7286307330721509 -3.8825681949810535 10
      vertex 1.6549913136681327 -2.1962476526300554 10
    endloop
  endfacet
  facet normal 0 0 1
    outer loop
      vertex 1.7286307330721509 -3.8825681949810535 10
      vertex 1.7961276123979726 -3.851808094905762 10
      vertex 1.6930690571455602 -2.1670295724184854 10
    endloop
  endfacet
  facet normal 0 0 1
    outer loop
      vertex 1.7961276123979726 -3.851808094905762 10
      vertex 1.8630773738535789 -3.81987469677146 10
      vertex 1.7676659266379828 -2.1066222185771895 10
    endloop
  endfacet
  facet normal 0 0 1
    outer loop
      vertex 1.8630773738535789 -3.81987469677146 10
      vertex 1.9294596238930737 -3.7867777278005637 10
      vertex 1.8401091674868602 -2.043648270062834 10
    endloop
  endfacet
  facet normal 0 0 1
    outer loop
      vertex 1.0999809416857131 -4.10518476172854 10
      vertex 1.074510603345503 -2.531388346994211 10
      vertex 1.030168131893758 -2.549755600058665 10
    endloop
  endfacet
  facet normal 0 0 1
    outer loop
      vertex 1.1714587622222465 -4.085362207737855 10
      vertex 1.1185257684584506 -2.512250008517152 10
      vertex 1.074510603345503 -2.531388346994211 10
    endloop
  endfacet
  facet normal 0 0 1
    outer loop
      vertex 1.1714587622222465 -4.085362207737855 10
      vertex 1.1622002197869234 -2.4923464143507874 10
      vertex 1.1185257684584506 -2.512250008517152 10
    endloop
  endfacet
  facet normal 0 0 1
    outer loop
      vertex 1.2425797450716312 -4.0642952128429 10
      vertex 1.205520653669963 -2.4716836273227094 10
      vertex 1.1622002197869234 -2.4923464143507874 10
    endloop
  endfacet
  facet normal 0 0 1
    outer loop
      vertex 1.3133222260935264 -4.041990194254402 10
      vertex 1.2484738742837536 -2.4502679415180117 10
      vertex 1.205520653669963 -2.4716836273227094 10
    endloop
  endfacet
  facet normal 0 0 1
    outer loop
      vertex 1.3133222260935264 -4.041990194254402 10
      vertex 1.2910467976611997 -2.4281058803620494 10
      vertex 1.2484738742837536 -2.4502679415180117 10
    endloop
  endfacet
  facet normal 0 0 1
    outer loop
      vertex 1.383664656442916 -4.018453946297097 10
      vertex 1.333226455677427 -2.4052041946333382 10
      vertex 1.2910467976611997 -2.4281058803620494 10
    endloop
  endfacet
  facet normal 0 0 1
    outer loop
      vertex 1.383664656442916 -4.018453946297097 10
      vertex 1.375 -2.381569860407206 10
      vertex 1.333226455677427 -2.4052041946333382 10
    endloop
  endfacet
  facet normal 0 0 1
    outer loop
      vertex 1.453585609134092 -3.993693638340111 10
      vertex 1.416354706002649 -2.357210076930809 10
      vertex 1.375 -2.381569860407206 10
    endloop
  endfacet
  facet normal 0 0 1
    outer loop
      vertex 1.5230637855675262 -3.9677168126131073 10
      vertex 1.4572779766413135 -2.332132264430171 10
      vertex 1.416354706002649 -2.357210076930809 10
    endloop
  endfacet
  facet normal 0 0 1
    outer loop
      vertex 1.5230637855675262 -3.9677168126131073 10
      vertex 1.4977573462913245 -2.306344061849916 10
      vertex 1.4572779766413135 -2.332132264430171 10
    endloop
  endfacet
  facet normal 0 0 1
    outer loop
      vertex 1.592078022017626 -3.9405313819088468 10
      vertex 1.537780484544554 -2.2798533245263646 10
      vertex 1.4977573462913245 -2.306344061849916 10
    endloop
  endfacet
  facet normal 0 0 1
    outer loop
      vertex 1.592078022017626 -3.9405313819088468 10
      vertex 1.5773351999653766 -2.2526681217947275 10
      vertex 1.537780484544554 -2.2798533245263646 10
    endloop
  endfacet
  facet normal 0 0 1
    outer loop
      vertex 1.6606072960794136 -3.9121456271728716 10
      vertex 1.616409443804301 -2.2247967345311057 10
      vertex 1.5773351999653766 -2.2526681217947275 10
    endloop
  endfacet
  facet normal 0 0 1
    outer loop
      vertex 1.6606072960794136 -3.9121456271728716 10
      vertex 1.6549913136681327 -2.1962476526300554 10
      vertex 1.616409443804301 -2.2247967345311057 10
    endloop
  endfacet
  facet normal 0 0 1
    outer loop
      vertex 1.7286307330721509 -3.8825681949810535 10
      vertex 1.6930690571455602 -2.1670295724184854 10
      vertex 1.6549913136681327 -2.1962476526300554 10
    endloop
  endfacet
  facet normal 0 0 1
    outer loop
      vertex 1.7961276123979726 -3.851808094905762 10
      vertex 1.7306310753870529 -2.13715139400667 10
      vertex 1.6930690571455602 -2.1670295724184854 10
    endloop
  endfacet
  facet normal 0 0 1
    outer loop
      vertex 1.7961276123979726 -3.851808094905762 10
      vertex 1.7676659266379828 -2.1066222185771895 10
      vertex 1.7306310753870529 -2.13715139400667 10
    endloop
  endfacet
  facet normal 0 0 1
    outer loop
      vertex 1.8630773738535789 -3.81987469677146 10
      vertex 1.8041623297238951 -2.075451345612623 10
      vertex 1.7676659266379828 -2.1066222185771895 10
    endloop
  endfacet
  facet normal 0 0 1
    outer loop
      vertex 1.9294596238930737 -3.7867777278005637 10
      vertex 1.995254141840036 -3.7525272696504395 10
      vertex 1.9103105187622424 -1.9781844509312907 10
    endloop
  endfacet
  facet normal 0 0 1
    outer loop
      vertex 1.995254141840036 -3.7525272696504395 10
      vertex 2.0604408860469325 -3.7171337553424317 10
      vertex 1.9781844509312907 -1.9103105187622424 10
    endloop
  endfacet
  facet normal 0 0 1
    outer loop
      vertex 2.0604408860469325 -3.7171337553424317 10
      vertex 2.125 -3.680607966083864 10
      vertex 2.043648270062834 -1.8401091674868602 10
    endloop
  endfacet
  facet normal 0 0 1
    outer loop
      vertex 1.8630773738535789 -3.81987469677146 10
      vertex 1.8401091674868602 -2.043648270062834 10
      vertex 1.8041623297238951 -2.075451345612623 10
    endloop
  endfacet
  facet normal 0 0 1
    outer loop
      vertex 1.9294596238930737 -3.7867777278005637 10
      vertex 1.8754954901718708 -2.0112226794527186 10
      vertex 1.8401091674868602 -2.043648270062834 10
    endloop
  endfacet
  facet normal 0 0 1
    outer loop
      vertex 1.9294596238930737 -3.7867777278005637 10
      vertex 1.9103105187622424 -1.9781844509312907 10
      vertex 1.8754954901718708 -2.0112226794527186 10
    endloop
  endfacet
  facet normal 0 0 1
    outer loop
      vertex 1.995254141840036 -3.7525272696504395 10
      vertex 1.9445436482630059 -1.9445436482630059 10
      vertex 1.9103105187622424 -1.9781844509312907 10
    endloop
  endfacet
  facet normal 0 0 1
    outer loop
      vertex 1.995254141840036 -3.7525272696504395 10
      vertex 1.9781844509312907 -1.9103105187622424 10
      vertex 1.9445436482630059 -1.9445436482630059 10
    endloop
  endfacet
  facet normal 0 0 1
    outer loop
      vertex 2.0604408860469325 -3.7171337553424317 10
      vertex 2.0112226794527186 -1.8754954901718708 10
      vertex 1.9781844509312907 -1.9103105187622424 10
    endloop
  endfacet
  facet normal 0 0 1
    outer loop
      vertex 2.0604408860469325 -3.7171337553424317 10
      vertex 2.043648270062834 -1.8401091674868602 10
      vertex 2.0112226794527186 -1.8754954901718708 10
    endloop
  endfacet
  facet normal 0 0 1
    outer loop
      vertex 2.125 -3.680607966083864 10
      vertex 2.075451345612623 -1.8041623297238951 10
      vertex 2.043648270062834 -1.8401091674868602 10
    endloop
  endfacet
  facet normal 0 0 1
    outer loop
      vertex 2.125 -3.680607966083864 10
      vertex 2.1066222185771895 -1.7676659266379828 10
      vertex 2.075451345612623 -1.8041623297238951 10
    endloop
  endfacet
  facet normal 0.507538362960703 -0.8616291604415264 0
    outer loop
      vertex 2.125 -3.680607966083864 0
      vertex 2.18891181836773 -3.6429610279839775 10
      vertex 2.125 -3.680607966083864 10
    endloop
  endfacet
  facet normal 0.5224985647159517 -0.8526401643540904 0
    outer loop
      vertex 2.18891181836773 -3.6429610279839775 0
      vertex 2.252156872991121 -3.60420440866481 10
      vertex 2.18891181836773 -3.6429610279839775 10
    endloop
  endfacet
  facet normal 0.5372996083468191 -0.8433914458128886 0
    outer loop
      vertex 2.252156872991121 -3.60420440866481 0
      vertex 2.314715898813865 -3.5643499137680523 10
      vertex 2.252156872991121 -3.60420440866481 10
    endloop
  endfacet
  facet normal 0.5519369853120628 -0.833885822067165 0
    outer loop
      vertex 2.314715898813865 -3.5643499137680523 0
      vertex 2.3765698397506743 -3.523409683358927 10
      vertex 2.314715898813865 -3.5643499137680523 10
    endloop
  endfacet
  facet normal 0.5664062369248319 -0.8241261886220163 0
    outer loop
      vertex 2.3765698397506743 -3.523409683358927 0
      vertex 2.437699854491946 -3.481396188228215 10
      vertex 2.3765698397506743 -3.523409683358927 10
    endloop
  endfacet
  facet normal 0.5807029557109389 -0.8141155183563198 0
    outer loop
      vertex 2.437699854491946 -3.481396188228215 0
      vertex 2.498087322243011 -3.4383222260935264 10
      vertex 2.437699854491946 -3.481396188228215 10
    endloop
  endfacet
  facet normal 0.5948227867513439 -0.8038568606172153 0
    outer loop
      vertex 2.498087322243011 -3.4383222260935264 0
      vertex 2.557713848396205 -3.3942009177009944 10
      vertex 2.498087322243011 -3.4383222260935264 10
    endloop
  endfacet
  facet normal 0.6087614290087182 -0.793353340291237 0
    outer loop
      vertex 2.557713848396205 -3.3942009177009944 0
      vertex 2.616561270134048 -3.349045702828568 10
      vertex 2.557713848396205 -3.3942009177009944 10
    endloop
  endfacet
  facet normal 0.6225146366376213 -0.7826081568524126 0
    outer loop
      vertex 2.616561270134048 -3.349045702828568 0
      vertex 2.674611661961809 -3.302870336192126 10
      vertex 2.616561270134048 -3.349045702828568 10
    endloop
  endfacet
  facet normal 0.6360782202777623 -0.7716245833877213 0
    outer loop
      vertex 2.674611661961809 -3.302870336192126 0
      vertex 2.731847341167792 -3.2556888832556568 10
      vertex 2.674611661961809 -3.302870336192126 10
    endloop
  endfacet
  facet normal 0.6494480483301851 -0.7604059656000298 0
    outer loop
      vertex 2.731847341167792 -3.2556888832556568 0
      vertex 2.788250873209656 -3.207515715946781 10
      vertex 2.731847341167792 -3.2556888832556568 10
    endloop
  endfacet
  facet normal 0.6626200482157335 -0.7489557207890057 0
    outer loop
      vertex 2.788250873209656 -3.207515715946781 0
      vertex 2.8438050770251477 -3.1583655082789255 10
      vertex 2.788250873209656 -3.207515715946781 10
    endloop
  endfacet
  facet normal 0.6755902076156632 -0.7372773368101214 0
    outer loop
      vertex 2.8438050770251477 -3.1583655082789255 0
      vertex 2.8984930302656187 -3.1082532318814744 10
      vertex 2.8438050770251477 -3.1583655082789255 10
    endloop
  endfacet
  facet normal 0.688354575693751 -0.7253743710122903 0
    outer loop
      vertex 2.8984930302656187 -3.1082532318814744 0
      vertex 2.9522980744507383 -3.0571941514392678 10
      vertex 2.8984930302656187 -3.1082532318814744 10
    endloop
  endfacet
  facet normal 0.7009092642998489 -0.7132504491541835 0
    outer loop
      vertex 2.9522980744507383 -3.0571941514392678 0
      vertex 3.0052038200428273 -3.0052038200428273 10
      vertex 2.9522980744507383 -3.0571941514392678 10
    endloop
  endfacet
  facet normal 0.7132504491541835 -0.7009092642998489 0
    outer loop
      vertex 3.0571941514392678 -2.9522980744507383 0
      vertex 3.0571941514392678 -2.9522980744507383 10
      vertex 3.0052038200428273 -3.0052038200428273 10
    endloop
  endfacet
  facet normal 0.7253743710122903 -0.688354575693751 0
    outer loop
      vertex 3.1082532318814744 -2.8984930302656187 0
      vertex 3.1082532318814744 -2.8984930302656187 10
      vertex 3.0571941514392678 -2.9522980744507383 10
    endloop
  endfacet
  facet normal 0.7372773368101214 -0.6755902076156632 0
    outer loop
      vertex 3.1583655082789255 -2.8438050770251477 0
      vertex 3.1583655082789255 -2.8438050770251477 10
      vertex 3.1082532318814744 -2.8984930302656187 10
    endloop
  endfacet
  facet normal 0.7489557207890057 -0.6626200482157335 0
    outer loop
      vertex 3.207515715946781 -2.788250873209656 0
      vertex 3.207515715946781 -2.788250873209656 10
      vertex 3.1583655082789255 -2.8438050770251477 10
    endloop
  endfacet
  facet normal 0.7604059656000298 -0.6494480483301851 0
    outer loop
      vertex 3.2556888832556568 -2.731847341167792 0
      vertex 3.2556888832556568 -2.731847341167792 10
      vertex 3.207515715946781 -2.788250873209656 10
    endloop
  endfacet
  facet normal 0.7716245833877213 -0.6360782202777623 0
    outer loop
      vertex 3.302870336192126 -2.674611661961809 0
      vertex 3.302870336192126 -2.674611661961809 10
      vertex 3.2556888832556568 -2.731847341167792 10
    endloop
  endfacet
  facet normal 0.7826081568524126 -0.6225146366376213 0
    outer loop
      vertex 3.349045702828568 -2.616561270134048 0
      vertex 3.349045702828568 -2.616561270134048 10
      vertex 3.302870336192126 -2.674611661961809 10
    endloop
  endfacet
  facet normal 0.793353340291237 -0.6087614290087182 0
    outer loop
      vertex 3.3942009177009944 -2.557713848396205 0
      vertex 3.3942009177009944 -2.557713848396205 10
      vertex 3.349045702828568 -2.616561270134048 10
    endloop
  endfacet
  facet normal 0.8038568606172153 -0.5948227867513439 0
    outer loop
      vertex 3.4383222260935264 -2.498087322243011 0
      vertex 3.4383222260935264 -2.498087322243011 10
      vertex 3.3942009177009944 -2.557713848396205 10
    endloop
  endfacet
  facet normal 0.8141155183563198 -0.5807029557109389 0
    outer loop
      vertex 3.481396188228215 -2.437699854491946 0
      vertex 3.481396188228215 -2.437699854491946 10
      vertex 3.4383222260935264 -2.498087322243011 10
    endloop
  endfacet
  facet normal 0.8241261886220163 -0.5664062369248319 0
    outer loop
      vertex 3.523409683358927 -2.3765698397506743 0
      vertex 3.523409683358927 -2.3765698397506743 10
      vertex 3.481396188228215 -2.437699854491946 10
    endloop
  endfacet
  facet normal 0.833885822067165 -0.5519369853120628 0
    outer loop
      vertex 3.5643499137680523 -2.314715898813865 0
      vertex 3.5643499137680523 -2.314715898813865 10
      vertex 3.523409683358927 -2.3765698397506743 10
    endloop
  endfacet
  facet normal 0.8433914458128886 -0.5372996083468191 0
    outer loop
      vertex 3.60420440866481 -2.252156872991121 0
      vertex 3.60420440866481 -2.252156872991121 10
      vertex 3.5643499137680523 -2.314715898813865 10
    endloop
  endfacet
  facet normal 0.8526401643540904 -0.5224985647159517 0
    outer loop
      vertex 3.6429610279839775 -2.18891181836773 0
      vertex 3.6429610279839775 -2.18891181836773 10
      vertex 3.60420440866481 -2.252156872991121 10
    endloop
  endfacet
  facet normal 0.8616291604415264 -0.507538362960703 0
    outer loop
      vertex 3.680607966083864 -2.125 0
      vertex 3.680607966083864 -2.125 10
      vertex 3.6429610279839775 -2.18891181836773 10
    endloop
  endfacet
  facet normal 0 0 1
    outer loop
      vertex 2.125 -3.680607966083864 10
      vertex 2.18891181836773 -3.6429610279839775 10
      vertex 2.1066222185771895 -1.7676659266379828 10
    endloop
  endfacet
  facet normal 0 0 1
    outer loop
      vertex 2.18891181836773 -3.6429610279839775 10
      vertex 2.252156872991121 -3.60420440866481 10
      vertex 2.1670295724184854 -1.6930690571455602 10
    endloop
  endfacet
  facet normal 0 0 1
    outer loop
      vertex 2.252156872991121 -3.60420440866481 10
      vertex 2.314715898813865 -3.5643499137680523 10
      vertex 2.2247967345311057 -1.616409443804301 10
    endloop
  endfacet
  facet normal 0 0 1
    outer loop
      vertex 2.314715898813865 -3.5643499137680523 10
      vertex 2.3765698397506743 -3.523409683358927 10
      vertex 2.306344061849916 -1.4977573462913245 10
    endloop
  endfacet
  facet normal 0 0 1
    outer loop
      vertex 2.3765698397506743 -3.523409683358927 10
      vertex 2.437699854491946 -3.481396188228215 10
      vertex 2.357210076930809 -1.416354706002649 10
    endloop
  endfacet
  facet normal 0 0 1
    outer loop
      vertex 2.437699854491946 -3.481396188228215 10
      vertex 2.498087322243011 -3.4383222260935264 10
      vertex 2.4281058803620494 -1.2910467976611997 10
    endloop
  endfacet
  facet normal 0 0 1
    outer loop
      vertex 2.498087322243011 -3.4383222260935264 10
      vertex 2.557713848396205 -3.3942009177009944 10
      vertex 2.4923464143507874 -1.1622002197869234 10
    endloop
  endfacet
  facet normal 0 0 1
    outer loop
      vertex 2.18891181836773 -3.6429610279839775 10
      vertex 2.13715139400667 -1.7306310753870529 10
      vertex 2.1066222185771895 -1.7676659266379828 10
    endloop
  endfacet
  facet normal 0 0 1
    outer loop
      vertex 2.18891181836773 -3.6429610279839775 10
      vertex 2.1670295724184854 -1.6930690571455602 10
      vertex 2.13715139400667 -1.7306310753870529 10
    endloop
  endfacet
  facet normal 0 0 1
    outer loop
      vertex 2.252156872991121 -3.60420440866481 10
      vertex 2.1962476526300554 -1.6549913136681327 10
      vertex 2.1670295724184854 -1.6930690571455602 10
    endloop
  endfacet
  facet normal 0 0 1
    outer loop
      vertex 2.252156872991121 -3.60420440866481 10
      vertex 2.2247967345311057 -1.616409443804301 10
      vertex 2.1962476526300554 -1.6549913136681327 10
    endloop
  endfacet
  facet normal 0 0 1
    outer loop
      vertex 2.314715898813865 -3.5643499137680523 10
      vertex 2.2526681217947275 -1.5773351999653766 10
      vertex 2.2247967345311057 -1.616409443804301 10
    endloop
  endfacet
  facet normal 0 0 1
    outer loop
      vertex 2.314715898813865 -3.5643499137680523 10
      vertex 2.2798533245263646 -1.537780484544554 10
      vertex 2.2526681217947275 -1.5773351999653766 10
    endloop
  endfacet
  facet normal 0 0 1
    outer loop
      vertex 2.314715898813865 -3.5643499137680523 10
      vertex 2.306344061849916 -1.4977573462913245 10
      vertex 2.2798533245263646 -1.537780484544554 10
    endloop
  endfacet
  facet normal 0 0 1
    outer loop
      vertex 2.3765698397506743 -3.523409683358927 10
      vertex 2.332132264430171 -1.4572779766413135 10
      vertex 2.306344061849916 -1.4977573462913245 10
    endloop
  endfacet
  facet normal 0 0 1
    outer loop
      vertex 2.3765698397506743 -3.523409683358927 10
      vertex 2.357210076930809 -1.416354706002649 10
      vertex 2.332132264430171 -1.4572779766413135 10
    endloop
  endfacet
  facet normal 0 0 1
    outer loop
      vertex 2.557713848396205 -3.3942009177009944 10
      vertex 2.616561270134048 -3.349045702828568 10
      vertex 2.549755600058665 -1.030168131893758 10
    endloop
  endfacet
  facet normal 0 0 1
    outer loop
      vertex 2.616561270134048 -3.349045702828568 10
      vertex 2.674611661961809 -3.302870336192126 10
      vertex 2.615405419811672 -0.8497967345311054 10
    endloop
  endfacet
  facet normal 0 0 1
    outer loop
      vertex 2.674611661961809 -3.302870336192126 10
      vertex 2.731847341167792 -3.2556888832556568 10
      vertex 2.66831324725899 -0.6652852128990863 10
    endloop
  endfacet
  facet normal 0 0 1
    outer loop
      vertex 2.731847341167792 -3.2556888832556568 10
      vertex 2.788250873209656 -3.207515715946781 10
      vertex 2.7295019170136356 -0.33514069436415556 10
    endloop
  endfacet
  facet normal 0.8703556959399014 -0.49242356010346433 0
    outer loop
      vertex 3.7171337553424317 -2.0604408860469325 0
      vertex 3.7171337553424317 -2.0604408860469325 10
      vertex 3.680607966083864 -2.125 10
    endloop
  endfacet
  facet normal 0.878817112661963 -0.47715876025961285 0
    outer loop
      vertex 3.7525272696504395 -1.995254141840036 0
      vertex 3.7525272696504395 -1.995254141840036 10
      vertex 3.7171337553424317 -2.0604408860469325 10
    endloop
  endfacet
  facet normal 0.8870108331782215 -0.4617486132350345 0
    outer loop
      vertex 3.7867777278005637 -1.9294596238930737 0
      vertex 3.7867777278005637 -1.9294596238930737 10
      vertex 3.7525272696504395 -1.995254141840036 10
    endloop
  endfacet
  facet normal 0.8949343616020243 -0.44619781310981016 0
    outer loop
      vertex 3.81987469677146 -1.8630773738535789 0
      vertex 3.81987469677146 -1.8630773738535789 10
      vertex 3.7867777278005637 -1.9294596238930737 10
    endloop
  endfacet
  facet normal 0.9025852843498637 -0.43051109680828864 0
    outer loop
      vertex 3.851808094905762 -1.7961276123979726 0
      vertex 3.851808094905762 -1.7961276123979726 10
      vertex 3.81987469677146 -1.8630773738535789 10
    endloop
  endfacet
  facet normal 0.909961270876543 -0.4146932426562396 0
    outer loop
      vertex 3.8825681949810535 -1.7286307330721509 0
      vertex 3.8825681949810535 -1.7286307330721509 10
      vertex 3.851808094905762 -1.7961276123979726 10
    endloop
  endfacet
  facet normal 0.9170600743851214 -0.3987490689252525 0
    outer loop
      vertex 3.9121456271728716 -1.6606072960794136 0
      vertex 3.9121456271728716 -1.6606072960794136 10
      vertex 3.8825681949810535 -1.7286307330721509 10
    endloop
  endfacet
  facet normal 0.9238795325112868 -0.3826834323650897 0
    outer loop
      vertex 3.9405313819088468 -1.592078022017626 0
      vertex 3.9405313819088468 -1.592078022017626 10
      vertex 3.9121456271728716 -1.6606072960794136 10
    endloop
  endfacet
  facet normal 0.9304175679820265 -0.3665012267242922 0
    outer loop
      vertex 3.9677168126131073 -1.5230637855675262 0
      vertex 3.9677168126131073 -1.5230637855675262 10
      vertex 3.9405313819088468 -1.592078022017626 10
    endloop
  endfacet
  facet normal 0.936672189248396 -0.3502073812594721 0
    outer loop
      vertex 3.993693638340111 -1.453585609134092 0
      vertex 3.993693638340111 -1.453585609134092 10
      vertex 3.9677168126131073 -1.5230637855675262 10
    endloop
  endfacet
  facet normal 0.9426414910921779 -0.3338068592337723 0
    outer loop
      vertex 4.018453946297097 -1.383664656442916 0
      vertex 4.018453946297097 -1.383664656442916 10
      vertex 3.993693638340111 -1.453585609134092 10
    endloop
  endfacet
  facet normal 0.9483236552062033 -0.31730465640508027 0
    outer loop
      vertex 4.041990194254402 -1.3133222260935264 0
      vertex 4.041990194254402 -1.3133222260935264 10
      vertex 4.018453946297097 -1.383664656442916 10
    endloop
  endfacet
  facet normal 0.9537169507482267 -0.3007057995042735 0
    outer loop
      vertex 4.0642952128429 -1.2425797450716312 0
      vertex 4.0642952128429 -1.2425797450716312 10
      vertex 4.041990194254402 -1.3133222260935264 10
    endloop
  endfacet
  facet normal 0.9588197348681905 -0.2840153447039317 0
    outer loop
      vertex 4.085362207737855 -1.1714587622222465 0
      vertex 4.085362207737855 -1.1714587622222465 10
      vertex 4.0642952128429 -1.2425797450716312 10
    endloop
  endfacet
  facet normal 0.9636304532086236 -0.2672383760782544 0
    outer loop
      vertex 4.10518476172854 -1.0999809416857131 0
      vertex 4.10518476172854 -1.0999809416857131 10
      vertex 4.085362207737855 -1.1714587622222465 10
    endloop
  endfacet
  facet normal 0.9681476403781066 -0.2503800040544458 0
    outer loop
      vertex 4.123756836672985 -1.0281680562985878 0
      vertex 4.123756836672985 -1.0281680562985878 10
      vertex 4.10518476172854 -1.0999809416857131 10
    endloop
  endfacet
  facet normal 0.9723699203976773 -0.23344536385590295 0
    outer loop
      vertex 4.14107277533725 -0.9560419809614262 0
      vertex 4.14107277533725 -0.9560419809614262 10
      vertex 4.123756836672985 -1.0281680562985878 10
    endloop
  endfacet
  facet normal 0.976296007119933 -0.21643961393810432 0
    outer loop
      vertex 4.157127303118674 -0.8836246859754772 0
      vertex 4.157127303118674 -0.8836246859754772 10
      vertex 4.14107277533725 -0.9560419809614262 10
    endloop
  endfacet
  facet normal 0.97992470462083 -0.19936793441719486 0
    outer loop
      vertex 4.171915529652572 -0.8109382303503154 0
      vertex 4.171915529652572 -0.8109382303503154 10
      vertex 4.157127303118674 -0.8836246859754772 10
    endloop
  endfacet
  facet normal 0.9832549075639556 -0.18223552549214228 0
    outer loop
      vertex 4.185432950301884 -0.738004755084454 0
      vertex 4.185432950301884 -0.738004755084454 10
      vertex 4.171915529652572 -0.8109382303503154 10
    endloop
  endfacet
  facet normal 0.9862856015372301 -0.1650476058606863 0
    outer loop
      vertex 4.197675447529336 -0.6648464764209812 0
      vertex 4.197675447529336 -0.6648464764209812 10
      vertex 4.185432950301884 -0.738004755084454 10
    endloop
  endfacet
  facet normal 0.9890158633619167 -0.1478094111296116 0
    outer loop
      vertex 4.208639292151674 -0.5914856790802782 0
      vertex 4.208639292151674 -0.5914856790802782 10
      vertex 4.197675447529336 -0.6648464764209812 10
    endloop
  endfacet
  facet normal 0.9914448613738113 -0.13052619222004558 0
    outer loop
      vertex 4.218321144475619 -0.5179447094718768 0
      vertex 4.218321144475619 -0.5179447094718768 10
      vertex 4.208639292151674 -0.5914856790802782 10
    endloop
  endfacet
  facet normal 0.993571855676588 -0.113203213767903 0
    outer loop
      vertex 4.226718055315161 -0.44424596888752726 0
      vertex 4.226718055315161 -0.44424596888752726 10
      vertex 4.218321144475619 -0.5179447094718768 10
    endloop
  endfacet
  facet normal 0.9953961983671783 -0.09584575252022881 0
    outer loop
      vertex 4.2338274668899185 -0.3704119066775472 0
      vertex 4.2338274668899185 -0.3704119066775472 10
      vertex 4.226718055315161 -0.44424596888752726 10
    endloop
  endfacet
  facet normal 0.9969173337331279 -0.07845909572784585 0
    outer loop
      vertex 4.239647213604253 -0.2964650134125325 0
      vertex 4.239647213604253 -0.2964650134125325 10
      vertex 4.2338274668899185 -0.3704119066775472 10
    endloop
  endfacet
  facet normal 0.9981347984218675 -0.06104853953484887 0
    outer loop
      vertex 4.244175522706938 -0.2224278140325113 0
      vertex 4.244175522706938 -0.2224278140325113 10
      vertex 4.239647213604253 -0.2964650134125325 10
    endloop
  endfacet
  facet normal 0.9990482215818571 -0.04361938736534835 0
    outer loop
      vertex 4.247411014831157 -0.1483228609856291 0
      vertex 4.247411014831157 -0.1483228609856291 10
      vertex 4.244175522706938 -0.2224278140325113 10
    endloop
  endfacet
  facet normal 0.9996573249755576 -0.02617694830786596 0
    outer loop
      vertex 4.249352704414663 -0.07417272735845493 0
      vertex 4.249352704414663 -0.07417272735845493 10
      vertex 4.247411014831157 -0.1483228609856291 10
    endloop
  endfacet
  facet normal 0.9999619230641712 -0.008726535498375933 0
    outer loop
      vertex 4.249352704414663 -0.07417272735845493 10
      vertex 4.25 0 0
      vertex 4.25 0 10
    endloop
  endfacet
  facet normal 0 0 1
    outer loop
      vertex 2.437699854491946 -3.481396188228215 10
      vertex 2.381569860407206 -1.375 10
      vertex 2.357210076930809 -1.416354706002649 10
    endloop
  endfacet
  facet normal 0 0 1
    outer loop
      vertex 2.437699854491946 -3.481396188228215 10
      vertex 2.4052041946333382 -1.333226455677427 10
      vertex 2.381569860407206 -1.375 10
    endloop
  endfacet
  facet normal 0 0 1
    outer loop
      vertex 2.437699854491946 -3.481396188228215 10
      vertex 2.4281058803620494 -1.2910467976611997 10
      vertex 2.4052041946333382 -1.333226455677427 10
    endloop
  endfacet
  facet normal 0 0 1
    outer loop
      vertex 2.498087322243011 -3.4383222260935264 10
      vertex 2.4502679415180117 -1.2484738742837536 10
      vertex 2.4281058803620494 -1.2910467976611997 10
    endloop
  endfacet
  facet normal 0 0 1
    outer loop
      vertex 2.498087322243011 -3.4383222260935264 10
      vertex 2.4716836273227094 -1.205520653669963 10
      vertex 2.4502679415180117 -1.2484738742837536 10
    endloop
  endfacet
  facet normal 0 0 1
    outer loop
      vertex 2.498087322243011 -3.4383222260935264 10
      vertex 2.4923464143507874 -1.1622002197869234 10
      vertex 2.4716836273227094 -1.205520653669963 10
    endloop
  endfacet
  facet normal 0 0 1
    outer loop
      vertex 2.557713848396205 -3.3942009177009944 10
      vertex 2.512250008517152 -1.1185257684584506 10
      vertex 2.4923464143507874 -1.1622002197869234 10
    endloop
  endfacet
  facet normal 0 0 1
    outer loop
      vertex 2.557713848396205 -3.3942009177009944 10
      vertex 2.531388346994211 -1.074510603345503 10
      vertex 2.512250008517152 -1.1185257684584506 10
    endloop
  endfacet
  facet normal 0 0 1
    outer loop
      vertex 2.557713848396205 -3.3942009177009944 10
      vertex 2.549755600058665 -1.030168131893758 10
      vertex 2.531388346994211 -1.074510603345503 10
    endloop
  endfacet
  facet normal 0 0 1
    outer loop
      vertex 2.616561270134048 -3.349045702828568 10
      vertex 2.5673461728673046 -0.9855118612495757 10
      vertex 2.549755600058665 -1.030168131893758 10
    endloop
  endfacet
  facet normal 0 0 1
    outer loop
      vertex 2.616561270134048 -3.349045702828568 10
      vertex 2.584154707161248 -0.940555394145589 10
      vertex 2.5673461728673046 -0.9855118612495757 10
    endloop
  endfacet
  facet normal 0 0 1
    outer loop
      vertex 2.616561270134048 -3.349045702828568 10
      vertex 2.6001760828981215 -0.8953124247571809 10
      vertex 2.584154707161248 -0.940555394145589 10
    endloop
  endfacet
  facet normal 0 0 1
    outer loop
      vertex 2.616561270134048 -3.349045702828568 10
      vertex 2.615405419811672 -0.8497967345311054 10
      vertex 2.6001760828981215 -0.8953124247571809 10
    endloop
  endfacet
  facet normal 0 0 1
    outer loop
      vertex 2.674611661961809 -3.302870336192126 10
      vertex 2.6298380788983473 -0.8040221879875261 10
      vertex 2.615405419811672 -0.8497967345311054 10
    endloop
  endfacet
  facet normal 0 0 1
    outer loop
      vertex 2.674611661961809 -3.302870336192126 10
      vertex 2.643469663830377 -0.7580027284967477 10
      vertex 2.6298380788983473 -0.8040221879875261 10
    endloop
  endfacet
  facet normal 0 0 1
    outer loop
      vertex 2.674611661961809 -3.302870336192126 10
      vertex 2.6562960222949377 -0.711752374031932 10
      vertex 2.643469663830377 -0.7580027284967477 10
    endloop
  endfacet
  facet normal 0 0 1
    outer loop
      vertex 2.674611661961809 -3.302870336192126 10
      vertex 2.66831324725899 -0.6652852128990863 10
      vertex 2.6562960222949377 -0.711752374031932 10
    endloop
  endfacet
  facet normal 0 0 1
    outer loop
      vertex 2.731847341167792 -3.2556888832556568 10
      vertex 2.679517678159397 -0.6186153994456287 10
      vertex 2.66831324725899 -0.6652852128990863 10
    endloop
  endfacet
  facet normal 0 0 1
    outer loop
      vertex 2.731847341167792 -3.2556888832556568 10
      vertex 2.6899059020179656 -0.5717571497488382 10
      vertex 2.679517678159397 -0.6186153994456287 10
    endloop
  endfacet
  facet normal 0 0 1
    outer loop
      vertex 2.731847341167792 -3.2556888832556568 10
      vertex 2.6994747544810758 -0.5247247372854982 10
      vertex 2.6899059020179656 -0.5717571497488382 10
    endloop
  endfacet
  facet normal 0 0 1
    outer loop
      vertex 2.731847341167792 -3.2556888832556568 10
      vertex 2.708221320783572 -0.4775324885840584 10
      vertex 2.6994747544810758 -0.5247247372854982 10
    endloop
  endfacet
  facet normal 0 0 1
    outer loop
      vertex 2.731847341167792 -3.2556888832556568 10
      vertex 2.7161429366366288 -0.4301947788606349 10
      vertex 2.708221320783572 -0.4775324885840584 10
    endloop
  endfacet
  facet normal 0 0 1
    outer loop
      vertex 2.731847341167792 -3.2556888832556568 10
      vertex 2.7232371890393186 -0.38272602764017993 10
      vertex 2.7161429366366288 -0.4301947788606349 10
    endloop
  endfacet
  facet normal 0 0 1
    outer loop
      vertex 2.731847341167792 -3.2556888832556568 10
      vertex 2.7295019170136356 -0.33514069436415556 10
      vertex 2.7232371890393186 -0.38272602764017993 10
    endloop
  endfacet
  facet normal 0 0 1
    outer loop
      vertex 2.788250873209656 -3.207515715946781 10
      vertex 2.7349352122627515 -0.28745327398604703 10
      vertex 2.7295019170136356 -0.33514069436415556 10
    endloop
  endfacet
  facet normal 0 0 1
    outer loop
      vertex 2.788250873209656 -3.207515715946781 10
      vertex 2.7395354197523 -0.23967829255605996 10
      vertex 2.7349352122627515 -0.28745327398604703 10
    endloop
  endfacet
  facet normal 0 0 1
    outer loop
      vertex 2.788250873209656 -3.207515715946781 10
      vertex 2.7433011382145165 -0.19183030279634458 10
      vertex 2.7395354197523 -0.23967829255605996 10
    endloop
  endfacet
  facet normal 0 0 1
    outer loop
      vertex 2.788250873209656 -3.207515715946781 10
      vertex 2.746231220575078 -0.14392387966809556 10
      vertex 2.7433011382145165 -0.19183030279634458 10
    endloop
  endfacet
  facet normal 0 0 1
    outer loop
      vertex 2.788250873209656 -3.207515715946781 10
      vertex 2.7483247743025134 -0.09597361593187767 10
      vertex 2.746231220575078 -0.14392387966809556 10
    endloop
  endfacet
  facet normal 0 0 1
    outer loop
      vertex 2.788250873209656 -3.207515715946781 10
      vertex 2.749581161680076 -0.047994117702529655 10
      vertex 2.7483247743025134 -0.09597361593187767 10
    endloop
  endfacet
  facet normal 0 0 1
    outer loop
      vertex 2.788250873209656 -3.207515715946781 10
      vertex 2.75 0 10
      vertex 2.749581161680076 -0.047994117702529655 10
    endloop
  endfacet
  facet normal 0 0 1
    outer loop
      vertex 2.788250873209656 -3.207515715946781 10
      vertex 2.749581161680076 0.047994117702529655 10
      vertex 2.75 0 10
    endloop
  endfacet
  facet normal 0 0 1
    outer loop
      vertex 2.788250873209656 -3.207515715946781 10
      vertex 2.8438050770251477 -3.1583655082789255 10
      vertex 2.788250873209656 3.207515715946781 10
    endloop
  endfacet
  facet normal 0 0 1
    outer loop
      vertex 2.8438050770251477 -3.1583655082789255 10
      vertex 2.8984930302656187 -3.1082532318814744 10
      vertex 2.8438050770251477 3.1583655082789255 10
    endloop
  endfacet
  facet normal 0 0 1
    outer loop
      vertex 2.8984930302656187 -3.1082532318814744 10
      vertex 2.9522980744507383 -3.0571941514392678 10
      vertex 2.8984930302656187 3.1082532318814744 10
    endloop
  endfacet
  facet normal 0 0 1
    outer loop
      vertex 2.9522980744507383 -3.0571941514392678 10
      vertex 3.0052038200428273 -3.0052038200428273 10
      vertex 2.9522980744507383 3.0571941514392678 10
    endloop
  endfacet
  facet normal 0 0 1
    outer loop
      vertex 3.0052038200428273 -3.0052038200428273 10
      vertex 3.0571941514392678 -2.9522980744507383 10
      vertex 3.0052038200428273 3.0052038200428273 10
    endloop
  endfacet
  facet normal 0 0 1
    outer loop
      vertex 3.0571941514392678 -2.9522980744507383 10
      vertex 3.1082532318814744 -2.8984930302656187 10
      vertex 3.0571941514392678 2.9522980744507383 10
    endloop
  endfacet
  facet normal 0 0 1
    outer loop
      vertex 3.1082532318814744 -2.8984930302656187 10
      vertex 3.1583655082789255 -2.8438050770251477 10
      vertex 3.1082532318814744 2.8984930302656187 10
    endloop
  endfacet
  facet normal 0 0 1
    outer loop
      vertex 3.1583655082789255 -2.8438050770251477 10
      vertex 3.207515715946781 -2.788250873209656 10
      vertex 3.1583655082789255 2.8438050770251477 10
    endloop
  endfacet
  facet normal 0 0 1
    outer loop
      vertex 3.207515715946781 -2.788250873209656 10
      vertex 3.2556888832556568 -2.731847341167792 10
      vertex 3.207515715946781 2.788250873209656 10
    endloop
  endfacet
  facet normal 0 0 1
    outer loop
      vertex 3.2556888832556568 -2.731847341167792 10
      vertex 3.302870336192126 -2.674611661961809 10
      vertex 3.2556888832556568 2.731847341167792 10
    endloop
  endfacet
  facet normal 0 0 1
    outer loop
      vertex 3.302870336192126 -2.674611661961809 10
      vertex 3.349045702828568 -2.616561270134048 10
      vertex 3.302870336192126 2.674611661961809 10
    endloop
  endfacet
  facet normal 0 0 1
    outer loop
      vertex 3.349045702828568 -2.616561270134048 10
      vertex 3.3942009177009944 -2.557713848396205 10
      vertex 3.349045702828568 2.616561270134048 10
    endloop
  endfacet
  facet normal 0 0 1
    outer loop
      vertex 3.3942009177009944 -2.557713848396205 10
      vertex 3.4383222260935264 -2.498087322243011 10
      vertex 3.3942009177009944 2.557713848396205 10
    endloop
  endfacet
  facet normal 0 0 1
    outer loop
      vertex 3.4383222260935264 -2.498087322243011 10
      vertex 3.481396188228215 -2.437699854491946 10
      vertex 3.4383222260935264 2.498087322243011 10
    endloop
  endfacet
  facet normal 0 0 1
    outer loop
      vertex 3.481396188228215 -2.437699854491946 10
      vertex 3.523409683358927 -2.3765698397506743 10
      vertex 3.481396188228215 2.437699854491946 10
    endloop
  endfacet
  facet normal 0 0 1
    outer loop
      vertex 3.523409683358927 -2.3765698397506743 10
      vertex 3.5643499137680523 -2.314715898813865 10
      vertex 3.523409683358927 2.3765698397506743 10
    endloop
  endfacet
  facet normal 0 0 1
    outer loop
      vertex 3.5643499137680523 -2.314715898813865 10
      vertex 3.60420440866481 -2.252156872991121 10
      vertex 3.5643499137680523 2.314715898813865 10
    endloop
  endfacet
  facet normal 0 0 1
    outer loop
      vertex 3.60420440866481 -2.252156872991121 10
      vertex 3.6429610279839775 -2.18891181836773 10
      vertex 3.60420440866481 2.252156872991121 10
    endloop
  endfacet
  facet normal 0 0 1
    outer loop
      vertex 3.6429610279839775 -2.18891181836773 10
      vertex 3.680607966083864 -2.125 10
      vertex 3.6429610279839775 2.18891181836773 10
    endloop
  endfacet
  facet normal 0 0 1
    outer loop
      vertex 3.680607966083864 -2.125 10
      vertex 3.7171337553424317 -2.0604408860469325 10
      vertex 3.680607966083864 2.125 10
    endloop
  endfacet
  facet normal 0 0 1
    outer loop
      vertex 3.7171337553424317 -2.0604408860469325 10
      vertex 3.7525272696504395 -1.995254141840036 10
      vertex 3.7171337553424317 2.0604408860469325 10
    endloop
  endfacet
  facet normal 0 0 1
    outer loop
      vertex 3.7525272696504395 -1.995254141840036 10
      vertex 3.7867777278005637 -1.9294596238930737 10
      vertex 3.7525272696504395 1.995254141840036 10
    endloop
  endfacet
  facet normal 0 0 1
    outer loop
      vertex 3.7867777278005637 -1.9294596238930737 10
      vertex 3.81987469677146 -1.8630773738535789 10
      vertex 3.7867777278005637 1.9294596238930737 10
    endloop
  endfacet
  facet normal 0 0 1
    outer loop
      vertex 3.81987469677146 -1.8630773738535789 10
      vertex 3.851808094905762 -1.7961276123979726 10
      vertex 3.81987469677146 1.8630773738535789 10
    endloop
  endfacet
  facet normal 0 0 1
    outer loop
      vertex 3.851808094905762 -1.7961276123979726 10
      vertex 3.8825681949810535 -1.7286307330721509 10
      vertex 3.851808094905762 1.7961276123979726 10
    endloop
  endfacet
  facet normal 0 0 1
    outer loop
      vertex 3.8825681949810535 -1.7286307330721509 10
      vertex 3.9121456271728716 -1.6606072960794136 10
      vertex 3.8825681949810535 1.7286307330721509 10
    endloop
  endfacet
  facet normal 0 0 1
    outer loop
      vertex 3.9121456271728716 -1.6606072960794136 10
      vertex 3.9405313819088468 -1.592078022017626 10
      vertex 3.9121456271728716 1.6606072960794136 10
    endloop
  endfacet
  facet normal 0 0 1
    outer loop
      vertex 3.9405313819088468 -1.592078022017626 10
      vertex 3.9677168126131073 -1.5230637855675262 10
      vertex 3.9405313819088468 1.592078022017626 10
    endloop
  endfacet
  facet normal 0 0 1
    outer loop
      vertex 3.9677168126131073 -1.5230637855675262 10
      vertex 3.993693638340111 -1.453585609134092 10
      vertex 3.9677168126131073 1.5230637855675262 10
    endloop
  endfacet
  facet normal 0 0 1
    outer loop
      vertex 3.993693638340111 -1.453585609134092 10
      vertex 4.018453946297097 -1.383664656442916 10
      vertex 3.993693638340111 1.453585609134092 10
    endloop
  endfacet
  facet normal 0 0 1
    outer loop
      vertex 4.018453946297097 -1.383664656442916 10
      vertex 4.041990194254402 -1.3133222260935264 10
      vertex 4.018453946297097 1.383664656442916 10
    endloop
  endfacet
  facet normal 0 0 1
    outer loop
      vertex 4.041990194254402 -1.3133222260935264 10
      vertex 4.0642952128429 -1.2425797450716312 10
      vertex 4.041990194254402 1.3133222260935264 10
    endloop
  endfacet
  facet normal 0 0 1
    outer loop
      vertex 4.0642952128429 -1.2425797450716312 10
      vertex 4.085362207737855 -1.1714587622222465 10
      vertex 4.0642952128429 1.2425797450716312 10
    endloop
  endfacet
  facet normal 0 0 1
    outer loop
      vertex 4.085362207737855 -1.1714587622222465 10
      vertex 4.10518476172854 -1.0999809416857131 10
      vertex 4.085362207737855 1.1714587622222465 10
    endloop
  endfacet
  facet normal 0 0 1
    outer loop
      vertex 4.10518476172854 -1.0999809416857131 10
      vertex 4.123756836672985 -1.0281680562985878 10
      vertex 4.10518476172854 1.0999809416857131 10
    endloop
  endfacet
  facet normal 0 0 1
    outer loop
      vertex 4.123756836672985 -1.0281680562985878 10
      vertex 4.14107277533725 -0.9560419809614262 10
      vertex 4.123756836672985 1.0281680562985878 10
    endloop
  endfacet
  facet normal 0 0 1
    outer loop
      vertex 4.14107277533725 -0.9560419809614262 10
      vertex 4.157127303118674 -0.8836246859754772 10
      vertex 4.14107277533725 0.9560419809614262 10
    endloop
  endfacet
  facet normal 0 0 1
    outer loop
      vertex 4.157127303118674 -0.8836246859754772 10
      vertex 4.171915529652572 -0.8109382303503154 10
      vertex 4.157127303118674 0.8836246859754772 10
    endloop
  endfacet
  facet normal 0 0 1
    outer loop
      vertex 4.171915529652572 -0.8109382303503154 10
      vertex 4.185432950301884 -0.738004755084454 10
      vertex 4.171915529652572 0.8109382303503154 10
    endloop
  endfacet
  facet normal 0 0 1
    outer loop
      vertex 4.185432950301884 -0.738004755084454 10
      vertex 4.197675447529336 -0.6648464764209812 10
      vertex 4.185432950301884 0.738004755084454 10
    endloop
  endfacet
  facet normal 0 0 1
    outer loop
      vertex 4.197675447529336 -0.6648464764209812 10
      vertex 4.208639292151674 -0.5914856790802782 10
      vertex 4.197675447529336 0.6648464764209812 10
    endloop
  endfacet
  facet normal 0 0 1
    outer loop
      vertex 4.208639292151674 -0.5914856790802782 10
      vertex 4.218321144475619 -0.5179447094718768 10
      vertex 4.208639292151674 0.5914856790802782 10
    endloop
  endfacet
  facet normal 0 0 1
    outer loop
      vertex 4.218321144475619 -0.5179447094718768 10
      vertex 4.226718055315161 -0.44424596888752726 10
      vertex 4.218321144475619 0.5179447094718768 10
    endloop
  endfacet
  facet normal 0 0 1
    outer loop
      vertex 4.226718055315161 -0.44424596888752726 10
      vertex 4.2338274668899185 -0.3704119066775472 10
      vertex 4.226718055315161 0.44424596888752726 10
    endloop
  endfacet
  facet normal 0 0 1
    outer loop
      vertex 4.2338274668899185 -0.3704119066775472 10
      vertex 4.239647213604253 -0.2964650134125325 10
      vertex 4.2338274668899185 0.3704119066775472 10
    endloop
  endfacet
  facet normal 0 0 1
    outer loop
      vertex 4.239647213604253 -0.2964650134125325 10
      vertex 4.244175522706938 -0.2224278140325113 10
      vertex 4.239647213604253 0.2964650134125325 10
    endloop
  endfacet
  facet normal 0 0 1
    outer loop
      vertex 4.244175522706938 -0.2224278140325113 10
      vertex 4.247411014831157 -0.1483228609856291 10
      vertex 4.244175522706938 0.2224278140325113 10
    endloop
  endfacet
  facet normal 0 0 1
    outer loop
      vertex 4.247411014831157 -0.1483228609856291 10
      vertex 4.249352704414663 -0.07417272735845493 10
      vertex 4.247411014831157 0.1483228609856291 10
    endloop
  endfacet
  facet normal 0 0 -1
    outer loop
      vertex 0 4.25 0
      vertex 0.056720320921171415 3.2495050092582716 0
      vertex 0 3.25 0
    endloop
  endfacet
  facet normal 0 0 -1
    outer loop
      vertex 0.1483228609856291 4.247411014831157 0
      vertex 0.11342336428312814 3.2480201878120614 0
      vertex 0.056720320921171415 3.2495050092582716 0
    endloop
  endfacet
  facet normal 0 0 -1
    outer loop
      vertex 0.2224278140325113 4.244175522706938 0
      vertex 0.17009185778956745 3.245545987952365 0
      vertex 0.11342336428312814 3.2480201878120614 0
    endloop
  endfacet
  facet normal 0 0 -1
    outer loop
      vertex 0.2964650134125325 4.239647213604253 0
      vertex 0.22670853966840723 3.2420831633444287 0
      vertex 0.17009185778956745 3.245545987952365 0
    endloop
  endfacet
  facet normal 0 0 -1
    outer loop
      vertex 0.2964650134125325 4.239647213604253 0
      vertex 0.28325616392988906 3.237632768798173 0
      vertex 0.22670853966840723 3.2420831633444287 0
    endloop
  endfacet
  facet normal 0 0 -1
    outer loop
      vertex 0.3704119066775472 4.2338274668899185 0
      vertex 0.3397175056198738 3.2321961599468882 0
      vertex 0.28325616392988906 3.237632768798173 0
    endloop
  endfacet
  facet normal 0 0 -1
    outer loop
      vertex 0.44424596888752726 4.226718055315161 0
      vertex 0.3960753660667293 3.2257749928342965 0
      vertex 0.3397175056198738 3.2321961599468882 0
    endloop
  endfacet
  facet normal 0 0 -1
    outer loop
      vertex 0.5179447094718768 4.218321144475619 0
      vertex 0.4523125781202127 3.2183712234101036 0
      vertex 0.3960753660667293 3.2257749928342965 0
    endloop
  endfacet
  facet normal 0 0 -1
    outer loop
      vertex 0.5179447094718768 4.218321144475619 0
      vertex 0.5084120113807503 3.209987106934198 0
      vertex 0.4523125781202127 3.2183712234101036 0
    endloop
  endfacet
  facet normal 0 0 -1
    outer loop
      vertex 0 4.25 0
      vertex 0.07417272735845493 4.249352704414663 0
      vertex 0.056720320921171415 3.2495050092582716 0
    endloop
  endfacet
  facet normal 0 0 -1
    outer loop
      vertex 0.07417272735845493 4.249352704414663 0
      vertex 0.1483228609856291 4.247411014831157 0
      vertex 0.056720320921171415 3.2495050092582716 0
    endloop
  endfacet
  facet normal 0 0 -1
    outer loop
      vertex 0.1483228609856291 4.247411014831157 0
      vertex 0.2224278140325113 4.244175522706938 0
      vertex 0.11342336428312814 3.2480201878120614 0
    endloop
  endfacet
  facet normal 0 0 -1
    outer loop
      vertex 0.2224278140325113 4.244175522706938 0
      vertex 0.2964650134125325 4.239647213604253 0
      vertex 0.17009185778956745 3.245545987952365 0
    endloop
  endfacet
  facet normal 0 0 -1
    outer loop
      vertex 0.2964650134125325 4.239647213604253 0
      vertex 0.3704119066775472 4.2338274668899185 0
      vertex 0.28325616392988906 3.237632768798173 0
    endloop
  endfacet
  facet normal 0 0 -1
    outer loop
      vertex 0.3704119066775472 4.2338274668899185 0
      vertex 0.44424596888752726 4.226718055315161 0
      vertex 0.3397175056198738 3.2321961599468882 0
    endloop
  endfacet
  facet normal 0 0 -1
    outer loop
      vertex 0.44424596888752726 4.226718055315161 0
      vertex 0.5179447094718768 4.218321144475619 0
      vertex 0.3960753660667293 3.2257749928342965 0
    endloop
  endfacet
  facet normal 0 0 -1
    outer loop
      vertex 0.5914856790802782 4.208639292151674 0
      vertex 0.5643565774175235 3.200625197289676 0
      vertex 0.5084120113807503 3.209987106934198 0
    endloop
  endfacet
  facet normal 0 0 -1
    outer loop
      vertex 0.6648464764209812 4.197675447529336 0
      vertex 0.6201292349737706 3.190288346204908 0
      vertex 0.5643565774175235 3.200625197289676 0
    endloop
  endfacet
  facet normal 0 0 -1
    outer loop
      vertex 0.738004755084454 4.185432950301884 0
      vertex 0.6757129951577179 3.1789797023848685 0
      vertex 0.6201292349737706 3.190288346204908 0
    endloop
  endfacet
  facet normal 0 0 -1
    outer loop
      vertex 0.738004755084454 4.185432950301884 0
      vertex 0.7310909266175613 3.1667027105520145 0
      vertex 0.6757129951577179 3.1789797023848685 0
    endloop
  endfacet
  facet normal 0 0 -1
    outer loop
      vertex 0.8109382303503154 4.171915529652572 0
      vertex 0.7862461606989202 3.1534611103969885 0
      vertex 0.7310909266175613 3.1667027105520145 0
    endloop
  endfacet
  facet normal 0 0 -1
    outer loop
      vertex 1.0281680562985878 4.123756836672985 0
      vertex 1.004305231718579 3.090933677959249 0
      vertex 0.9502080403488945 3.107990456879865 0
    endloop
  endfacet
  facet normal 0 0 -1
    outer loop
      vertex 1.0999809416857131 4.10518476172854 0
      vertex 1.0580965019857593 3.0729353706977798 0
      vertex 1.004305231718579 3.090933677959249 0
    endloop
  endfacet
  facet normal 0 0 -1
    outer loop
      vertex 0.8836246859754772 4.157127303118674 0
      vertex 0.8411618965831924 3.139258935439472 0
      vertex 0.7862461606989202 3.1534611103969885 0
    endloop
  endfacet
  facet normal 0 0 -1
    outer loop
      vertex 0.9560419809614262 4.14107277533725 0
      vertex 0.8958214064052473 3.1241005117995364 0
      vertex 0.8411618965831924 3.139258935439472 0
    endloop
  endfacet
  facet normal 0 0 -1
    outer loop
      vertex 0.9560419809614262 4.14107277533725 0
      vertex 0.9502080403488945 3.107990456879865 0
      vertex 0.8958214064052473 3.1241005117995364 0
    endloop
  endfacet
  facet normal 0 0 -1
    outer loop
      vertex 0.5179447094718768 4.218321144475619 0
      vertex 0.5914856790802782 4.208639292151674 0
      vertex 0.5084120113807503 3.209987106934198 0
    endloop
  endfacet
  facet normal 0 0 -1
    outer loop
      vertex 0.5914856790802782 4.208639292151674 0
      vertex 0.6648464764209812 4.197675447529336 0
      vertex 0.5643565774175235 3.200625197289676 0
    endloop
  endfacet
  facet normal 0 0 -1
    outer loop
      vertex 0.738004755084454 4.185432950301884 0
      vertex 0.8109382303503154 4.171915529652572 0
      vertex 0.7310909266175613 3.1667027105520145 0
    endloop
  endfacet
  facet normal 0 0 -1
    outer loop
      vertex 0.6648464764209812 4.197675447529336 0
      vertex 0.738004755084454 4.185432950301884 0
      vertex 0.6201292349737706 3.190288346204908 0
    endloop
  endfacet
  facet normal 0 0 -1
    outer loop
      vertex 0.8109382303503154 4.171915529652572 0
      vertex 0.8836246859754772 4.157127303118674 0
      vertex 0.7862461606989202 3.1534611103969885 0
    endloop
  endfacet
  facet normal 0 0 -1
    outer loop
      vertex 0.8836246859754772 4.157127303118674 0
      vertex 0.9560419809614262 4.14107277533725 0
      vertex 0.8411618965831924 3.139258935439472 0
    endloop
  endfacet
  facet normal 0 0 -1
    outer loop
      vertex 0.9560419809614262 4.14107277533725 0
      vertex 1.0281680562985878 4.123756836672985 0
      vertex 0.9502080403488945 3.107990456879865 0
    endloop
  endfacet
  facet normal 0 0 -1
    outer loop
      vertex 1.0281680562985878 4.123756836672985 0
      vertex 1.0999809416857131 4.10518476172854 0
      vertex 1.004305231718579 3.090933677959249 0
    endloop
  endfacet
  facet normal 0 0 -1
    outer loop
      vertex 1.7286307330721509 3.8825681949810535 0
      vertex 1.673873743457676 2.785793727281865 0
      vertex 1.625 2.8145825622994254 0
    endloop
  endfacet
  facet normal 0 0 -1
    outer loop
      vertex 1.7286307330721509 3.8825681949810535 0
      vertex 1.7222376087579159 2.7561563125083843 0
      vertex 1.673873743457676 2.785793727281865 0
    endloop
  endfacet
  facet normal 0 0 -1
    outer loop
      vertex 1.7961276123979726 3.851808094905762 0
      vertex 1.770076863798838 2.7256793458226283 0
      vertex 1.7222376087579159 2.7561563125083843 0
    endloop
  endfacet
  facet normal 0 0 -1
    outer loop
      vertex 1.8630773738535789 3.81987469677146 0
      vertex 1.8173769362799275 2.694372110803885 0
      vertex 1.770076863798838 2.7256793458226283 0
    endloop
  endfacet
  facet normal 0 0 -1
    outer loop
      vertex 2.125 3.680607966083864 0
      vertex 2.0890597314812527 2.4896444401366784 0
      vertex 2.0452912709119717 2.525724374735155 0
    endloop
  endfacet
  facet normal 0 0 -1
    outer loop
      vertex 1.9294596238930737 3.7867777278005637 0
      vertex 1.8641234181408997 2.6622441439392235 0
      vertex 1.8173769362799275 2.694372110803885 0
    endloop
  endfacet
  facet normal 0 0 -1
    outer loop
      vertex 1.9294596238930737 3.7867777278005637 0
      vertex 1.9103020699505378 2.629305231718579 0
      vertex 1.8641234181408997 2.6622441439392235 0
    endloop
  endfacet
  facet normal 0 0 -1
    outer loop
      vertex 1.995254141840036 3.7525272696504395 0
      vertex 1.955898825244157 2.5955654076537016 0
      vertex 1.9103020699505378 2.629305231718579 0
    endloop
  endfacet
  facet normal 0 0 -1
    outer loop
      vertex 2.0604408860469325 3.7171337553424317 0
      vertex 2.0008997948083893 2.5610349492218463 0
      vertex 1.955898825244157 2.5955654076537016 0
    endloop
  endfacet
  facet normal 0 0 -1
    outer loop
      vertex 2.0604408860469325 3.7171337553424317 0
      vertex 2.0452912709119717 2.525724374735155 0
      vertex 2.0008997948083893 2.5610349492218463 0
    endloop
  endfacet
  facet normal 0 0 -1
    outer loop
      vertex 1.1714587622222465 4.085362207737855 0
      vertex 1.1115654658084233 3.0540010175542025 0
      vertex 1.0580965019857593 3.0729353706977798 0
    endloop
  endfacet
  facet normal 0 0 -1
    outer loop
      vertex 1.1714587622222465 4.085362207737855 0
      vertex 1.164695836022226 3.0341363861159056 0
      vertex 1.1115654658084233 3.0540010175542025 0
    endloop
  endfacet
  facet normal 0 0 -1
    outer loop
      vertex 1.2425797450716312 4.0642952128429 0
      vertex 1.217471428601714 3.0133475273420594 0
      vertex 1.164695836022226 3.0341363861159056 0
    endloop
  endfacet
  facet normal 0 0 -1
    outer loop
      vertex 1.3133222260935264 4.041990194254402 0
      vertex 1.2698761675901398 2.991640773720431 0
      vertex 1.217471428601714 3.0133475273420594 0
    endloop
  endfacet
  facet normal 0 0 -1
    outer loop
      vertex 1.383664656442916 4.018453946297097 0
      vertex 1.3218940899963507 2.969022737338453 0
      vertex 1.2698761675901398 2.991640773720431 0
    endloop
  endfacet
  facet normal 0 0 -1
    outer loop
      vertex 1.2425797450716312 4.0642952128429 0
      vertex 1.3133222260935264 4.041990194254402 0
      vertex 1.217471428601714 3.0133475273420594 0
    endloop
  endfacet
  facet normal 0 0 -1
    outer loop
      vertex 1.3133222260935264 4.041990194254402 0
      vertex 1.383664656442916 4.018453946297097 0
      vertex 1.2698761675901398 2.991640773720431 0
    endloop
  endfacet
  facet normal 0 0 -1
    outer loop
      vertex 1.383664656442916 4.018453946297097 0
      vertex 1.373509350657273 2.9455003078691124 0
      vertex 1.3218940899963507 2.969022737338453 0
    endloop
  endfacet
  facet normal 0 0 -1
    outer loop
      vertex 1.453585609134092 3.993693638340111 0
      vertex 1.4247062270645015 2.921080650472293 0
      vertex 1.373509350657273 2.9455003078691124 0
    endloop
  endfacet
  facet normal 0 0 -1
    outer loop
      vertex 1.5230637855675262 3.9677168126131073 0
      vertex 1.475469124153527 2.895771203612196 0
      vertex 1.4247062270645015 2.921080650472293 0
    endloop
  endfacet
  facet normal 0 0 -1
    outer loop
      vertex 1.592078022017626 3.9405313819088468 0
      vertex 1.525782579054145 2.8695796767915125 0
      vertex 1.475469124153527 2.895771203612196 0
    endloop
  endfacet
  facet normal 0 0 -1
    outer loop
      vertex 1.592078022017626 3.9405313819088468 0
      vertex 1.5756312658005955 2.842514048203036 0
      vertex 1.525782579054145 2.8695796767915125 0
    endloop
  endfacet
  facet normal 0 0 -1
    outer loop
      vertex 1.383664656442916 4.018453946297097 0
      vertex 1.453585609134092 3.993693638340111 0
      vertex 1.373509350657273 2.9455003078691124 0
    endloop
  endfacet
  facet normal 0 0 -1
    outer loop
      vertex 1.5230637855675262 3.9677168126131073 0
      vertex 1.4247062270645015 2.921080650472293 0
      vertex 1.453585609134092 3.993693638340111 0
    endloop
  endfacet
  facet normal 0 0 -1
    outer loop
      vertex 1.5230637855675262 3.9677168126131073 0
      vertex 1.592078022017626 3.9405313819088468 0
      vertex 1.475469124153527 2.895771203612196 0
    endloop
  endfacet
  facet normal 0 0 -1
    outer loop
      vertex 1.0999809416857131 4.10518476172854 0
      vertex 1.1714587622222465 4.085362207737855 0
      vertex 1.0580965019857593 3.0729353706977798 0
    endloop
  endfacet
  facet normal 0 0 -1
    outer loop
      vertex 1.1714587622222465 4.085362207737855 0
      vertex 1.2425797450716312 4.0642952128429 0
      vertex 1.164695836022226 3.0341363861159056 0
    endloop
  endfacet
  facet normal 0 0 -1
    outer loop
      vertex 1.6606072960794136 3.9121456271728716 0
      vertex 1.625 2.8145825622994254 0
      vertex 1.5756312658005955 2.842514048203036 0
    endloop
  endfacet
  facet normal 0 0 -1
    outer loop
      vertex 1.592078022017626 3.9405313819088468 0
      vertex 1.6606072960794136 3.9121456271728716 0
      vertex 1.5756312658005955 2.842514048203036 0
    endloop
  endfacet
  facet normal 0 0 -1
    outer loop
      vertex 1.6606072960794136 3.9121456271728716 0
      vertex 1.7286307330721509 3.8825681949810535 0
      vertex 1.625 2.8145825622994254 0
    endloop
  endfacet
  facet normal 0 0 -1
    outer loop
      vertex 1.7286307330721509 3.8825681949810535 0
      vertex 1.7961276123979726 3.851808094905762 0
      vertex 1.7222376087579159 2.7561563125083843 0
    endloop
  endfacet
  facet normal 0 0 -1
    outer loop
      vertex 1.7961276123979726 3.851808094905762 0
      vertex 1.8630773738535789 3.81987469677146 0
      vertex 1.770076863798838 2.7256793458226283 0
    endloop
  endfacet
  facet normal 0 0 -1
    outer loop
      vertex 1.8630773738535789 3.81987469677146 0
      vertex 1.9294596238930737 3.7867777278005637 0
      vertex 1.8173769362799275 2.694372110803885 0
    endloop
  endfacet
  facet normal 0 0 -1
    outer loop
      vertex 1.9294596238930737 3.7867777278005637 0
      vertex 1.995254141840036 3.7525272696504395 0
      vertex 1.9103020699505378 2.629305231718579 0
    endloop
  endfacet
  facet normal 0 0 -1
    outer loop
      vertex 2.0604408860469325 3.7171337553424317 0
      vertex 2.125 3.680607966083864 0
      vertex 2.0452912709119717 2.525724374735155 0
    endloop
  endfacet
  facet normal 0 0 -1
    outer loop
      vertex 2.0604408860469325 3.7171337553424317 0
      vertex 1.955898825244157 2.5955654076537016 0
      vertex 1.995254141840036 3.7525272696504395 0
    endloop
  endfacet
  facet normal 0.008726535498375933 0.9999619230641712 0
    outer loop
      vertex 0 4.25 0
      vertex 0 4.25 10
      vertex 0.07417272735845493 4.249352704414663 0
    endloop
  endfacet
  facet normal 0.02617694830786596 0.9996573249755576 0
    outer loop
      vertex 0.07417272735845493 4.249352704414663 0
      vertex 0.07417272735845493 4.249352704414663 10
      vertex 0.1483228609856291 4.247411014831157 0
    endloop
  endfacet
  facet normal 0.04361938736534835 0.9990482215818571 0
    outer loop
      vertex 0.1483228609856291 4.247411014831157 0
      vertex 0.1483228609856291 4.247411014831157 10
      vertex 0.2224278140325113 4.244175522706938 0
    endloop
  endfacet
  facet normal 0.06104853953484887 0.9981347984218675 0
    outer loop
      vertex 0.2224278140325113 4.244175522706938 0
      vertex 0.2224278140325113 4.244175522706938 10
      vertex 0.2964650134125325 4.239647213604253 0
    endloop
  endfacet
  facet normal 0.07845909572784585 0.9969173337331279 0
    outer loop
      vertex 0.2964650134125325 4.239647213604253 0
      vertex 0.2964650134125325 4.239647213604253 10
      vertex 0.3704119066775472 4.2338274668899185 0
    endloop
  endfacet
  facet normal 0.09584575252022881 0.9953961983671783 0
    outer loop
      vertex 0.3704119066775472 4.2338274668899185 0
      vertex 0.3704119066775472 4.2338274668899185 10
      vertex 0.44424596888752726 4.226718055315161 0
    endloop
  endfacet
  facet normal 0.113203213767903 0.993571855676588 0
    outer loop
      vertex 0.44424596888752726 4.226718055315161 0
      vertex 0.44424596888752726 4.226718055315161 10
      vertex 0.5179447094718768 4.218321144475619 0
    endloop
  endfacet
  facet normal 0.13052619222004558 0.9914448613738113 0
    outer loop
      vertex 0.5179447094718768 4.218321144475619 0
      vertex 0.5179447094718768 4.218321144475619 10
      vertex 0.5914856790802782 4.208639292151674 0
    endloop
  endfacet
  facet normal 0.1478094111296116 0.9890158633619167 0
    outer loop
      vertex 0.5914856790802782 4.208639292151674 0
      vertex 0.5914856790802782 4.208639292151674 10
      vertex 0.6648464764209812 4.197675447529336 0
    endloop
  endfacet
  facet normal 0.1650476058606863 0.9862856015372301 0
    outer loop
      vertex 0.6648464764209812 4.197675447529336 0
      vertex 0.6648464764209812 4.197675447529336 10
      vertex 0.738004755084454 4.185432950301884 0
    endloop
  endfacet
  facet normal 0.18223552549214228 0.9832549075639556 0
    outer loop
      vertex 0.738004755084454 4.185432950301884 0
      vertex 0.738004755084454 4.185432950301884 10
      vertex 0.8109382303503154 4.171915529652572 0
    endloop
  endfacet
  facet normal 0.19936793441719486 0.97992470462083 0
    outer loop
      vertex 0.8109382303503154 4.171915529652572 0
      vertex 0.8109382303503154 4.171915529652572 10
      vertex 0.8836246859754772 4.157127303118674 0
    endloop
  endfacet
  facet normal 0.21643961393810432 0.976296007119933 0
    outer loop
      vertex 0.8836246859754772 4.157127303118674 0
      vertex 0.8836246859754772 4.157127303118674 10
      vertex 0.9560419809614262 4.14107277533725 0
    endloop
  endfacet
  facet normal 0.23344536385590295 0.9723699203976773 0
    outer loop
      vertex 0.9560419809614262 4.14107277533725 0
      vertex 0.9560419809614262 4.14107277533725 10
      vertex 1.0281680562985878 4.123756836672985 0
    endloop
  endfacet
  facet normal 0.2503800040544458 0.9681476403781066 0
    outer loop
      vertex 1.0281680562985878 4.123756836672985 0
      vertex 1.0281680562985878 4.123756836672985 10
      vertex 1.0999809416857131 4.10518476172854 0
    endloop
  endfacet
  facet normal 0.2672383760782544 0.9636304532086236 0
    outer loop
      vertex 1.0999809416857131 4.10518476172854 0
      vertex 1.0999809416857131 4.10518476172854 10
      vertex 1.1714587622222465 4.085362207737855 0
    endloop
  endfacet
  facet normal 0.2840153447039317 0.9588197348681905 0
    outer loop
      vertex 1.1714587622222465 4.085362207737855 0
      vertex 1.1714587622222465 4.085362207737855 10
      vertex 1.2425797450716312 4.0642952128429 0
    endloop
  endfacet
  facet normal 0.3007057995042735 0.9537169507482267 0
    outer loop
      vertex 1.2425797450716312 4.0642952128429 0
      vertex 1.2425797450716312 4.0642952128429 10
      vertex 1.3133222260935264 4.041990194254402 0
    endloop
  endfacet
  facet normal 0.3665012267242922 0.9304175679820265 0
    outer loop
      vertex 1.5230637855675262 3.9677168126131073 0
      vertex 1.5230637855675262 3.9677168126131073 10
      vertex 1.592078022017626 3.9405313819088468 0
    endloop
  endfacet
  facet normal 0.31730465640508027 0.9483236552062033 0
    outer loop
      vertex 1.3133222260935264 4.041990194254402 0
      vertex 1.3133222260935264 4.041990194254402 10
      vertex 1.383664656442916 4.018453946297097 0
    endloop
  endfacet
  facet normal 0.3338068592337723 0.9426414910921779 0
    outer loop
      vertex 1.383664656442916 4.018453946297097 0
      vertex 1.383664656442916 4.018453946297097 10
      vertex 1.453585609134092 3.993693638340111 0
    endloop
  endfacet
  facet normal 0.3502073812594721 0.936672189248396 0
    outer loop
      vertex 1.5230637855675262 3.9677168126131073 0
      vertex 1.453585609134092 3.993693638340111 0
      vertex 1.453585609134092 3.993693638340111 10
    endloop
  endfacet
  facet normal 0.49242356010346433 0.8703556959399014 0
    outer loop
      vertex 2.0604408860469325 3.7171337553424317 0
      vertex 2.0604408860469325 3.7171337553424317 10
      vertex 2.125 3.680607966083864 0
    endloop
  endfacet
  facet normal 0.3826834323650897 0.9238795325112868 0
    outer loop
      vertex 1.592078022017626 3.9405313819088468 0
      vertex 1.592078022017626 3.9405313819088468 10
      vertex 1.6606072960794136 3.9121456271728716 0
    endloop
  endfacet
  facet normal 0.3987490689252525 0.9170600743851214 0
    outer loop
      vertex 1.6606072960794136 3.9121456271728716 0
      vertex 1.6606072960794136 3.9121456271728716 10
      vertex 1.7286307330721509 3.8825681949810535 0
    endloop
  endfacet
  facet normal 0.43051109680828864 0.9025852843498637 0
    outer loop
      vertex 1.7961276123979726 3.851808094905762 0
      vertex 1.7961276123979726 3.851808094905762 10
      vertex 1.8630773738535789 3.81987469677146 0
    endloop
  endfacet
  facet normal 0.4146932426562396 0.909961270876543 0
    outer loop
      vertex 1.7286307330721509 3.8825681949810535 0
      vertex 1.7286307330721509 3.8825681949810535 10
      vertex 1.7961276123979726 3.851808094905762 0
    endloop
  endfacet
  facet normal 0.44619781310981016 0.8949343616020243 0
    outer loop
      vertex 1.8630773738535789 3.81987469677146 0
      vertex 1.8630773738535789 3.81987469677146 10
      vertex 1.9294596238930737 3.7867777278005637 0
    endloop
  endfacet
  facet normal 0.4617486132350345 0.8870108331782215 0
    outer loop
      vertex 1.9294596238930737 3.7867777278005637 0
      vertex 1.9294596238930737 3.7867777278005637 10
      vertex 1.995254141840036 3.7525272696504395 0
    endloop
  endfacet
  facet normal 0.47715876025961285 0.878817112661963 0
    outer loop
      vertex 2.0604408860469325 3.7171337553424317 0
      vertex 1.995254141840036 3.7525272696504395 0
      vertex 1.995254141840036 3.7525272696504395 10
    endloop
  endfacet
  facet normal 0 0 -1
    outer loop
      vertex 3.207515715946781 2.788250873209656 0
      vertex 3.1789797023848685 0.6757129951577179 0
      vertex 3.1667027105520145 0.7310909266175613 0
    endloop
  endfacet
  facet normal 0 0 -1
    outer loop
      vertex 3.207515715946781 2.788250873209656 0
      vertex 3.1667027105520145 0.7310909266175613 0
      vertex 3.1534611103969885 0.7862461606989202 0
    endloop
  endfacet
  facet normal 0 0 -1
    outer loop
      vertex 3.1583655082789255 2.8438050770251477 0
      vertex 3.1534611103969885 0.7862461606989202 0
      vertex 3.139258935439472 0.8411618965831924 0
    endloop
  endfacet
  facet normal 0 0 -1
    outer loop
      vertex 3.1583655082789255 2.8438050770251477 0
      vertex 3.139258935439472 0.8411618965831924 0
      vertex 3.1241005117995364 0.8958214064052473 0
    endloop
  endfacet
  facet normal 0 0 -1
    outer loop
      vertex 3.1583655082789255 2.8438050770251477 0
      vertex 3.1241005117995364 0.8958214064052473 0
      vertex 3.107990456879865 0.9502080403488945 0
    endloop
  endfacet
  facet normal 0 0 -1
    outer loop
      vertex 2.8438050770251477 3.1583655082789255 0
      vertex 2.842514048203036 1.5756312658005955 0
      vertex 2.8145825622994254 1.625 0
    endloop
  endfacet
  facet normal 0 0 -1
    outer loop
      vertex 2.8984930302656187 3.1082532318814744 0
      vertex 2.895771203612196 1.475469124153527 0
      vertex 2.8695796767915125 1.525782579054145 0
    endloop
  endfacet
  facet normal 0 0 -1
    outer loop
      vertex 2.8984930302656187 3.1082532318814744 0
      vertex 2.8695796767915125 1.525782579054145 0
      vertex 2.842514048203036 1.5756312658005955 0
    endloop
  endfacet
  facet normal 0 0 -1
    outer loop
      vertex 3.0571941514392678 2.9522980744507383 0
      vertex 3.0540010175542025 1.1115654658084233 0
      vertex 3.0341363861159056 1.164695836022226 0
    endloop
  endfacet
  facet normal 0 0 -1
    outer loop
      vertex 3.0571941514392678 2.9522980744507383 0
      vertex 3.0341363861159056 1.164695836022226 0
      vertex 3.0133475273420594 1.217471428601714 0
    endloop
  endfacet
  facet normal 0 0 -1
    outer loop
      vertex 3.0571941514392678 2.9522980744507383 0
      vertex 3.0133475273420594 1.217471428601714 0
      vertex 2.991640773720431 1.2698761675901398 0
    endloop
  endfacet
  facet normal 0 0 -1
    outer loop
      vertex 3.1082532318814744 2.8984930302656187 0
      vertex 3.107990456879865 0.9502080403488945 0
      vertex 3.090933677959249 1.004305231718579 0
    endloop
  endfacet
  facet normal 0 0 -1
    outer loop
      vertex 3.1082532318814744 2.8984930302656187 0
      vertex 3.090933677959249 1.004305231718579 0
      vertex 3.0729353706977798 1.0580965019857593 0
    endloop
  endfacet
  facet normal 0 0 -1
    outer loop
      vertex 3.1082532318814744 2.8984930302656187 0
      vertex 3.0729353706977798 1.0580965019857593 0
      vertex 3.0540010175542025 1.1115654658084233 0
    endloop
  endfacet
  facet normal 0 0 -1
    outer loop
      vertex 3.0052038200428273 3.0052038200428273 0
      vertex 2.969022737338453 1.3218940899963507 0
      vertex 2.9455003078691124 1.373509350657273 0
    endloop
  endfacet
  facet normal 0 0 -1
    outer loop
      vertex 2.9522980744507383 3.0571941514392678 0
      vertex 2.9455003078691124 1.373509350657273 0
      vertex 2.921080650472293 1.4247062270645015 0
    endloop
  endfacet
  facet normal 0 0 -1
    outer loop
      vertex 2.9522980744507383 3.0571941514392678 0
      vertex 2.921080650472293 1.4247062270645015 0
      vertex 2.895771203612196 1.475469124153527 0
    endloop
  endfacet
  facet normal 0 0 -1
    outer loop
      vertex 3.0052038200428273 3.0052038200428273 0
      vertex 2.991640773720431 1.2698761675901398 0
      vertex 2.969022737338453 1.3218940899963507 0
    endloop
  endfacet
  facet normal 0 0 -1
    outer loop
      vertex 3.2556888832556568 -2.731847341167792 0
      vertex 3.25 0 0
      vertex 3.2556888832556568 2.731847341167792 0
    endloop
  endfacet
  facet normal 0 0 -1
    outer loop
      vertex 3.2556888832556568 2.731847341167792 0
      vertex 3.25 0 0
      vertex 3.2495050092582716 0.056720320921171415 0
    endloop
  endfacet
  facet normal 0 0 -1
    outer loop
      vertex 3.2556888832556568 -2.731847341167792 0
      vertex 3.2556888832556568 2.731847341167792 0
      vertex 3.302870336192126 2.674611661961809 0
    endloop
  endfacet
  facet normal 0 0 -1
    outer loop
      vertex 3.302870336192126 -2.674611661961809 0
      vertex 3.302870336192126 2.674611661961809 0
      vertex 3.349045702828568 2.616561270134048 0
    endloop
  endfacet
  facet normal 0 0 -1
    outer loop
      vertex 3.2556888832556568 2.731847341167792 0
      vertex 3.2495050092582716 0.056720320921171415 0
      vertex 3.2480201878120614 0.11342336428312814 0
    endloop
  endfacet
  facet normal 0 0 -1
    outer loop
      vertex 3.2556888832556568 2.731847341167792 0
      vertex 3.2480201878120614 0.11342336428312814 0
      vertex 3.245545987952365 0.17009185778956745 0
    endloop
  endfacet
  facet normal 0 0 -1
    outer loop
      vertex 3.2556888832556568 2.731847341167792 0
      vertex 3.245545987952365 0.17009185778956745 0
      vertex 3.2420831633444287 0.22670853966840723 0
    endloop
  endfacet
  facet normal 0 0 -1
    outer loop
      vertex 3.349045702828568 -2.616561270134048 0
      vertex 3.349045702828568 2.616561270134048 0
      vertex 3.3942009177009944 2.557713848396205 0
    endloop
  endfacet
  facet normal 0 0 -1
    outer loop
      vertex 3.3942009177009944 -2.557713848396205 0
      vertex 3.3942009177009944 2.557713848396205 0
      vertex 3.4383222260935264 2.498087322243011 0
    endloop
  endfacet
  facet normal 0 0 -1
    outer loop
      vertex 3.4383222260935264 -2.498087322243011 0
      vertex 3.4383222260935264 2.498087322243011 0
      vertex 3.481396188228215 2.437699854491946 0
    endloop
  endfacet
  facet normal 0 0 -1
    outer loop
      vertex 3.481396188228215 -2.437699854491946 0
      vertex 3.481396188228215 2.437699854491946 0
      vertex 3.523409683358927 2.3765698397506743 0
    endloop
  endfacet
  facet normal 0 0 -1
    outer loop
      vertex 3.523409683358927 -2.3765698397506743 0
      vertex 3.523409683358927 2.3765698397506743 0
      vertex 3.5643499137680523 2.314715898813865 0
    endloop
  endfacet
  facet normal 0 0 -1
    outer loop
      vertex 3.5643499137680523 -2.314715898813865 0
      vertex 3.5643499137680523 2.314715898813865 0
      vertex 3.60420440866481 2.252156872991121 0
    endloop
  endfacet
  facet normal 0 0 -1
    outer loop
      vertex 3.60420440866481 -2.252156872991121 0
      vertex 3.60420440866481 2.252156872991121 0
      vertex 3.6429610279839775 2.18891181836773 0
    endloop
  endfacet
  facet normal 0 0 -1
    outer loop
      vertex 3.6429610279839775 -2.18891181836773 0
      vertex 3.6429610279839775 2.18891181836773 0
      vertex 3.680607966083864 2.125 0
    endloop
  endfacet
  facet normal 0 0 -1
    outer loop
      vertex 3.680607966083864 -2.125 0
      vertex 3.680607966083864 2.125 0
      vertex 3.7171337553424317 2.0604408860469325 0
    endloop
  endfacet
  facet normal 0 0 -1
    outer loop
      vertex 3.9121456271728716 -1.6606072960794136 0
      vertex 3.9121456271728716 1.6606072960794136 0
      vertex 3.9405313819088468 1.592078022017626 0
    endloop
  endfacet
  facet normal 0 0 -1
    outer loop
      vertex 3.9405313819088468 -1.592078022017626 0
      vertex 3.9405313819088468 1.592078022017626 0
      vertex 3.9677168126131073 1.5230637855675262 0
    endloop
  endfacet
  facet normal 0 0 -1
    outer loop
      vertex 3.9677168126131073 -1.5230637855675262 0
      vertex 3.9677168126131073 1.5230637855675262 0
      vertex 3.993693638340111 1.453585609134092 0
    endloop
  endfacet
  facet normal 0 0 -1
    outer loop
      vertex 4.249352704414663 -0.07417272735845493 0
      vertex 4.249352704414663 0.07417272735845493 0
      vertex 4.25 0 0
    endloop
  endfacet
  facet normal 0 0 -1
    outer loop
      vertex 4.247411014831157 -0.1483228609856291 0
      vertex 4.247411014831157 0.1483228609856291 0
      vertex 4.249352704414663 0.07417272735845493 0
    endloop
  endfacet
  facet normal 0 0 -1
    outer loop
      vertex 4.244175522706938 -0.2224278140325113 0
      vertex 4.244175522706938 0.2224278140325113 0
      vertex 4.247411014831157 0.1483228609856291 0
    endloop
  endfacet
  facet normal 0 0 -1
    outer loop
      vertex 4.239647213604253 -0.2964650134125325 0
      vertex 4.239647213604253 0.2964650134125325 0
      vertex 4.244175522706938 0.2224278140325113 0
    endloop
  endfacet
  facet normal 0 0 -1
    outer loop
      vertex 4.2338274668899185 -0.3704119066775472 0
      vertex 4.2338274668899185 0.3704119066775472 0
      vertex 4.239647213604253 0.2964650134125325 0
    endloop
  endfacet
  facet normal 0 0 -1
    outer loop
      vertex 4.226718055315161 -0.44424596888752726 0
      vertex 4.226718055315161 0.44424596888752726 0
      vertex 4.2338274668899185 0.3704119066775472 0
    endloop
  endfacet
  facet normal 0 0 -1
    outer loop
      vertex 4.171915529652572 -0.8109382303503154 0
      vertex 4.171915529652572 0.8109382303503154 0
      vertex 4.185432950301884 0.738004755084454 0
    endloop
  endfacet
  facet normal 0 0 -1
    outer loop
      vertex 4.208639292151674 -0.5914856790802782 0
      vertex 4.208639292151674 0.5914856790802782 0
      vertex 4.218321144475619 0.5179447094718768 0
    endloop
  endfacet
  facet normal 0 0 -1
    outer loop
      vertex 4.197675447529336 -0.6648464764209812 0
      vertex 4.197675447529336 0.6648464764209812 0
      vertex 4.208639292151674 0.5914856790802782 0
    endloop
  endfacet
  facet normal 0 0 -1
    outer loop
      vertex 4.218321144475619 -0.5179447094718768 0
      vertex 4.218321144475619 0.5179447094718768 0
      vertex 4.226718055315161 0.44424596888752726 0
    endloop
  endfacet
  facet normal 0 0 -1
    outer loop
      vertex 4.185432950301884 -0.738004755084454 0
      vertex 4.185432950301884 0.738004755084454 0
      vertex 4.197675447529336 0.6648464764209812 0
    endloop
  endfacet
  facet normal 0 0 -1
    outer loop
      vertex 4.0642952128429 -1.2425797450716312 0
      vertex 4.0642952128429 1.2425797450716312 0
      vertex 4.085362207737855 1.1714587622222465 0
    endloop
  endfacet
  facet normal 0 0 -1
    outer loop
      vertex 4.10518476172854 -1.0999809416857131 0
      vertex 4.10518476172854 1.0999809416857131 0
      vertex 4.123756836672985 1.0281680562985878 0
    endloop
  endfacet
  facet normal 0 0 -1
    outer loop
      vertex 4.085362207737855 -1.1714587622222465 0
      vertex 4.085362207737855 1.1714587622222465 0
      vertex 4.10518476172854 1.0999809416857131 0
    endloop
  endfacet
  facet normal 0 0 -1
    outer loop
      vertex 3.993693638340111 -1.453585609134092 0
      vertex 3.993693638340111 1.453585609134092 0
      vertex 4.018453946297097 1.383664656442916 0
    endloop
  endfacet
  facet normal 0 0 -1
    outer loop
      vertex 4.041990194254402 -1.3133222260935264 0
      vertex 4.041990194254402 1.3133222260935264 0
      vertex 4.0642952128429 1.2425797450716312 0
    endloop
  endfacet
  facet normal 0 0 -1
    outer loop
      vertex 4.018453946297097 -1.383664656442916 0
      vertex 4.018453946297097 1.383664656442916 0
      vertex 4.041990194254402 1.3133222260935264 0
    endloop
  endfacet
  facet normal 0 0 -1
    outer loop
      vertex 4.14107277533725 -0.9560419809614262 0
      vertex 4.14107277533725 0.9560419809614262 0
      vertex 4.157127303118674 0.8836246859754772 0
    endloop
  endfacet
  facet normal 0 0 -1
    outer loop
      vertex 4.123756836672985 -1.0281680562985878 0
      vertex 4.123756836672985 1.0281680562985878 0
      vertex 4.14107277533725 0.9560419809614262 0
    endloop
  endfacet
  facet normal 0 0 -1
    outer loop
      vertex 4.157127303118674 -0.8836246859754772 0
      vertex 4.157127303118674 0.8836246859754772 0
      vertex 4.171915529652572 0.8109382303503154 0
    endloop
  endfacet
  facet normal 0 0 -1
    outer loop
      vertex 3.7525272696504395 -1.995254141840036 0
      vertex 3.7525272696504395 1.995254141840036 0
      vertex 3.7867777278005637 1.9294596238930737 0
    endloop
  endfacet
  facet normal 0 0 -1
    outer loop
      vertex 3.7867777278005637 -1.9294596238930737 0
      vertex 3.7867777278005637 1.9294596238930737 0
      vertex 3.81987469677146 1.8630773738535789 0
    endloop
  endfacet
  facet normal 0 0 -1
    outer loop
      vertex 3.81987469677146 -1.8630773738535789 0
      vertex 3.81987469677146 1.8630773738535789 0
      vertex 3.851808094905762 1.7961276123979726 0
    endloop
  endfacet
  facet normal 0 0 -1
    outer loop
      vertex 3.7171337553424317 -2.0604408860469325 0
      vertex 3.7171337553424317 2.0604408860469325 0
      vertex 3.7525272696504395 1.995254141840036 0
    endloop
  endfacet
  facet normal 0 0 -1
    outer loop
      vertex 3.851808094905762 -1.7961276123979726 0
      vertex 3.851808094905762 1.7961276123979726 0
      vertex 3.8825681949810535 1.7286307330721509 0
    endloop
  endfacet
  facet normal 0 0 -1
    outer loop
      vertex 3.8825681949810535 -1.7286307330721509 0
      vertex 3.8825681949810535 1.7286307330721509 0
      vertex 3.9121456271728716 1.6606072960794136 0
    endloop
  endfacet
  facet normal 0 0 -1
    outer loop
      vertex 3.2556888832556568 2.731847341167792 0
      vertex 3.2420831633444287 0.22670853966840723 0
      vertex 3.237632768798173 0.28325616392988906 0
    endloop
  endfacet
  facet normal 0 0 -1
    outer loop
      vertex 3.2556888832556568 2.731847341167792 0
      vertex 3.237632768798173 0.28325616392988906 0
      vertex 3.2321961599468882 0.3397175056198738 0
    endloop
  endfacet
  facet normal 0 0 -1
    outer loop
      vertex 3.2556888832556568 2.731847341167792 0
      vertex 3.2321961599468882 0.3397175056198738 0
      vertex 3.2257749928342965 0.3960753660667293 0
    endloop
  endfacet
  facet normal 0 0 -1
    outer loop
      vertex 3.2556888832556568 2.731847341167792 0
      vertex 3.2257749928342965 0.3960753660667293 0
      vertex 3.2183712234101036 0.4523125781202127 0
    endloop
  endfacet
  facet normal 0 0 -1
    outer loop
      vertex 3.2556888832556568 2.731847341167792 0
      vertex 3.2183712234101036 0.4523125781202127 0
      vertex 3.209987106934198 0.5084120113807503 0
    endloop
  endfacet
  facet normal 0 0 -1
    outer loop
      vertex 3.207515715946781 2.788250873209656 0
      vertex 3.200625197289676 0.5643565774175235 0
      vertex 3.190288346204908 0.6201292349737706 0
    endloop
  endfacet
  facet normal 0 0 -1
    outer loop
      vertex 3.2556888832556568 2.731847341167792 0
      vertex 3.209987106934198 0.5084120113807503 0
      vertex 3.200625197289676 0.5643565774175235 0
    endloop
  endfacet
  facet normal 0 0 -1
    outer loop
      vertex 3.207515715946781 2.788250873209656 0
      vertex 3.190288346204908 0.6201292349737706 0
      vertex 3.1789797023848685 0.6757129951577179 0
    endloop
  endfacet
  facet normal 0 0 -1
    outer loop
      vertex 3.207515715946781 2.788250873209656 0
      vertex 3.2556888832556568 2.731847341167792 0
      vertex 3.200625197289676 0.5643565774175235 0
    endloop
  endfacet
  facet normal 0.9999619230641712 0.008726535498375933 0
    outer loop
      vertex 4.25 0 0
      vertex 4.249352704414663 0.07417272735845493 0
      vertex 4.25 0 10
    endloop
  endfacet
  facet normal 0.9996573249755576 0.02617694830786596 0
    outer loop
      vertex 4.249352704414663 0.07417272735845493 0
      vertex 4.247411014831157 0.1483228609856291 0
      vertex 4.249352704414663 0.07417272735845493 10
    endloop
  endfacet
  facet normal 0.9990482215818571 0.04361938736534835 0
    outer loop
      vertex 4.247411014831157 0.1483228609856291 0
      vertex 4.244175522706938 0.2224278140325113 0
      vertex 4.247411014831157 0.1483228609856291 10
    endloop
  endfacet
  facet normal 0.9981347984218675 0.06104853953484887 0
    outer loop
      vertex 4.244175522706938 0.2224278140325113 0
      vertex 4.239647213604253 0.2964650134125325 0
      vertex 4.244175522706938 0.2224278140325113 10
    endloop
  endfacet
  facet normal 0.9969173337331279 0.07845909572784585 0
    outer loop
      vertex 4.239647213604253 0.2964650134125325 0
      vertex 4.2338274668899185 0.3704119066775472 0
      vertex 4.239647213604253 0.2964650134125325 10
    endloop
  endfacet
  facet normal 0.9953961983671783 0.09584575252022881 0
    outer loop
      vertex 4.2338274668899185 0.3704119066775472 0
      vertex 4.226718055315161 0.44424596888752726 0
      vertex 4.2338274668899185 0.3704119066775472 10
    endloop
  endfacet
  facet normal 0.993571855676588 0.113203213767903 0
    outer loop
      vertex 4.226718055315161 0.44424596888752726 0
      vertex 4.218321144475619 0.5179447094718768 0
      vertex 4.226718055315161 0.44424596888752726 10
    endloop
  endfacet
  facet normal 0.9914448613738113 0.13052619222004558 0
    outer loop
      vertex 4.218321144475619 0.5179447094718768 0
      vertex 4.208639292151674 0.5914856790802782 0
      vertex 4.218321144475619 0.5179447094718768 10
    endloop
  endfacet
  facet normal 0.9890158633619167 0.1478094111296116 0
    outer loop
      vertex 4.208639292151674 0.5914856790802782 0
      vertex 4.197675447529336 0.6648464764209812 0
      vertex 4.208639292151674 0.5914856790802782 10
    endloop
  endfacet
  facet normal 0.9832549075639556 0.18223552549214228 0
    outer loop
      vertex 4.185432950301884 0.738004755084454 0
      vertex 4.171915529652572 0.8109382303503154 0
      vertex 4.185432950301884 0.738004755084454 10
    endloop
  endfacet
  facet normal 0.9862856015372301 0.1650476058606863 0
    outer loop
      vertex 4.197675447529336 0.6648464764209812 0
      vertex 4.185432950301884 0.738004755084454 0
      vertex 4.197675447529336 0.6648464764209812 10
    endloop
  endfacet
  facet normal 0.97992470462083 0.19936793441719486 0
    outer loop
      vertex 4.171915529652572 0.8109382303503154 0
      vertex 4.157127303118674 0.8836246859754772 0
      vertex 4.171915529652572 0.8109382303503154 10
    endloop
  endfacet
  facet normal 0.976296007119933 0.21643961393810432 0
    outer loop
      vertex 4.157127303118674 0.8836246859754772 0
      vertex 4.14107277533725 0.9560419809614262 0
      vertex 4.157127303118674 0.8836246859754772 10
    endloop
  endfacet
  facet normal 0.9723699203976773 0.23344536385590295 0
    outer loop
      vertex 4.14107277533725 0.9560419809614262 0
      vertex 4.123756836672985 1.0281680562985878 0
      vertex 4.14107277533725 0.9560419809614262 10
    endloop
  endfacet
  facet normal 0.9681476403781066 0.2503800040544458 0
    outer loop
      vertex 4.123756836672985 1.0281680562985878 0
      vertex 4.10518476172854 1.0999809416857131 0
      vertex 4.123756836672985 1.0281680562985878 10
    endloop
  endfacet
  facet normal 0.8703556959399014 0.49242356010346433 0
    outer loop
      vertex 3.7171337553424317 2.0604408860469325 0
      vertex 3.680607966083864 2.125 0
      vertex 3.7171337553424317 2.0604408860469325 10
    endloop
  endfacet
  facet normal 0.9304175679820265 0.3665012267242922 0
    outer loop
      vertex 3.9677168126131073 1.5230637855675262 0
      vertex 3.9405313819088468 1.592078022017626 0
      vertex 3.9677168126131073 1.5230637855675262 10
    endloop
  endfacet
  facet normal 0.9636304532086236 0.2672383760782544 0
    outer loop
      vertex 4.10518476172854 1.0999809416857131 0
      vertex 4.085362207737855 1.1714587622222465 0
      vertex 4.10518476172854 1.0999809416857131 10
    endloop
  endfacet
  facet normal 0.9588197348681905 0.2840153447039317 0
    outer loop
      vertex 4.085362207737855 1.1714587622222465 0
      vertex 4.0642952128429 1.2425797450716312 0
      vertex 4.085362207737855 1.1714587622222465 10
    endloop
  endfacet
  facet normal 0.9537169507482267 0.3007057995042735 0
    outer loop
      vertex 4.041990194254402 1.3133222260935264 0
      vertex 4.0642952128429 1.2425797450716312 10
      vertex 4.0642952128429 1.2425797450716312 0
    endloop
  endfacet
  facet normal 0.9483236552062033 0.31730465640508027 0
    outer loop
      vertex 4.041990194254402 1.3133222260935264 0
      vertex 4.018453946297097 1.383664656442916 0
      vertex 4.041990194254402 1.3133222260935264 10
    endloop
  endfacet
  facet normal 0.9426414910921779 0.3338068592337723 0
    outer loop
      vertex 4.018453946297097 1.383664656442916 0
      vertex 3.993693638340111 1.453585609134092 0
      vertex 4.018453946297097 1.383664656442916 10
    endloop
  endfacet
  facet normal 0.936672189248396 0.3502073812594721 0
    outer loop
      vertex 3.9677168126131073 1.5230637855675262 0
      vertex 3.993693638340111 1.453585609134092 10
      vertex 3.993693638340111 1.453585609134092 0
    endloop
  endfacet
  facet normal 0.9025852843498637 0.43051109680828864 0
    outer loop
      vertex 3.851808094905762 1.7961276123979726 0
      vertex 3.81987469677146 1.8630773738535789 0
      vertex 3.851808094905762 1.7961276123979726 10
    endloop
  endfacet
  facet normal 0.9170600743851214 0.3987490689252525 0
    outer loop
      vertex 3.9121456271728716 1.6606072960794136 0
      vertex 3.8825681949810535 1.7286307330721509 0
      vertex 3.9121456271728716 1.6606072960794136 10
    endloop
  endfacet
  facet normal 0.9238795325112868 0.3826834323650897 0
    outer loop
      vertex 3.9405313819088468 1.592078022017626 0
      vertex 3.9121456271728716 1.6606072960794136 0
      vertex 3.9405313819088468 1.592078022017626 10
    endloop
  endfacet
  facet normal 0.909961270876543 0.4146932426562396 0
    outer loop
      vertex 3.8825681949810535 1.7286307330721509 0
      vertex 3.851808094905762 1.7961276123979726 0
      vertex 3.8825681949810535 1.7286307330721509 10
    endloop
  endfacet
  facet normal 0.8870108331782215 0.4617486132350345 0
    outer loop
      vertex 3.7867777278005637 1.9294596238930737 0
      vertex 3.7525272696504395 1.995254141840036 0
      vertex 3.7867777278005637 1.9294596238930737 10
    endloop
  endfacet
  facet normal 0.8949343616020243 0.44619781310981016 0
    outer loop
      vertex 3.81987469677146 1.8630773738535789 0
      vertex 3.7867777278005637 1.9294596238930737 0
      vertex 3.81987469677146 1.8630773738535789 10
    endloop
  endfacet
  facet normal 0.878817112661963 0.47715876025961285 0
    outer loop
      vertex 3.7171337553424317 2.0604408860469325 0
      vertex 3.7525272696504395 1.995254141840036 10
      vertex 3.7525272696504395 1.995254141840036 0
    endloop
  endfacet
  facet normal 0 0 -1
    outer loop
      vertex 2.437699854491946 3.481396188228215 0
      vertex 2.376899530262304 2.21649467020312 0
      vertex 2.3378543511006162 2.257639703991741 0
    endloop
  endfacet
  facet normal 0 0 -1
    outer loop
      vertex 2.674611661961809 3.302870336192126 0
      vertex 2.629305231718579 1.9103020699505378 0
      vertex 2.5955654076537016 1.955898825244157 0
    endloop
  endfacet
  facet normal 0 0 -1
    outer loop
      vertex 2.674611661961809 3.302870336192126 0
      vertex 2.6622441439392235 1.8641234181408997 0
      vertex 2.629305231718579 1.9103020699505378 0
    endloop
  endfacet
  facet normal 0 0 -1
    outer loop
      vertex 2.498087322243011 3.4383222260935264 0
      vertex 2.452806135724009 2.1321918442191485 0
      vertex 2.4152206828015315 2.1746744706662895 0
    endloop
  endfacet
  facet normal 0 0 -1
    outer loop
      vertex 2.437699854491946 3.481396188228215 0
      vertex 2.4152206828015315 2.1746744706662895 0
      vertex 2.376899530262304 2.21649467020312 0
    endloop
  endfacet
  facet normal 0 0 -1
    outer loop
      vertex 2.498087322243011 3.4383222260935264 0
      vertex 2.4896444401366784 2.0890597314812527 0
      vertex 2.452806135724009 2.1321918442191485 0
    endloop
  endfacet
  facet normal 0 0 -1
    outer loop
      vertex 2.557713848396205 3.3942009177009944 0
      vertex 2.525724374735155 2.0452912709119717 0
      vertex 2.4896444401366784 2.0890597314812527 0
    endloop
  endfacet
  facet normal 0 0 -1
    outer loop
      vertex 2.616561270134048 3.349045702828568 0
      vertex 2.5610349492218463 2.0008997948083893 0
      vertex 2.525724374735155 2.0452912709119717 0
    endloop
  endfacet
  facet normal 0 0 -1
    outer loop
      vertex 2.616561270134048 3.349045702828568 0
      vertex 2.5955654076537016 1.955898825244157 0
      vertex 2.5610349492218463 2.0008997948083893 0
    endloop
  endfacet
  facet normal 0 0 -1
    outer loop
      vertex 2.18891181836773 3.6429610279839775 0
      vertex 2.1746744706662895 2.4152206828015315 0
      vertex 2.1321918442191485 2.452806135724009 0
    endloop
  endfacet
  facet normal 0 0 -1
    outer loop
      vertex 2.18891181836773 3.6429610279839775 0
      vertex 2.1321918442191485 2.452806135724009 0
      vertex 2.0890597314812527 2.4896444401366784 0
    endloop
  endfacet
  facet normal 0 0 -1
    outer loop
      vertex 2.252156872991121 3.60420440866481 0
      vertex 2.21649467020312 2.376899530262304 0
      vertex 2.1746744706662895 2.4152206828015315 0
    endloop
  endfacet
  facet normal 0 0 -1
    outer loop
      vertex 2.314715898813865 3.5643499137680523 0
      vertex 2.29809703885628 2.29809703885628 0
      vertex 2.257639703991741 2.3378543511006162 0
    endloop
  endfacet
  facet normal 0 0 -1
    outer loop
      vertex 2.314715898813865 3.5643499137680523 0
      vertex 2.257639703991741 2.3378543511006162 0
      vertex 2.21649467020312 2.376899530262304 0
    endloop
  endfacet
  facet normal 0 0 -1
    outer loop
      vertex 2.3765698397506743 3.523409683358927 0
      vertex 2.3378543511006162 2.257639703991741 0
      vertex 2.29809703885628 2.29809703885628 0
    endloop
  endfacet
  facet normal 0 0 -1
    outer loop
      vertex 2.252156872991121 3.60420440866481 0
      vertex 2.314715898813865 3.5643499137680523 0
      vertex 2.21649467020312 2.376899530262304 0
    endloop
  endfacet
  facet normal 0 0 -1
    outer loop
      vertex 2.3765698397506743 3.523409683358927 0
      vertex 2.437699854491946 3.481396188228215 0
      vertex 2.3378543511006162 2.257639703991741 0
    endloop
  endfacet
  facet normal 0 0 -1
    outer loop
      vertex 2.314715898813865 3.5643499137680523 0
      vertex 2.3765698397506743 3.523409683358927 0
      vertex 2.29809703885628 2.29809703885628 0
    endloop
  endfacet
  facet normal 0 0 -1
    outer loop
      vertex 2.616561270134048 3.349045702828568 0
      vertex 2.674611661961809 3.302870336192126 0
      vertex 2.5955654076537016 1.955898825244157 0
    endloop
  endfacet
  facet normal 0 0 -1
    outer loop
      vertex 2.498087322243011 3.4383222260935264 0
      vertex 2.4152206828015315 2.1746744706662895 0
      vertex 2.437699854491946 3.481396188228215 0
    endloop
  endfacet
  facet normal 0 0 -1
    outer loop
      vertex 2.498087322243011 3.4383222260935264 0
      vertex 2.557713848396205 3.3942009177009944 0
      vertex 2.4896444401366784 2.0890597314812527 0
    endloop
  endfacet
  facet normal 0 0 -1
    outer loop
      vertex 2.557713848396205 3.3942009177009944 0
      vertex 2.616561270134048 3.349045702828568 0
      vertex 2.525724374735155 2.0452912709119717 0
    endloop
  endfacet
  facet normal 0 0 -1
    outer loop
      vertex 2.788250873209656 3.207515715946781 0
      vertex 2.785793727281865 1.673873743457676 0
      vertex 2.7561563125083843 1.7222376087579159 0
    endloop
  endfacet
  facet normal 0 0 -1
    outer loop
      vertex 2.788250873209656 3.207515715946781 0
      vertex 2.7561563125083843 1.7222376087579159 0
      vertex 2.7256793458226283 1.770076863798838 0
    endloop
  endfacet
  facet normal 0 0 -1
    outer loop
      vertex 2.731847341167792 3.2556888832556568 0
      vertex 2.7256793458226283 1.770076863798838 0
      vertex 2.694372110803885 1.8173769362799275 0
    endloop
  endfacet
  facet normal 0 0 -1
    outer loop
      vertex 2.731847341167792 3.2556888832556568 0
      vertex 2.694372110803885 1.8173769362799275 0
      vertex 2.6622441439392235 1.8641234181408997 0
    endloop
  endfacet
  facet normal 0 0 -1
    outer loop
      vertex 2.8438050770251477 3.1583655082789255 0
      vertex 2.8145825622994254 1.625 0
      vertex 2.785793727281865 1.673873743457676 0
    endloop
  endfacet
  facet normal 0 0 -1
    outer loop
      vertex 2.8984930302656187 3.1082532318814744 0
      vertex 2.9522980744507383 3.0571941514392678 0
      vertex 2.895771203612196 1.475469124153527 0
    endloop
  endfacet
  facet normal 0 0 -1
    outer loop
      vertex 2.8438050770251477 3.1583655082789255 0
      vertex 2.8984930302656187 3.1082532318814744 0
      vertex 2.842514048203036 1.5756312658005955 0
    endloop
  endfacet
  facet normal 0 0 -1
    outer loop
      vertex 3.1583655082789255 2.8438050770251477 0
      vertex 3.207515715946781 2.788250873209656 0
      vertex 3.1534611103969885 0.7862461606989202 0
    endloop
  endfacet
  facet normal 0 0 -1
    outer loop
      vertex 3.1082532318814744 2.8984930302656187 0
      vertex 3.1583655082789255 2.8438050770251477 0
      vertex 3.107990456879865 0.9502080403488945 0
    endloop
  endfacet
  facet normal 0 0 -1
    outer loop
      vertex 3.1082532318814744 2.8984930302656187 0
      vertex 3.0540010175542025 1.1115654658084233 0
      vertex 3.0571941514392678 2.9522980744507383 0
    endloop
  endfacet
  facet normal 0 0 -1
    outer loop
      vertex 3.0052038200428273 3.0052038200428273 0
      vertex 2.9455003078691124 1.373509350657273 0
      vertex 2.9522980744507383 3.0571941514392678 0
    endloop
  endfacet
  facet normal 0 0 -1
    outer loop
      vertex 3.0052038200428273 3.0052038200428273 0
      vertex 3.0571941514392678 2.9522980744507383 0
      vertex 2.991640773720431 1.2698761675901398 0
    endloop
  endfacet
  facet normal 0 0 -1
    outer loop
      vertex 2.788250873209656 3.207515715946781 0
      vertex 2.7256793458226283 1.770076863798838 0
      vertex 2.731847341167792 3.2556888832556568 0
    endloop
  endfacet
  facet normal 0 0 -1
    outer loop
      vertex 2.674611661961809 3.302870336192126 0
      vertex 2.731847341167792 3.2556888832556568 0
      vertex 2.6622441439392235 1.8641234181408997 0
    endloop
  endfacet
  facet normal 0 0 -1
    outer loop
      vertex 2.8438050770251477 3.1583655082789255 0
      vertex 2.785793727281865 1.673873743457676 0
      vertex 2.788250873209656 3.207515715946781 0
    endloop
  endfacet
  facet normal 0 0 -1
    outer loop
      vertex 2.18891181836773 3.6429610279839775 0
      vertex 2.0890597314812527 2.4896444401366784 0
      vertex 2.125 3.680607966083864 0
    endloop
  endfacet
  facet normal 0 0 -1
    outer loop
      vertex 2.18891181836773 3.6429610279839775 0
      vertex 2.252156872991121 3.60420440866481 0
      vertex 2.1746744706662895 2.4152206828015315 0
    endloop
  endfacet
  facet normal 0.688354575693751 0.7253743710122903 0
    outer loop
      vertex 2.8984930302656187 3.1082532318814744 0
      vertex 2.8984930302656187 3.1082532318814744 10
      vertex 2.9522980744507383 3.0571941514392678 0
    endloop
  endfacet
  facet normal 0.6755902076156632 0.7372773368101214 0
    outer loop
      vertex 2.8438050770251477 3.1583655082789255 0
      vertex 2.8438050770251477 3.1583655082789255 10
      vertex 2.8984930302656187 3.1082532318814744 0
    endloop
  endfacet
  facet normal 0.7253743710122903 0.688354575693751 0
    outer loop
      vertex 3.1082532318814744 2.8984930302656187 0
      vertex 3.0571941514392678 2.9522980744507383 0
      vertex 3.1082532318814744 2.8984930302656187 10
    endloop
  endfacet
  facet normal 0.7372773368101214 0.6755902076156632 0
    outer loop
      vertex 3.1082532318814744 2.8984930302656187 0
      vertex 3.1583655082789255 2.8438050770251477 10
      vertex 3.1583655082789255 2.8438050770251477 0
    endloop
  endfacet
  facet normal 0.7009092642998489 0.7132504491541835 0
    outer loop
      vertex 3.0052038200428273 3.0052038200428273 0
      vertex 2.9522980744507383 3.0571941514392678 0
      vertex 2.9522980744507383 3.0571941514392678 10
    endloop
  endfacet
  facet normal 0.7132504491541835 0.7009092642998489 0
    outer loop
      vertex 3.0052038200428273 3.0052038200428273 0
      vertex 3.0571941514392678 2.9522980744507383 10
      vertex 3.0571941514392678 2.9522980744507383 0
    endloop
  endfacet
  facet normal 0.507538362960703 0.8616291604415264 0
    outer loop
      vertex 2.18891181836773 3.6429610279839775 0
      vertex 2.125 3.680607966083864 0
      vertex 2.125 3.680607966083864 10
    endloop
  endfacet
  facet normal 0.5224985647159517 0.8526401643540904 0
    outer loop
      vertex 2.18891181836773 3.6429610279839775 0
      vertex 2.18891181836773 3.6429610279839775 10
      vertex 2.252156872991121 3.60420440866481 0
    endloop
  endfacet
  facet normal 0.5519369853120628 0.833885822067165 0
    outer loop
      vertex 2.314715898813865 3.5643499137680523 0
      vertex 2.314715898813865 3.5643499137680523 10
      vertex 2.3765698397506743 3.523409683358927 0
    endloop
  endfacet
  facet normal 0.5372996083468191 0.8433914458128886 0
    outer loop
      vertex 2.252156872991121 3.60420440866481 0
      vertex 2.252156872991121 3.60420440866481 10
      vertex 2.314715898813865 3.5643499137680523 0
    endloop
  endfacet
  facet normal 0.5948227867513439 0.8038568606172153 0
    outer loop
      vertex 2.498087322243011 3.4383222260935264 0
      vertex 2.498087322243011 3.4383222260935264 10
      vertex 2.557713848396205 3.3942009177009944 0
    endloop
  endfacet
  facet normal 0.6087614290087182 0.793353340291237 0
    outer loop
      vertex 2.557713848396205 3.3942009177009944 0
      vertex 2.557713848396205 3.3942009177009944 10
      vertex 2.616561270134048 3.349045702828568 0
    endloop
  endfacet
  facet normal 0.6225146366376213 0.7826081568524126 0
    outer loop
      vertex 2.616561270134048 3.349045702828568 0
      vertex 2.616561270134048 3.349045702828568 10
      vertex 2.674611661961809 3.302870336192126 0
    endloop
  endfacet
  facet normal 0.5664062369248319 0.8241261886220163 0
    outer loop
      vertex 2.3765698397506743 3.523409683358927 0
      vertex 2.3765698397506743 3.523409683358927 10
      vertex 2.437699854491946 3.481396188228215 0
    endloop
  endfacet
  facet normal 0.5807029557109389 0.8141155183563198 0
    outer loop
      vertex 2.498087322243011 3.4383222260935264 0
      vertex 2.437699854491946 3.481396188228215 0
      vertex 2.437699854491946 3.481396188228215 10
    endloop
  endfacet
  facet normal 0.6360782202777623 0.7716245833877213 0
    outer loop
      vertex 2.674611661961809 3.302870336192126 0
      vertex 2.674611661961809 3.302870336192126 10
      vertex 2.731847341167792 3.2556888832556568 0
    endloop
  endfacet
  facet normal 0.6494480483301851 0.7604059656000298 0
    outer loop
      vertex 2.788250873209656 3.207515715946781 0
      vertex 2.731847341167792 3.2556888832556568 0
      vertex 2.731847341167792 3.2556888832556568 10
    endloop
  endfacet
  facet normal 0.6626200482157335 0.7489557207890057 0
    outer loop
      vertex 2.8438050770251477 3.1583655082789255 0
      vertex 2.788250873209656 3.207515715946781 0
      vertex 2.788250873209656 3.207515715946781 10
    endloop
  endfacet
  facet normal 0.8038568606172153 0.5948227867513439 0
    outer loop
      vertex 3.4383222260935264 2.498087322243011 0
      vertex 3.3942009177009944 2.557713848396205 0
      vertex 3.4383222260935264 2.498087322243011 10
    endloop
  endfacet
  facet normal 0.793353340291237 0.6087614290087182 0
    outer loop
      vertex 3.349045702828568 2.616561270134048 0
      vertex 3.3942009177009944 2.557713848396205 10
      vertex 3.3942009177009944 2.557713848396205 0
    endloop
  endfacet
  facet normal 0.7826081568524126 0.6225146366376213 0
    outer loop
      vertex 3.349045702828568 2.616561270134048 0
      vertex 3.302870336192126 2.674611661961809 0
      vertex 3.349045702828568 2.616561270134048 10
    endloop
  endfacet
  facet normal 0.833885822067165 0.5519369853120628 0
    outer loop
      vertex 3.5643499137680523 2.314715898813865 0
      vertex 3.523409683358927 2.3765698397506743 0
      vertex 3.5643499137680523 2.314715898813865 10
    endloop
  endfacet
  facet normal 0.8526401643540904 0.5224985647159517 0
    outer loop
      vertex 3.6429610279839775 2.18891181836773 0
      vertex 3.60420440866481 2.252156872991121 0
      vertex 3.6429610279839775 2.18891181836773 10
    endloop
  endfacet
  facet normal 0.8616291604415264 0.507538362960703 0
    outer loop
      vertex 3.6429610279839775 2.18891181836773 0
      vertex 3.680607966083864 2.125 10
      vertex 3.680607966083864 2.125 0
    endloop
  endfacet
  facet normal 0.8433914458128886 0.5372996083468191 0
    outer loop
      vertex 3.5643499137680523 2.314715898813865 0
      vertex 3.60420440866481 2.252156872991121 10
      vertex 3.60420440866481 2.252156872991121 0
    endloop
  endfacet
  facet normal 0.8241261886220163 0.5664062369248319 0
    outer loop
      vertex 3.523409683358927 2.3765698397506743 0
      vertex 3.481396188228215 2.437699854491946 0
      vertex 3.523409683358927 2.3765698397506743 10
    endloop
  endfacet
  facet normal 0.8141155183563198 0.5807029557109389 0
    outer loop
      vertex 3.4383222260935264 2.498087322243011 0
      vertex 3.481396188228215 2.437699854491946 10
      vertex 3.481396188228215 2.437699854491946 0
    endloop
  endfacet
  facet normal 0.7604059656000298 0.6494480483301851 0
    outer loop
      vertex 3.207515715946781 2.788250873209656 0
      vertex 3.2556888832556568 2.731847341167792 10
      vertex 3.2556888832556568 2.731847341167792 0
    endloop
  endfacet
  facet normal 0.7716245833877213 0.6360782202777623 0
    outer loop
      vertex 3.302870336192126 2.674611661961809 0
      vertex 3.2556888832556568 2.731847341167792 0
      vertex 3.302870336192126 2.674611661961809 10
    endloop
  endfacet
  facet normal 0.7489557207890057 0.6626200482157335 0
    outer loop
      vertex 3.1583655082789255 2.8438050770251477 0
      vertex 3.207515715946781 2.788250873209656 10
      vertex 3.207515715946781 2.788250873209656 0
    endloop
  endfacet
  facet normal 0.008726535498375933 0.9999619230641712 0
    outer loop
      vertex 0.07417272735845493 4.249352704414663 0
      vertex 0 4.25 10
      vertex 0.07417272735845493 4.249352704414663 10
    endloop
  endfacet
  facet normal 0.02617694830786596 0.9996573249755576 0
    outer loop
      vertex 0.1483228609856291 4.247411014831157 0
      vertex 0.07417272735845493 4.249352704414663 10
      vertex 0.1483228609856291 4.247411014831157 10
    endloop
  endfacet
  facet normal 0.04361938736534835 0.9990482215818571 0
    outer loop
      vertex 0.2224278140325113 4.244175522706938 0
      vertex 0.1483228609856291 4.247411014831157 10
      vertex 0.2224278140325113 4.244175522706938 10
    endloop
  endfacet
  facet normal 0.06104853953484887 0.9981347984218675 0
    outer loop
      vertex 0.2964650134125325 4.239647213604253 0
      vertex 0.2224278140325113 4.244175522706938 10
      vertex 0.2964650134125325 4.239647213604253 10
    endloop
  endfacet
  facet normal 0.07845909572784585 0.9969173337331279 0
    outer loop
      vertex 0.3704119066775472 4.2338274668899185 0
      vertex 0.2964650134125325 4.239647213604253 10
      vertex 0.3704119066775472 4.2338274668899185 10
    endloop
  endfacet
  facet normal 0.09584575252022881 0.9953961983671783 0
    outer loop
      vertex 0.44424596888752726 4.226718055315161 0
      vertex 0.3704119066775472 4.2338274668899185 10
      vertex 0.44424596888752726 4.226718055315161 10
    endloop
  endfacet
  facet normal 0.113203213767903 0.993571855676588 0
    outer loop
      vertex 0.5179447094718768 4.218321144475619 0
      vertex 0.44424596888752726 4.226718055315161 10
      vertex 0.5179447094718768 4.218321144475619 10
    endloop
  endfacet
  facet normal 0.13052619222004558 0.9914448613738113 0
    outer loop
      vertex 0.5914856790802782 4.208639292151674 0
      vertex 0.5179447094718768 4.218321144475619 10
      vertex 0.5914856790802782 4.208639292151674 10
    endloop
  endfacet
  facet normal 0.1478094111296116 0.9890158633619167 0
    outer loop
      vertex 0.6648464764209812 4.197675447529336 0
      vertex 0.5914856790802782 4.208639292151674 10
      vertex 0.6648464764209812 4.197675447529336 10
    endloop
  endfacet
  facet normal 0.1650476058606863 0.9862856015372301 0
    outer loop
      vertex 0.738004755084454 4.185432950301884 0
      vertex 0.6648464764209812 4.197675447529336 10
      vertex 0.738004755084454 4.185432950301884 10
    endloop
  endfacet
  facet normal 0.18223552549214228 0.9832549075639556 0
    outer loop
      vertex 0.8109382303503154 4.171915529652572 0
      vertex 0.738004755084454 4.185432950301884 10
      vertex 0.8109382303503154 4.171915529652572 10
    endloop
  endfacet
  facet normal 0.19936793441719486 0.97992470462083 0
    outer loop
      vertex 0.8836246859754772 4.157127303118674 0
      vertex 0.8109382303503154 4.171915529652572 10
      vertex 0.8836246859754772 4.157127303118674 10
    endloop
  endfacet
  facet normal 0.21643961393810432 0.976296007119933 0
    outer loop
      vertex 0.9560419809614262 4.14107277533725 0
      vertex 0.8836246859754772 4.157127303118674 10
      vertex 0.9560419809614262 4.14107277533725 10
    endloop
  endfacet
  facet normal 0.23344536385590295 0.9723699203976773 0
    outer loop
      vertex 1.0281680562985878 4.123756836672985 0
      vertex 0.9560419809614262 4.14107277533725 10
      vertex 1.0281680562985878 4.123756836672985 10
    endloop
  endfacet
  facet normal 0.2503800040544458 0.9681476403781066 0
    outer loop
      vertex 1.0999809416857131 4.10518476172854 0
      vertex 1.0281680562985878 4.123756836672985 10
      vertex 1.0999809416857131 4.10518476172854 10
    endloop
  endfacet
  facet normal 0.2672383760782544 0.9636304532086236 0
    outer loop
      vertex 1.1714587622222465 4.085362207737855 0
      vertex 1.0999809416857131 4.10518476172854 10
      vertex 1.1714587622222465 4.085362207737855 10
    endloop
  endfacet
  facet normal 0.2840153447039317 0.9588197348681905 0
    outer loop
      vertex 1.2425797450716312 4.0642952128429 0
      vertex 1.1714587622222465 4.085362207737855 10
      vertex 1.2425797450716312 4.0642952128429 10
    endloop
  endfacet
  facet normal 0.3007057995042735 0.9537169507482267 0
    outer loop
      vertex 1.3133222260935264 4.041990194254402 0
      vertex 1.2425797450716312 4.0642952128429 10
      vertex 1.3133222260935264 4.041990194254402 10
    endloop
  endfacet
  facet normal 0.3502073812594721 0.936672189248396 0
    outer loop
      vertex 1.5230637855675262 3.9677168126131073 0
      vertex 1.453585609134092 3.993693638340111 10
      vertex 1.5230637855675262 3.9677168126131073 10
    endloop
  endfacet
  facet normal 0.3665012267242922 0.9304175679820265 0
    outer loop
      vertex 1.592078022017626 3.9405313819088468 0
      vertex 1.5230637855675262 3.9677168126131073 10
      vertex 1.592078022017626 3.9405313819088468 10
    endloop
  endfacet
  facet normal 0.31730465640508027 0.9483236552062033 0
    outer loop
      vertex 1.383664656442916 4.018453946297097 0
      vertex 1.3133222260935264 4.041990194254402 10
      vertex 1.383664656442916 4.018453946297097 10
    endloop
  endfacet
  facet normal 0.3338068592337723 0.9426414910921779 0
    outer loop
      vertex 1.453585609134092 3.993693638340111 0
      vertex 1.383664656442916 4.018453946297097 10
      vertex 1.453585609134092 3.993693638340111 10
    endloop
  endfacet
  facet normal 0.49242356010346433 0.8703556959399014 0
    outer loop
      vertex 2.125 3.680607966083864 0
      vertex 2.0604408860469325 3.7171337553424317 10
      vertex 2.125 3.680607966083864 10
    endloop
  endfacet
  facet normal 0.3826834323650897 0.9238795325112868 0
    outer loop
      vertex 1.6606072960794136 3.9121456271728716 0
      vertex 1.592078022017626 3.9405313819088468 10
      vertex 1.6606072960794136 3.9121456271728716 10
    endloop
  endfacet
  facet normal 0.3987490689252525 0.9170600743851214 0
    outer loop
      vertex 1.7286307330721509 3.8825681949810535 0
      vertex 1.6606072960794136 3.9121456271728716 10
      vertex 1.7286307330721509 3.8825681949810535 10
    endloop
  endfacet
  facet normal 0.43051109680828864 0.9025852843498637 0
    outer loop
      vertex 1.8630773738535789 3.81987469677146 0
      vertex 1.7961276123979726 3.851808094905762 10
      vertex 1.8630773738535789 3.81987469677146 10
    endloop
  endfacet
  facet normal 0.4146932426562396 0.909961270876543 0
    outer loop
      vertex 1.7961276123979726 3.851808094905762 0
      vertex 1.7286307330721509 3.8825681949810535 10
      vertex 1.7961276123979726 3.851808094905762 10
    endloop
  endfacet
  facet normal 0.44619781310981016 0.8949343616020243 0
    outer loop
      vertex 1.9294596238930737 3.7867777278005637 0
      vertex 1.8630773738535789 3.81987469677146 10
      vertex 1.9294596238930737 3.7867777278005637 10
    endloop
  endfacet
  facet normal 0.4617486132350345 0.8870108331782215 0
    outer loop
      vertex 1.995254141840036 3.7525272696504395 0
      vertex 1.9294596238930737 3.7867777278005637 10
      vertex 1.995254141840036 3.7525272696504395 10
    endloop
  endfacet
  facet normal 0.47715876025961285 0.878817112661963 0
    outer loop
      vertex 2.0604408860469325 3.7171337553424317 0
      vertex 1.995254141840036 3.7525272696504395 10
      vertex 2.0604408860469325 3.7171337553424317 10
    endloop
  endfacet
  facet normal 0 0 1
    outer loop
      vertex 0.6648464764209812 4.197675447529336 10
      vertex 0.6186153994456287 2.679517678159397 10
      vertex 0.6652852128990863 2.66831324725899 10
    endloop
  endfacet
  facet normal 0 0 1
    outer loop
      vertex 0.6648464764209812 4.197675447529336 10
      vertex 0.6652852128990863 2.66831324725899 10
      vertex 0.711752374031932 2.6562960222949377 10
    endloop
  endfacet
  facet normal 0 0 1
    outer loop
      vertex 0.738004755084454 4.185432950301884 10
      vertex 0.711752374031932 2.6562960222949377 10
      vertex 0.7580027284967477 2.643469663830377 10
    endloop
  endfacet
  facet normal 0 0 1
    outer loop
      vertex 0.8109382303503154 4.171915529652572 10
      vertex 0.7580027284967477 2.643469663830377 10
      vertex 0.8040221879875261 2.6298380788983473 10
    endloop
  endfacet
  facet normal 0 0 1
    outer loop
      vertex 0.8109382303503154 4.171915529652572 10
      vertex 0.8040221879875261 2.6298380788983473 10
      vertex 0.8497967345311054 2.615405419811672 10
    endloop
  endfacet
  facet normal 0 0 1
    outer loop
      vertex 0.8836246859754772 4.157127303118674 10
      vertex 0.8953124247571809 2.6001760828981215 10
      vertex 0.940555394145589 2.584154707161248 10
    endloop
  endfacet
  facet normal 0 0 1
    outer loop
      vertex 0.8836246859754772 4.157127303118674 10
      vertex 0.8497967345311054 2.615405419811672 10
      vertex 0.8953124247571809 2.6001760828981215 10
    endloop
  endfacet
  facet normal 0 0 1
    outer loop
      vertex 0.9560419809614262 4.14107277533725 10
      vertex 0.940555394145589 2.584154707161248 10
      vertex 0.9855118612495757 2.5673461728673046 10
    endloop
  endfacet
  facet normal 0 0 1
    outer loop
      vertex 1.0281680562985878 4.123756836672985 10
      vertex 0.9855118612495757 2.5673461728673046 10
      vertex 1.030168131893758 2.549755600058665 10
    endloop
  endfacet
  facet normal 0 0 1
    outer loop
      vertex 1.0281680562985878 4.123756836672985 10
      vertex 1.030168131893758 2.549755600058665 10
      vertex 1.074510603345503 2.531388346994211 10
    endloop
  endfacet
  facet normal 0 0 1
    outer loop
      vertex 0 4.25 10
      vertex 0 2.75 10
      vertex 0.047994117702529655 2.749581161680076 10
    endloop
  endfacet
  facet normal 0 0 1
    outer loop
      vertex 0.07417272735845493 4.249352704414663 10
      vertex 0.047994117702529655 2.749581161680076 10
      vertex 0.09597361593187767 2.7483247743025134 10
    endloop
  endfacet
  facet normal 0 0 1
    outer loop
      vertex 0.1483228609856291 4.247411014831157 10
      vertex 0.09597361593187767 2.7483247743025134 10
      vertex 0.14392387966809556 2.746231220575078 10
    endloop
  endfacet
  facet normal 0 0 1
    outer loop
      vertex 0.1483228609856291 4.247411014831157 10
      vertex 0.14392387966809556 2.746231220575078 10
      vertex 0.19183030279634458 2.7433011382145165 10
    endloop
  endfacet
  facet normal 0 0 1
    outer loop
      vertex 0.2224278140325113 4.244175522706938 10
      vertex 0.19183030279634458 2.7433011382145165 10
      vertex 0.23967829255605996 2.7395354197523 10
    endloop
  endfacet
  facet normal 0 0 1
    outer loop
      vertex 0.2964650134125325 4.239647213604253 10
      vertex 0.23967829255605996 2.7395354197523 10
      vertex 0.28745327398604703 2.7349352122627515 10
    endloop
  endfacet
  facet normal 0 0 1
    outer loop
      vertex 0.2964650134125325 4.239647213604253 10
      vertex 0.28745327398604703 2.7349352122627515 10
      vertex 0.33514069436415556 2.7295019170136356 10
    endloop
  endfacet
  facet normal 0 0 1
    outer loop
      vertex 0.3704119066775472 4.2338274668899185 10
      vertex 0.33514069436415556 2.7295019170136356 10
      vertex 0.38272602764017993 2.7232371890393186 10
    endloop
  endfacet
  facet normal 0 0 1
    outer loop
      vertex 0.3704119066775472 4.2338274668899185 10
      vertex 0.38272602764017993 2.7232371890393186 10
      vertex 0.4301947788606349 2.7161429366366288 10
    endloop
  endfacet
  facet normal 0 0 1
    outer loop
      vertex 0.44424596888752726 4.226718055315161 10
      vertex 0.4301947788606349 2.7161429366366288 10
      vertex 0.4775324885840584 2.708221320783572 10
    endloop
  endfacet
  facet normal 0 0 1
    outer loop
      vertex 0.5179447094718768 4.218321144475619 10
      vertex 0.4775324885840584 2.708221320783572 10
      vertex 0.5247247372854982 2.6994747544810758 10
    endloop
  endfacet
  facet normal 0 0 1
    outer loop
      vertex 0.44424596888752726 4.226718055315161 10
      vertex 0.4775324885840584 2.708221320783572 10
      vertex 0.5179447094718768 4.218321144475619 10
    endloop
  endfacet
  facet normal 0 0 1
    outer loop
      vertex 0 4.25 10
      vertex 0.047994117702529655 2.749581161680076 10
      vertex 0.07417272735845493 4.249352704414663 10
    endloop
  endfacet
  facet normal 0 0 1
    outer loop
      vertex 0.07417272735845493 4.249352704414663 10
      vertex 0.09597361593187767 2.7483247743025134 10
      vertex 0.1483228609856291 4.247411014831157 10
    endloop
  endfacet
  facet normal 0 0 1
    outer loop
      vertex 0.1483228609856291 4.247411014831157 10
      vertex 0.19183030279634458 2.7433011382145165 10
      vertex 0.2224278140325113 4.244175522706938 10
    endloop
  endfacet
  facet normal 0 0 1
    outer loop
      vertex 0.2224278140325113 4.244175522706938 10
      vertex 0.23967829255605996 2.7395354197523 10
      vertex 0.2964650134125325 4.239647213604253 10
    endloop
  endfacet
  facet normal 0 0 1
    outer loop
      vertex 0.2964650134125325 4.239647213604253 10
      vertex 0.33514069436415556 2.7295019170136356 10
      vertex 0.3704119066775472 4.2338274668899185 10
    endloop
  endfacet
  facet normal 0 0 1
    outer loop
      vertex 0.3704119066775472 4.2338274668899185 10
      vertex 0.4301947788606349 2.7161429366366288 10
      vertex 0.44424596888752726 4.226718055315161 10
    endloop
  endfacet
  facet normal 0 0 1
    outer loop
      vertex 0.5179447094718768 4.218321144475619 10
      vertex 0.5247247372854982 2.6994747544810758 10
      vertex 0.5717571497488382 2.6899059020179656 10
    endloop
  endfacet
  facet normal 0 0 1
    outer loop
      vertex 0.5914856790802782 4.208639292151674 10
      vertex 0.5717571497488382 2.6899059020179656 10
      vertex 0.6186153994456287 2.679517678159397 10
    endloop
  endfacet
  facet normal 0 0 1
    outer loop
      vertex 0.5179447094718768 4.218321144475619 10
      vertex 0.5717571497488382 2.6899059020179656 10
      vertex 0.5914856790802782 4.208639292151674 10
    endloop
  endfacet
  facet normal 0 0 1
    outer loop
      vertex 0.5914856790802782 4.208639292151674 10
      vertex 0.6186153994456287 2.679517678159397 10
      vertex 0.6648464764209812 4.197675447529336 10
    endloop
  endfacet
  facet normal 0 0 1
    outer loop
      vertex 0.6648464764209812 4.197675447529336 10
      vertex 0.711752374031932 2.6562960222949377 10
      vertex 0.738004755084454 4.185432950301884 10
    endloop
  endfacet
  facet normal 0 0 1
    outer loop
      vertex 0.738004755084454 4.185432950301884 10
      vertex 0.7580027284967477 2.643469663830377 10
      vertex 0.8109382303503154 4.171915529652572 10
    endloop
  endfacet
  facet normal 0 0 1
    outer loop
      vertex 0.8109382303503154 4.171915529652572 10
      vertex 0.8497967345311054 2.615405419811672 10
      vertex 0.8836246859754772 4.157127303118674 10
    endloop
  endfacet
  facet normal 0 0 1
    outer loop
      vertex 0.8836246859754772 4.157127303118674 10
      vertex 0.940555394145589 2.584154707161248 10
      vertex 0.9560419809614262 4.14107277533725 10
    endloop
  endfacet
  facet normal 0 0 1
    outer loop
      vertex 0.9560419809614262 4.14107277533725 10
      vertex 0.9855118612495757 2.5673461728673046 10
      vertex 1.0281680562985878 4.123756836672985 10
    endloop
  endfacet
  facet normal 0 0 1
    outer loop
      vertex 1.0999809416857131 4.10518476172854 10
      vertex 1.074510603345503 2.531388346994211 10
      vertex 1.1185257684584506 2.512250008517152 10
    endloop
  endfacet
  facet normal 0 0 1
    outer loop
      vertex 1.1714587622222465 4.085362207737855 10
      vertex 1.1185257684584506 2.512250008517152 10
      vertex 1.1622002197869234 2.4923464143507874 10
    endloop
  endfacet
  facet normal 0 0 1
    outer loop
      vertex 1.1714587622222465 4.085362207737855 10
      vertex 1.1622002197869234 2.4923464143507874 10
      vertex 1.205520653669963 2.4716836273227094 10
    endloop
  endfacet
  facet normal 0 0 1
    outer loop
      vertex 1.2425797450716312 4.0642952128429 10
      vertex 1.2484738742837536 2.4502679415180117 10
      vertex 1.2910467976611997 2.4281058803620494 10
    endloop
  endfacet
  facet normal 0 0 1
    outer loop
      vertex 1.2425797450716312 4.0642952128429 10
      vertex 1.205520653669963 2.4716836273227094 10
      vertex 1.2484738742837536 2.4502679415180117 10
    endloop
  endfacet
  facet normal 0 0 1
    outer loop
      vertex 1.3133222260935264 4.041990194254402 10
      vertex 1.2910467976611997 2.4281058803620494 10
      vertex 1.333226455677427 2.4052041946333382 10
    endloop
  endfacet
  facet normal 0 0 1
    outer loop
      vertex 1.383664656442916 4.018453946297097 10
      vertex 1.375 2.381569860407206 10
      vertex 1.416354706002649 2.357210076930809 10
    endloop
  endfacet
  facet normal 0 0 1
    outer loop
      vertex 1.453585609134092 3.993693638340111 10
      vertex 1.416354706002649 2.357210076930809 10
      vertex 1.4572779766413135 2.332132264430171 10
    endloop
  endfacet
  facet normal 0 0 1
    outer loop
      vertex 1.5230637855675262 3.9677168126131073 10
      vertex 1.4977573462913245 2.306344061849916 10
      vertex 1.537780484544554 2.2798533245263646 10
    endloop
  endfacet
  facet normal 0 0 1
    outer loop
      vertex 1.453585609134092 3.993693638340111 10
      vertex 1.4572779766413135 2.332132264430171 10
      vertex 1.4977573462913245 2.306344061849916 10
    endloop
  endfacet
  facet normal 0 0 1
    outer loop
      vertex 1.5230637855675262 3.9677168126131073 10
      vertex 1.537780484544554 2.2798533245263646 10
      vertex 1.5773351999653766 2.2526681217947275 10
    endloop
  endfacet
  facet normal 0 0 1
    outer loop
      vertex 1.383664656442916 4.018453946297097 10
      vertex 1.333226455677427 2.4052041946333382 10
      vertex 1.375 2.381569860407206 10
    endloop
  endfacet
  facet normal 0 0 1
    outer loop
      vertex 1.8630773738535789 3.81987469677146 10
      vertex 1.8754954901718708 2.0112226794527186 10
      vertex 1.9103105187622424 1.9781844509312907 10
    endloop
  endfacet
  facet normal 0 0 1
    outer loop
      vertex 1.8630773738535789 3.81987469677146 10
      vertex 1.8401091674868602 2.043648270062834 10
      vertex 1.8754954901718708 2.0112226794527186 10
    endloop
  endfacet
  facet normal 0 0 1
    outer loop
      vertex 1.9294596238930737 3.7867777278005637 10
      vertex 1.9445436482630059 1.9445436482630059 10
      vertex 1.9781844509312907 1.9103105187622424 10
    endloop
  endfacet
  facet normal 0 0 1
    outer loop
      vertex 1.9294596238930737 3.7867777278005637 10
      vertex 1.9103105187622424 1.9781844509312907 10
      vertex 1.9445436482630059 1.9445436482630059 10
    endloop
  endfacet
  facet normal 0 0 1
    outer loop
      vertex 1.995254141840036 3.7525272696504395 10
      vertex 2.0112226794527186 1.8754954901718708 10
      vertex 2.043648270062834 1.8401091674868602 10
    endloop
  endfacet
  facet normal 0 0 1
    outer loop
      vertex 1.995254141840036 3.7525272696504395 10
      vertex 1.9781844509312907 1.9103105187622424 10
      vertex 2.0112226794527186 1.8754954901718708 10
    endloop
  endfacet
  facet normal 0 0 1
    outer loop
      vertex 2.0604408860469325 3.7171337553424317 10
      vertex 2.043648270062834 1.8401091674868602 10
      vertex 2.075451345612623 1.8041623297238951 10
    endloop
  endfacet
  facet normal 0 0 1
    outer loop
      vertex 2.0604408860469325 3.7171337553424317 10
      vertex 2.075451345612623 1.8041623297238951 10
      vertex 2.1066222185771895 1.7676659266379828 10
    endloop
  endfacet
  facet normal 0 0 1
    outer loop
      vertex 2.125 3.680607966083864 10
      vertex 2.1066222185771895 1.7676659266379828 10
      vertex 2.13715139400667 1.7306310753870529 10
    endloop
  endfacet
  facet normal 0 0 1
    outer loop
      vertex 1.6606072960794136 3.9121456271728716 10
      vertex 1.616409443804301 2.2247967345311057 10
      vertex 1.6549913136681327 2.1962476526300554 10
    endloop
  endfacet
  facet normal 0 0 1
    outer loop
      vertex 1.6606072960794136 3.9121456271728716 10
      vertex 1.6549913136681327 2.1962476526300554 10
      vertex 1.6930690571455602 2.1670295724184854 10
    endloop
  endfacet
  facet normal 0 0 1
    outer loop
      vertex 1.7286307330721509 3.8825681949810535 10
      vertex 1.6930690571455602 2.1670295724184854 10
      vertex 1.7306310753870529 2.13715139400667 10
    endloop
  endfacet
  facet normal 0 0 1
    outer loop
      vertex 1.592078022017626 3.9405313819088468 10
      vertex 1.5773351999653766 2.2526681217947275 10
      vertex 1.616409443804301 2.2247967345311057 10
    endloop
  endfacet
  facet normal 0 0 1
    outer loop
      vertex 1.7286307330721509 3.8825681949810535 10
      vertex 1.7306310753870529 2.13715139400667 10
      vertex 1.7676659266379828 2.1066222185771895 10
    endloop
  endfacet
  facet normal 0 0 1
    outer loop
      vertex 1.7961276123979726 3.851808094905762 10
      vertex 1.7676659266379828 2.1066222185771895 10
      vertex 1.8041623297238951 2.075451345612623 10
    endloop
  endfacet
  facet normal 0 0 1
    outer loop
      vertex 1.7961276123979726 3.851808094905762 10
      vertex 1.8041623297238951 2.075451345612623 10
      vertex 1.8401091674868602 2.043648270062834 10
    endloop
  endfacet
  facet normal 0 0 1
    outer loop
      vertex 1.9294596238930737 3.7867777278005637 10
      vertex 1.9781844509312907 1.9103105187622424 10
      vertex 1.995254141840036 3.7525272696504395 10
    endloop
  endfacet
  facet normal 0 0 1
    outer loop
      vertex 2.0604408860469325 3.7171337553424317 10
      vertex 1.995254141840036 3.7525272696504395 10
      vertex 2.043648270062834 1.8401091674868602 10
    endloop
  endfacet
  facet normal 0 0 1
    outer loop
      vertex 2.0604408860469325 3.7171337553424317 10
      vertex 2.1066222185771895 1.7676659266379828 10
      vertex 2.125 3.680607966083864 10
    endloop
  endfacet
  facet normal 0 0 1
    outer loop
      vertex 1.0999809416857131 4.10518476172854 10
      vertex 1.1185257684584506 2.512250008517152 10
      vertex 1.1714587622222465 4.085362207737855 10
    endloop
  endfacet
  facet normal 0 0 1
    outer loop
      vertex 1.0281680562985878 4.123756836672985 10
      vertex 1.074510603345503 2.531388346994211 10
      vertex 1.0999809416857131 4.10518476172854 10
    endloop
  endfacet
  facet normal 0 0 1
    outer loop
      vertex 1.1714587622222465 4.085362207737855 10
      vertex 1.205520653669963 2.4716836273227094 10
      vertex 1.2425797450716312 4.0642952128429 10
    endloop
  endfacet
  facet normal 0 0 1
    outer loop
      vertex 1.2425797450716312 4.0642952128429 10
      vertex 1.2910467976611997 2.4281058803620494 10
      vertex 1.3133222260935264 4.041990194254402 10
    endloop
  endfacet
  facet normal 0 0 1
    outer loop
      vertex 1.5230637855675262 3.9677168126131073 10
      vertex 1.453585609134092 3.993693638340111 10
      vertex 1.4977573462913245 2.306344061849916 10
    endloop
  endfacet
  facet normal 0 0 1
    outer loop
      vertex 1.5230637855675262 3.9677168126131073 10
      vertex 1.5773351999653766 2.2526681217947275 10
      vertex 1.592078022017626 3.9405313819088468 10
    endloop
  endfacet
  facet normal 0 0 1
    outer loop
      vertex 1.3133222260935264 4.041990194254402 10
      vertex 1.333226455677427 2.4052041946333382 10
      vertex 1.383664656442916 4.018453946297097 10
    endloop
  endfacet
  facet normal 0 0 1
    outer loop
      vertex 1.383664656442916 4.018453946297097 10
      vertex 1.416354706002649 2.357210076930809 10
      vertex 1.453585609134092 3.993693638340111 10
    endloop
  endfacet
  facet normal 0 0 1
    outer loop
      vertex 1.592078022017626 3.9405313819088468 10
      vertex 1.616409443804301 2.2247967345311057 10
      vertex 1.6606072960794136 3.9121456271728716 10
    endloop
  endfacet
  facet normal 0 0 1
    outer loop
      vertex 1.6606072960794136 3.9121456271728716 10
      vertex 1.6930690571455602 2.1670295724184854 10
      vertex 1.7286307330721509 3.8825681949810535 10
    endloop
  endfacet
  facet normal 0 0 1
    outer loop
      vertex 1.7286307330721509 3.8825681949810535 10
      vertex 1.7676659266379828 2.1066222185771895 10
      vertex 1.7961276123979726 3.851808094905762 10
    endloop
  endfacet
  facet normal 0 0 1
    outer loop
      vertex 1.7961276123979726 3.851808094905762 10
      vertex 1.8401091674868602 2.043648270062834 10
      vertex 1.8630773738535789 3.81987469677146 10
    endloop
  endfacet
  facet normal 0 0 1
    outer loop
      vertex 1.8630773738535789 3.81987469677146 10
      vertex 1.9103105187622424 1.9781844509312907 10
      vertex 1.9294596238930737 3.7867777278005637 10
    endloop
  endfacet
  facet normal 0.9999619230641712 0.008726535498375933 0
    outer loop
      vertex 4.249352704414663 0.07417272735845493 0
      vertex 4.249352704414663 0.07417272735845493 10
      vertex 4.25 0 10
    endloop
  endfacet
  facet normal 0.9996573249755576 0.02617694830786596 0
    outer loop
      vertex 4.247411014831157 0.1483228609856291 0
      vertex 4.247411014831157 0.1483228609856291 10
      vertex 4.249352704414663 0.07417272735845493 10
    endloop
  endfacet
  facet normal 0.9990482215818571 0.04361938736534835 0
    outer loop
      vertex 4.244175522706938 0.2224278140325113 0
      vertex 4.244175522706938 0.2224278140325113 10
      vertex 4.247411014831157 0.1483228609856291 10
    endloop
  endfacet
  facet normal 0.9981347984218675 0.06104853953484887 0
    outer loop
      vertex 4.239647213604253 0.2964650134125325 0
      vertex 4.239647213604253 0.2964650134125325 10
      vertex 4.244175522706938 0.2224278140325113 10
    endloop
  endfacet
  facet normal 0.9969173337331279 0.07845909572784585 0
    outer loop
      vertex 4.2338274668899185 0.3704119066775472 0
      vertex 4.2338274668899185 0.3704119066775472 10
      vertex 4.239647213604253 0.2964650134125325 10
    endloop
  endfacet
  facet normal 0.9953961983671783 0.09584575252022881 0
    outer loop
      vertex 4.226718055315161 0.44424596888752726 0
      vertex 4.226718055315161 0.44424596888752726 10
      vertex 4.2338274668899185 0.3704119066775472 10
    endloop
  endfacet
  facet normal 0.993571855676588 0.113203213767903 0
    outer loop
      vertex 4.218321144475619 0.5179447094718768 0
      vertex 4.218321144475619 0.5179447094718768 10
      vertex 4.226718055315161 0.44424596888752726 10
    endloop
  endfacet
  facet normal 0.9914448613738113 0.13052619222004558 0
    outer loop
      vertex 4.208639292151674 0.5914856790802782 0
      vertex 4.208639292151674 0.5914856790802782 10
      vertex 4.218321144475619 0.5179447094718768 10
    endloop
  endfacet
  facet normal 0.9890158633619167 0.1478094111296116 0
    outer loop
      vertex 4.197675447529336 0.6648464764209812 0
      vertex 4.197675447529336 0.6648464764209812 10
      vertex 4.208639292151674 0.5914856790802782 10
    endloop
  endfacet
  facet normal 0.9832549075639556 0.18223552549214228 0
    outer loop
      vertex 4.171915529652572 0.8109382303503154 0
      vertex 4.171915529652572 0.8109382303503154 10
      vertex 4.185432950301884 0.738004755084454 10
    endloop
  endfacet
  facet normal 0.9862856015372301 0.1650476058606863 0
    outer loop
      vertex 4.185432950301884 0.738004755084454 0
      vertex 4.185432950301884 0.738004755084454 10
      vertex 4.197675447529336 0.6648464764209812 10
    endloop
  endfacet
  facet normal 0.97992470462083 0.19936793441719486 0
    outer loop
      vertex 4.157127303118674 0.8836246859754772 0
      vertex 4.157127303118674 0.8836246859754772 10
      vertex 4.171915529652572 0.8109382303503154 10
    endloop
  endfacet
  facet normal 0.976296007119933 0.21643961393810432 0
    outer loop
      vertex 4.14107277533725 0.9560419809614262 0
      vertex 4.14107277533725 0.9560419809614262 10
      vertex 4.157127303118674 0.8836246859754772 10
    endloop
  endfacet
  facet normal 0.9723699203976773 0.23344536385590295 0
    outer loop
      vertex 4.123756836672985 1.0281680562985878 0
      vertex 4.123756836672985 1.0281680562985878 10
      vertex 4.14107277533725 0.9560419809614262 10
    endloop
  endfacet
  facet normal 0.8703556959399014 0.49242356010346433 0
    outer loop
      vertex 3.680607966083864 2.125 0
      vertex 3.680607966083864 2.125 10
      vertex 3.7171337553424317 2.0604408860469325 10
    endloop
  endfacet
  facet normal 0.936672189248396 0.3502073812594721 0
    outer loop
      vertex 3.9677168126131073 1.5230637855675262 0
      vertex 3.9677168126131073 1.5230637855675262 10
      vertex 3.993693638340111 1.453585609134092 10
    endloop
  endfacet
  facet normal 0.9304175679820265 0.3665012267242922 0
    outer loop
      vertex 3.9405313819088468 1.592078022017626 0
      vertex 3.9405313819088468 1.592078022017626 10
      vertex 3.9677168126131073 1.5230637855675262 10
    endloop
  endfacet
  facet normal 0.9681476403781066 0.2503800040544458 0
    outer loop
      vertex 4.10518476172854 1.0999809416857131 0
      vertex 4.10518476172854 1.0999809416857131 10
      vertex 4.123756836672985 1.0281680562985878 10
    endloop
  endfacet
  facet normal 0.9636304532086236 0.2672383760782544 0
    outer loop
      vertex 4.085362207737855 1.1714587622222465 0
      vertex 4.085362207737855 1.1714587622222465 10
      vertex 4.10518476172854 1.0999809416857131 10
    endloop
  endfacet
  facet normal 0.9537169507482267 0.3007057995042735 0
    outer loop
      vertex 4.041990194254402 1.3133222260935264 0
      vertex 4.041990194254402 1.3133222260935264 10
      vertex 4.0642952128429 1.2425797450716312 10
    endloop
  endfacet
  facet normal 0.9588197348681905 0.2840153447039317 0
    outer loop
      vertex 4.0642952128429 1.2425797450716312 0
      vertex 4.0642952128429 1.2425797450716312 10
      vertex 4.085362207737855 1.1714587622222465 10
    endloop
  endfacet
  facet normal 0.9483236552062033 0.31730465640508027 0
    outer loop
      vertex 4.018453946297097 1.383664656442916 0
      vertex 4.018453946297097 1.383664656442916 10
      vertex 4.041990194254402 1.3133222260935264 10
    endloop
  endfacet
  facet normal 0.9426414910921779 0.3338068592337723 0
    outer loop
      vertex 3.993693638340111 1.453585609134092 0
      vertex 3.993693638340111 1.453585609134092 10
      vertex 4.018453946297097 1.383664656442916 10
    endloop
  endfacet
  facet normal 0.9025852843498637 0.43051109680828864 0
    outer loop
      vertex 3.81987469677146 1.8630773738535789 0
      vertex 3.81987469677146 1.8630773738535789 10
      vertex 3.851808094905762 1.7961276123979726 10
    endloop
  endfacet
  facet normal 0.9170600743851214 0.3987490689252525 0
    outer loop
      vertex 3.8825681949810535 1.7286307330721509 0
      vertex 3.8825681949810535 1.7286307330721509 10
      vertex 3.9121456271728716 1.6606072960794136 10
    endloop
  endfacet
  facet normal 0.9238795325112868 0.3826834323650897 0
    outer loop
      vertex 3.9121456271728716 1.6606072960794136 0
      vertex 3.9121456271728716 1.6606072960794136 10
      vertex 3.9405313819088468 1.592078022017626 10
    endloop
  endfacet
  facet normal 0.909961270876543 0.4146932426562396 0
    outer loop
      vertex 3.851808094905762 1.7961276123979726 0
      vertex 3.851808094905762 1.7961276123979726 10
      vertex 3.8825681949810535 1.7286307330721509 10
    endloop
  endfacet
  facet normal 0.8870108331782215 0.4617486132350345 0
    outer loop
      vertex 3.7525272696504395 1.995254141840036 0
      vertex 3.7525272696504395 1.995254141840036 10
      vertex 3.7867777278005637 1.9294596238930737 10
    endloop
  endfacet
  facet normal 0.8949343616020243 0.44619781310981016 0
    outer loop
      vertex 3.7867777278005637 1.9294596238930737 0
      vertex 3.7867777278005637 1.9294596238930737 10
      vertex 3.81987469677146 1.8630773738535789 10
    endloop
  endfacet
  facet normal 0.878817112661963 0.47715876025961285 0
    outer loop
      vertex 3.7171337553424317 2.0604408860469325 0
      vertex 3.7171337553424317 2.0604408860469325 10
      vertex 3.7525272696504395 1.995254141840036 10
    endloop
  endfacet
  facet normal 0 0 1
    outer loop
      vertex 2.788250873209656 -3.207515715946781 10
      vertex 2.731847341167792 3.2556888832556568 10
      vertex 2.749581161680076 0.047994117702529655 10
    endloop
  endfacet
  facet normal 0 0 1
    outer loop
      vertex 2.8984930302656187 -3.1082532318814744 10
      vertex 2.8984930302656187 3.1082532318814744 10
      vertex 2.8438050770251477 3.1583655082789255 10
    endloop
  endfacet
  facet normal 0 0 1
    outer loop
      vertex 2.9522980744507383 -3.0571941514392678 10
      vertex 2.9522980744507383 3.0571941514392678 10
      vertex 2.8984930302656187 3.1082532318814744 10
    endloop
  endfacet
  facet normal 0 0 1
    outer loop
      vertex 3.0052038200428273 -3.0052038200428273 10
      vertex 3.0052038200428273 3.0052038200428273 10
      vertex 2.9522980744507383 3.0571941514392678 10
    endloop
  endfacet
  facet normal 0 0 1
    outer loop
      vertex 3.0571941514392678 -2.9522980744507383 10
      vertex 3.0571941514392678 2.9522980744507383 10
      vertex 3.0052038200428273 3.0052038200428273 10
    endloop
  endfacet
  facet normal 0 0 1
    outer loop
      vertex 3.1082532318814744 -2.8984930302656187 10
      vertex 3.1082532318814744 2.8984930302656187 10
      vertex 3.0571941514392678 2.9522980744507383 10
    endloop
  endfacet
  facet normal 0 0 1
    outer loop
      vertex 3.1583655082789255 -2.8438050770251477 10
      vertex 3.1583655082789255 2.8438050770251477 10
      vertex 3.1082532318814744 2.8984930302656187 10
    endloop
  endfacet
  facet normal 0 0 1
    outer loop
      vertex 2.3765698397506743 3.523409683358927 10
      vertex 2.381569860407206 1.375 10
      vertex 2.4052041946333382 1.333226455677427 10
    endloop
  endfacet
  facet normal 0 0 1
    outer loop
      vertex 2.3765698397506743 3.523409683358927 10
      vertex 2.357210076930809 1.416354706002649 10
      vertex 2.381569860407206 1.375 10
    endloop
  endfacet
  facet normal 0 0 1
    outer loop
      vertex 2.616561270134048 3.349045702828568 10
      vertex 2.6298380788983473 0.8040221879875261 10
      vertex 2.643469663830377 0.7580027284967477 10
    endloop
  endfacet
  facet normal 0 0 1
    outer loop
      vertex 2.616561270134048 3.349045702828568 10
      vertex 2.615405419811672 0.8497967345311054 10
      vertex 2.6298380788983473 0.8040221879875261 10
    endloop
  endfacet
  facet normal 0 0 1
    outer loop
      vertex 2.616561270134048 3.349045702828568 10
      vertex 2.6001760828981215 0.8953124247571809 10
      vertex 2.615405419811672 0.8497967345311054 10
    endloop
  endfacet
  facet normal 0 0 1
    outer loop
      vertex 2.557713848396205 3.3942009177009944 10
      vertex 2.5673461728673046 0.9855118612495757 10
      vertex 2.584154707161248 0.940555394145589 10
    endloop
  endfacet
  facet normal 0 0 1
    outer loop
      vertex 2.557713848396205 3.3942009177009944 10
      vertex 2.531388346994211 1.074510603345503 10
      vertex 2.549755600058665 1.030168131893758 10
    endloop
  endfacet
  facet normal 0 0 1
    outer loop
      vertex 2.557713848396205 3.3942009177009944 10
      vertex 2.549755600058665 1.030168131893758 10
      vertex 2.5673461728673046 0.9855118612495757 10
    endloop
  endfacet
  facet normal 0 0 1
    outer loop
      vertex 2.616561270134048 3.349045702828568 10
      vertex 2.584154707161248 0.940555394145589 10
      vertex 2.6001760828981215 0.8953124247571809 10
    endloop
  endfacet
  facet normal 0 0 1
    outer loop
      vertex 2.437699854491946 3.481396188228215 10
      vertex 2.4502679415180117 1.2484738742837536 10
      vertex 2.4716836273227094 1.205520653669963 10
    endloop
  endfacet
  facet normal 0 0 1
    outer loop
      vertex 2.498087322243011 3.4383222260935264 10
      vertex 2.512250008517152 1.1185257684584506 10
      vertex 2.531388346994211 1.074510603345503 10
    endloop
  endfacet
  facet normal 0 0 1
    outer loop
      vertex 2.498087322243011 3.4383222260935264 10
      vertex 2.4923464143507874 1.1622002197869234 10
      vertex 2.512250008517152 1.1185257684584506 10
    endloop
  endfacet
  facet normal 0 0 1
    outer loop
      vertex 2.498087322243011 3.4383222260935264 10
      vertex 2.4716836273227094 1.205520653669963 10
      vertex 2.4923464143507874 1.1622002197869234 10
    endloop
  endfacet
  facet normal 0 0 1
    outer loop
      vertex 2.437699854491946 3.481396188228215 10
      vertex 2.4052041946333382 1.333226455677427 10
      vertex 2.4281058803620494 1.2910467976611997 10
    endloop
  endfacet
  facet normal 0 0 1
    outer loop
      vertex 2.437699854491946 3.481396188228215 10
      vertex 2.4281058803620494 1.2910467976611997 10
      vertex 2.4502679415180117 1.2484738742837536 10
    endloop
  endfacet
  facet normal 0 0 1
    outer loop
      vertex 2.788250873209656 -3.207515715946781 10
      vertex 2.788250873209656 3.207515715946781 10
      vertex 2.731847341167792 3.2556888832556568 10
    endloop
  endfacet
  facet normal 0 0 1
    outer loop
      vertex 2.731847341167792 3.2556888832556568 10
      vertex 2.7483247743025134 0.09597361593187767 10
      vertex 2.749581161680076 0.047994117702529655 10
    endloop
  endfacet
  facet normal 0 0 1
    outer loop
      vertex 2.731847341167792 3.2556888832556568 10
      vertex 2.746231220575078 0.14392387966809556 10
      vertex 2.7483247743025134 0.09597361593187767 10
    endloop
  endfacet
  facet normal 0 0 1
    outer loop
      vertex 2.731847341167792 3.2556888832556568 10
      vertex 2.7433011382145165 0.19183030279634458 10
      vertex 2.746231220575078 0.14392387966809556 10
    endloop
  endfacet
  facet normal 0 0 1
    outer loop
      vertex 2.731847341167792 3.2556888832556568 10
      vertex 2.7395354197523 0.23967829255605996 10
      vertex 2.7433011382145165 0.19183030279634458 10
    endloop
  endfacet
  facet normal 0 0 1
    outer loop
      vertex 2.731847341167792 3.2556888832556568 10
      vertex 2.7349352122627515 0.28745327398604703 10
      vertex 2.7395354197523 0.23967829255605996 10
    endloop
  endfacet
  facet normal 0 0 1
    outer loop
      vertex 2.731847341167792 3.2556888832556568 10
      vertex 2.7295019170136356 0.33514069436415556 10
      vertex 2.7349352122627515 0.28745327398604703 10
    endloop
  endfacet
  facet normal 0 0 1
    outer loop
      vertex 2.731847341167792 3.2556888832556568 10
      vertex 2.7232371890393186 0.38272602764017993 10
      vertex 2.7295019170136356 0.33514069436415556 10
    endloop
  endfacet
  facet normal 0 0 1
    outer loop
      vertex 2.8438050770251477 -3.1583655082789255 10
      vertex 2.8438050770251477 3.1583655082789255 10
      vertex 2.788250873209656 3.207515715946781 10
    endloop
  endfacet
  facet normal 0 0 1
    outer loop
      vertex 2.731847341167792 3.2556888832556568 10
      vertex 2.708221320783572 0.4775324885840584 10
      vertex 2.7161429366366288 0.4301947788606349 10
    endloop
  endfacet
  facet normal 0 0 1
    outer loop
      vertex 2.731847341167792 3.2556888832556568 10
      vertex 2.6994747544810758 0.5247247372854982 10
      vertex 2.708221320783572 0.4775324885840584 10
    endloop
  endfacet
  facet normal 0 0 1
    outer loop
      vertex 2.731847341167792 3.2556888832556568 10
      vertex 2.7161429366366288 0.4301947788606349 10
      vertex 2.7232371890393186 0.38272602764017993 10
    endloop
  endfacet
  facet normal 0 0 1
    outer loop
      vertex 2.674611661961809 3.302870336192126 10
      vertex 2.6899059020179656 0.5717571497488382 10
      vertex 2.6994747544810758 0.5247247372854982 10
    endloop
  endfacet
  facet normal 0 0 1
    outer loop
      vertex 2.674611661961809 3.302870336192126 10
      vertex 2.679517678159397 0.6186153994456287 10
      vertex 2.6899059020179656 0.5717571497488382 10
    endloop
  endfacet
  facet normal 0 0 1
    outer loop
      vertex 2.674611661961809 3.302870336192126 10
      vertex 2.6562960222949377 0.711752374031932 10
      vertex 2.66831324725899 0.6652852128990863 10
    endloop
  endfacet
  facet normal 0 0 1
    outer loop
      vertex 2.674611661961809 3.302870336192126 10
      vertex 2.66831324725899 0.6652852128990863 10
      vertex 2.679517678159397 0.6186153994456287 10
    endloop
  endfacet
  facet normal 0 0 1
    outer loop
      vertex 2.674611661961809 3.302870336192126 10
      vertex 2.643469663830377 0.7580027284967477 10
      vertex 2.6562960222949377 0.711752374031932 10
    endloop
  endfacet
  facet normal 0 0 1
    outer loop
      vertex 3.2556888832556568 -2.731847341167792 10
      vertex 3.2556888832556568 2.731847341167792 10
      vertex 3.207515715946781 2.788250873209656 10
    endloop
  endfacet
  facet normal 0 0 1
    outer loop
      vertex 3.302870336192126 -2.674611661961809 10
      vertex 3.302870336192126 2.674611661961809 10
      vertex 3.2556888832556568 2.731847341167792 10
    endloop
  endfacet
  facet normal 0 0 1
    outer loop
      vertex 3.207515715946781 -2.788250873209656 10
      vertex 3.207515715946781 2.788250873209656 10
      vertex 3.1583655082789255 2.8438050770251477 10
    endloop
  endfacet
  facet normal 0 0 1
    outer loop
      vertex 3.349045702828568 -2.616561270134048 10
      vertex 3.349045702828568 2.616561270134048 10
      vertex 3.302870336192126 2.674611661961809 10
    endloop
  endfacet
  facet normal 0 0 1
    outer loop
      vertex 3.3942009177009944 -2.557713848396205 10
      vertex 3.3942009177009944 2.557713848396205 10
      vertex 3.349045702828568 2.616561270134048 10
    endloop
  endfacet
  facet normal 0 0 1
    outer loop
      vertex 3.4383222260935264 -2.498087322243011 10
      vertex 3.4383222260935264 2.498087322243011 10
      vertex 3.3942009177009944 2.557713848396205 10
    endloop
  endfacet
  facet normal 0 0 1
    outer loop
      vertex 3.5643499137680523 -2.314715898813865 10
      vertex 3.5643499137680523 2.314715898813865 10
      vertex 3.523409683358927 2.3765698397506743 10
    endloop
  endfacet
  facet normal 0 0 1
    outer loop
      vertex 3.60420440866481 -2.252156872991121 10
      vertex 3.60420440866481 2.252156872991121 10
      vertex 3.5643499137680523 2.314715898813865 10
    endloop
  endfacet
  facet normal 0 0 1
    outer loop
      vertex 3.6429610279839775 -2.18891181836773 10
      vertex 3.6429610279839775 2.18891181836773 10
      vertex 3.60420440866481 2.252156872991121 10
    endloop
  endfacet
  facet normal 0 0 1
    outer loop
      vertex 3.680607966083864 -2.125 10
      vertex 3.680607966083864 2.125 10
      vertex 3.6429610279839775 2.18891181836773 10
    endloop
  endfacet
  facet normal 0 0 1
    outer loop
      vertex 3.7171337553424317 -2.0604408860469325 10
      vertex 3.7171337553424317 2.0604408860469325 10
      vertex 3.680607966083864 2.125 10
    endloop
  endfacet
  facet normal 0 0 1
    outer loop
      vertex 3.481396188228215 -2.437699854491946 10
      vertex 3.481396188228215 2.437699854491946 10
      vertex 3.4383222260935264 2.498087322243011 10
    endloop
  endfacet
  facet normal 0 0 1
    outer loop
      vertex 3.523409683358927 -2.3765698397506743 10
      vertex 3.523409683358927 2.3765698397506743 10
      vertex 3.481396188228215 2.437699854491946 10
    endloop
  endfacet
  facet normal 0 0 1
    outer loop
      vertex 3.9677168126131073 -1.5230637855675262 10
      vertex 3.9677168126131073 1.5230637855675262 10
      vertex 3.9405313819088468 1.592078022017626 10
    endloop
  endfacet
  facet normal 0 0 1
    outer loop
      vertex 4.249352704414663 -0.07417272735845493 10
      vertex 4.25 0 10
      vertex 4.249352704414663 0.07417272735845493 10
    endloop
  endfacet
  facet normal 0 0 1
    outer loop
      vertex 4.249352704414663 -0.07417272735845493 10
      vertex 4.249352704414663 0.07417272735845493 10
      vertex 4.247411014831157 0.1483228609856291 10
    endloop
  endfacet
  facet normal 0 0 1
    outer loop
      vertex 4.247411014831157 -0.1483228609856291 10
      vertex 4.247411014831157 0.1483228609856291 10
      vertex 4.244175522706938 0.2224278140325113 10
    endloop
  endfacet
  facet normal 0 0 1
    outer loop
      vertex 4.244175522706938 -0.2224278140325113 10
      vertex 4.244175522706938 0.2224278140325113 10
      vertex 4.239647213604253 0.2964650134125325 10
    endloop
  endfacet
  facet normal 0 0 1
    outer loop
      vertex 4.239647213604253 -0.2964650134125325 10
      vertex 4.239647213604253 0.2964650134125325 10
      vertex 4.2338274668899185 0.3704119066775472 10
    endloop
  endfacet
  facet normal 0 0 1
    outer loop
      vertex 4.218321144475619 -0.5179447094718768 10
      vertex 4.218321144475619 0.5179447094718768 10
      vertex 4.208639292151674 0.5914856790802782 10
    endloop
  endfacet
  facet normal 0 0 1
    outer loop
      vertex 4.2338274668899185 -0.3704119066775472 10
      vertex 4.2338274668899185 0.3704119066775472 10
      vertex 4.226718055315161 0.44424596888752726 10
    endloop
  endfacet
  facet normal 0 0 1
    outer loop
      vertex 4.226718055315161 -0.44424596888752726 10
      vertex 4.226718055315161 0.44424596888752726 10
      vertex 4.218321144475619 0.5179447094718768 10
    endloop
  endfacet
  facet normal 0 0 1
    outer loop
      vertex 4.208639292151674 -0.5914856790802782 10
      vertex 4.208639292151674 0.5914856790802782 10
      vertex 4.197675447529336 0.6648464764209812 10
    endloop
  endfacet
  facet normal 0 0 1
    outer loop
      vertex 4.197675447529336 -0.6648464764209812 10
      vertex 4.197675447529336 0.6648464764209812 10
      vertex 4.185432950301884 0.738004755084454 10
    endloop
  endfacet
  facet normal 0 0 1
    outer loop
      vertex 4.10518476172854 -1.0999809416857131 10
      vertex 4.10518476172854 1.0999809416857131 10
      vertex 4.085362207737855 1.1714587622222465 10
    endloop
  endfacet
  facet normal 0 0 1
    outer loop
      vertex 4.041990194254402 -1.3133222260935264 10
      vertex 4.041990194254402 1.3133222260935264 10
      vertex 4.018453946297097 1.383664656442916 10
    endloop
  endfacet
  facet normal 0 0 1
    outer loop
      vertex 4.018453946297097 -1.383664656442916 10
      vertex 4.018453946297097 1.383664656442916 10
      vertex 3.993693638340111 1.453585609134092 10
    endloop
  endfacet
  facet normal 0 0 1
    outer loop
      vertex 3.993693638340111 -1.453585609134092 10
      vertex 3.993693638340111 1.453585609134092 10
      vertex 3.9677168126131073 1.5230637855675262 10
    endloop
  endfacet
  facet normal 0 0 1
    outer loop
      vertex 4.085362207737855 -1.1714587622222465 10
      vertex 4.085362207737855 1.1714587622222465 10
      vertex 4.0642952128429 1.2425797450716312 10
    endloop
  endfacet
  facet normal 0 0 1
    outer loop
      vertex 4.0642952128429 -1.2425797450716312 10
      vertex 4.0642952128429 1.2425797450716312 10
      vertex 4.041990194254402 1.3133222260935264 10
    endloop
  endfacet
  facet normal 0 0 1
    outer loop
      vertex 4.171915529652572 -0.8109382303503154 10
      vertex 4.171915529652572 0.8109382303503154 10
      vertex 4.157127303118674 0.8836246859754772 10
    endloop
  endfacet
  facet normal 0 0 1
    outer loop
      vertex 4.185432950301884 -0.738004755084454 10
      vertex 4.185432950301884 0.738004755084454 10
      vertex 4.171915529652572 0.8109382303503154 10
    endloop
  endfacet
  facet normal 0 0 1
    outer loop
      vertex 4.157127303118674 -0.8836246859754772 10
      vertex 4.157127303118674 0.8836246859754772 10
      vertex 4.14107277533725 0.9560419809614262 10
    endloop
  endfacet
  facet normal 0 0 1
    outer loop
      vertex 4.14107277533725 -0.9560419809614262 10
      vertex 4.14107277533725 0.9560419809614262 10
      vertex 4.123756836672985 1.0281680562985878 10
    endloop
  endfacet
  facet normal 0 0 1
    outer loop
      vertex 4.123756836672985 -1.0281680562985878 10
      vertex 4.123756836672985 1.0281680562985878 10
      vertex 4.10518476172854 1.0999809416857131 10
    endloop
  endfacet
  facet normal 0 0 1
    outer loop
      vertex 3.81987469677146 -1.8630773738535789 10
      vertex 3.81987469677146 1.8630773738535789 10
      vertex 3.7867777278005637 1.9294596238930737 10
    endloop
  endfacet
  facet normal 0 0 1
    outer loop
      vertex 3.851808094905762 -1.7961276123979726 10
      vertex 3.851808094905762 1.7961276123979726 10
      vertex 3.81987469677146 1.8630773738535789 10
    endloop
  endfacet
  facet normal 0 0 1
    outer loop
      vertex 3.7525272696504395 -1.995254141840036 10
      vertex 3.7525272696504395 1.995254141840036 10
      vertex 3.7171337553424317 2.0604408860469325 10
    endloop
  endfacet
  facet normal 0 0 1
    outer loop
      vertex 3.7867777278005637 -1.9294596238930737 10
      vertex 3.7867777278005637 1.9294596238930737 10
      vertex 3.7525272696504395 1.995254141840036 10
    endloop
  endfacet
  facet normal 0 0 1
    outer loop
      vertex 3.9121456271728716 -1.6606072960794136 10
      vertex 3.9121456271728716 1.6606072960794136 10
      vertex 3.8825681949810535 1.7286307330721509 10
    endloop
  endfacet
  facet normal 0 0 1
    outer loop
      vertex 3.8825681949810535 -1.7286307330721509 10
      vertex 3.8825681949810535 1.7286307330721509 10
      vertex 3.851808094905762 1.7961276123979726 10
    endloop
  endfacet
  facet normal 0 0 1
    outer loop
      vertex 3.9405313819088468 -1.592078022017626 10
      vertex 3.9405313819088468 1.592078022017626 10
      vertex 3.9121456271728716 1.6606072960794136 10
    endloop
  endfacet
  facet normal 0.6626200482157335 0.7489557207890057 0
    outer loop
      vertex 2.8438050770251477 3.1583655082789255 0
      vertex 2.788250873209656 3.207515715946781 10
      vertex 2.8438050770251477 3.1583655082789255 10
    endloop
  endfacet
  facet normal 0.6755902076156632 0.7372773368101214 0
    outer loop
      vertex 2.8984930302656187 3.1082532318814744 0
      vertex 2.8438050770251477 3.1583655082789255 10
      vertex 2.8984930302656187 3.1082532318814744 10
    endloop
  endfacet
  facet normal 0.7489557207890057 0.6626200482157335 0
    outer loop
      vertex 3.1583655082789255 2.8438050770251477 0
      vertex 3.1583655082789255 2.8438050770251477 10
      vertex 3.207515715946781 2.788250873209656 10
    endloop
  endfacet
  facet normal 0.7372773368101214 0.6755902076156632 0
    outer loop
      vertex 3.1082532318814744 2.8984930302656187 0
      vertex 3.1082532318814744 2.8984930302656187 10
      vertex 3.1583655082789255 2.8438050770251477 10
    endloop
  endfacet
  facet normal 0.7009092642998489 0.7132504491541835 0
    outer loop
      vertex 3.0052038200428273 3.0052038200428273 0
      vertex 2.9522980744507383 3.0571941514392678 10
      vertex 3.0052038200428273 3.0052038200428273 10
    endloop
  endfacet
  facet normal 0.7132504491541835 0.7009092642998489 0
    outer loop
      vertex 3.0052038200428273 3.0052038200428273 0
      vertex 3.0052038200428273 3.0052038200428273 10
      vertex 3.0571941514392678 2.9522980744507383 10
    endloop
  endfacet
  facet normal 0.688354575693751 0.7253743710122903 0
    outer loop
      vertex 2.9522980744507383 3.0571941514392678 0
      vertex 2.8984930302656187 3.1082532318814744 10
      vertex 2.9522980744507383 3.0571941514392678 10
    endloop
  endfacet
  facet normal 0.7253743710122903 0.688354575693751 0
    outer loop
      vertex 3.0571941514392678 2.9522980744507383 0
      vertex 3.0571941514392678 2.9522980744507383 10
      vertex 3.1082532318814744 2.8984930302656187 10
    endloop
  endfacet
  facet normal 0.507538362960703 0.8616291604415264 0
    outer loop
      vertex 2.18891181836773 3.6429610279839775 0
      vertex 2.125 3.680607966083864 10
      vertex 2.18891181836773 3.6429610279839775 10
    endloop
  endfacet
  facet normal 0.5224985647159517 0.8526401643540904 0
    outer loop
      vertex 2.252156872991121 3.60420440866481 0
      vertex 2.18891181836773 3.6429610279839775 10
      vertex 2.252156872991121 3.60420440866481 10
    endloop
  endfacet
  facet normal 0.5372996083468191 0.8433914458128886 0
    outer loop
      vertex 2.314715898813865 3.5643499137680523 0
      vertex 2.252156872991121 3.60420440866481 10
      vertex 2.314715898813865 3.5643499137680523 10
    endloop
  endfacet
  facet normal 0.5519369853120628 0.833885822067165 0
    outer loop
      vertex 2.3765698397506743 3.523409683358927 0
      vertex 2.314715898813865 3.5643499137680523 10
      vertex 2.3765698397506743 3.523409683358927 10
    endloop
  endfacet
  facet normal 0.5807029557109389 0.8141155183563198 0
    outer loop
      vertex 2.498087322243011 3.4383222260935264 0
      vertex 2.437699854491946 3.481396188228215 10
      vertex 2.498087322243011 3.4383222260935264 10
    endloop
  endfacet
  facet normal 0.6225146366376213 0.7826081568524126 0
    outer loop
      vertex 2.674611661961809 3.302870336192126 0
      vertex 2.616561270134048 3.349045702828568 10
      vertex 2.674611661961809 3.302870336192126 10
    endloop
  endfacet
  facet normal 0.5948227867513439 0.8038568606172153 0
    outer loop
      vertex 2.557713848396205 3.3942009177009944 0
      vertex 2.498087322243011 3.4383222260935264 10
      vertex 2.557713848396205 3.3942009177009944 10
    endloop
  endfacet
  facet normal 0.6087614290087182 0.793353340291237 0
    outer loop
      vertex 2.616561270134048 3.349045702828568 0
      vertex 2.557713848396205 3.3942009177009944 10
      vertex 2.616561270134048 3.349045702828568 10
    endloop
  endfacet
  facet normal 0.5664062369248319 0.8241261886220163 0
    outer loop
      vertex 2.437699854491946 3.481396188228215 0
      vertex 2.3765698397506743 3.523409683358927 10
      vertex 2.437699854491946 3.481396188228215 10
    endloop
  endfacet
  facet normal 0.6360782202777623 0.7716245833877213 0
    outer loop
      vertex 2.731847341167792 3.2556888832556568 0
      vertex 2.674611661961809 3.302870336192126 10
      vertex 2.731847341167792 3.2556888832556568 10
    endloop
  endfacet
  facet normal 0.6494480483301851 0.7604059656000298 0
    outer loop
      vertex 2.788250873209656 3.207515715946781 0
      vertex 2.731847341167792 3.2556888832556568 10
      vertex 2.788250873209656 3.207515715946781 10
    endloop
  endfacet
  facet normal 0.7826081568524126 0.6225146366376213 0
    outer loop
      vertex 3.302870336192126 2.674611661961809 0
      vertex 3.302870336192126 2.674611661961809 10
      vertex 3.349045702828568 2.616561270134048 10
    endloop
  endfacet
  facet normal 0.8141155183563198 0.5807029557109389 0
    outer loop
      vertex 3.4383222260935264 2.498087322243011 0
      vertex 3.4383222260935264 2.498087322243011 10
      vertex 3.481396188228215 2.437699854491946 10
    endloop
  endfacet
  facet normal 0.793353340291237 0.6087614290087182 0
    outer loop
      vertex 3.349045702828568 2.616561270134048 0
      vertex 3.349045702828568 2.616561270134048 10
      vertex 3.3942009177009944 2.557713848396205 10
    endloop
  endfacet
  facet normal 0.8038568606172153 0.5948227867513439 0
    outer loop
      vertex 3.3942009177009944 2.557713848396205 0
      vertex 3.3942009177009944 2.557713848396205 10
      vertex 3.4383222260935264 2.498087322243011 10
    endloop
  endfacet
  facet normal 0.8433914458128886 0.5372996083468191 0
    outer loop
      vertex 3.5643499137680523 2.314715898813865 0
      vertex 3.5643499137680523 2.314715898813865 10
      vertex 3.60420440866481 2.252156872991121 10
    endloop
  endfacet
  facet normal 0.833885822067165 0.5519369853120628 0
    outer loop
      vertex 3.523409683358927 2.3765698397506743 0
      vertex 3.523409683358927 2.3765698397506743 10
      vertex 3.5643499137680523 2.314715898813865 10
    endloop
  endfacet
  facet normal 0.8526401643540904 0.5224985647159517 0
    outer loop
      vertex 3.60420440866481 2.252156872991121 0
      vertex 3.60420440866481 2.252156872991121 10
      vertex 3.6429610279839775 2.18891181836773 10
    endloop
  endfacet
  facet normal 0.8616291604415264 0.507538362960703 0
    outer loop
      vertex 3.6429610279839775 2.18891181836773 0
      vertex 3.6429610279839775 2.18891181836773 10
      vertex 3.680607966083864 2.125 10
    endloop
  endfacet
  facet normal 0.8241261886220163 0.5664062369248319 0
    outer loop
      vertex 3.481396188228215 2.437699854491946 0
      vertex 3.481396188228215 2.437699854491946 10
      vertex 3.523409683358927 2.3765698397506743 10
    endloop
  endfacet
  facet normal 0.7604059656000298 0.6494480483301851 0
    outer loop
      vertex 3.207515715946781 2.788250873209656 0
      vertex 3.207515715946781 2.788250873209656 10
      vertex 3.2556888832556568 2.731847341167792 10
    endloop
  endfacet
  facet normal 0.7716245833877213 0.6360782202777623 0
    outer loop
      vertex 3.2556888832556568 2.731847341167792 0
      vertex 3.2556888832556568 2.731847341167792 10
      vertex 3.302870336192126 2.674611661961809 10
    endloop
  endfacet
  facet normal 0 0 1
    outer loop
      vertex 2.125 3.680607966083864 10
      vertex 2.13715139400667 1.7306310753870529 10
      vertex 2.1670295724184854 1.6930690571455602 10
    endloop
  endfacet
  facet normal 0 0 1
    outer loop
      vertex 2.18891181836773 3.6429610279839775 10
      vertex 2.1670295724184854 1.6930690571455602 10
      vertex 2.1962476526300554 1.6549913136681327 10
    endloop
  endfacet
  facet normal 0 0 1
    outer loop
      vertex 2.18891181836773 3.6429610279839775 10
      vertex 2.1962476526300554 1.6549913136681327 10
      vertex 2.2247967345311057 1.616409443804301 10
    endloop
  endfacet
  facet normal 0 0 1
    outer loop
      vertex 2.252156872991121 3.60420440866481 10
      vertex 2.2247967345311057 1.616409443804301 10
      vertex 2.2526681217947275 1.5773351999653766 10
    endloop
  endfacet
  facet normal 0 0 1
    outer loop
      vertex 2.314715898813865 3.5643499137680523 10
      vertex 2.306344061849916 1.4977573462913245 10
      vertex 2.332132264430171 1.4572779766413135 10
    endloop
  endfacet
  facet normal 0 0 1
    outer loop
      vertex 2.252156872991121 3.60420440866481 10
      vertex 2.2526681217947275 1.5773351999653766 10
      vertex 2.2798533245263646 1.537780484544554 10
    endloop
  endfacet
  facet normal 0 0 1
    outer loop
      vertex 2.314715898813865 3.5643499137680523 10
      vertex 2.2798533245263646 1.537780484544554 10
      vertex 2.306344061849916 1.4977573462913245 10
    endloop
  endfacet
  facet normal 0 0 1
    outer loop
      vertex 2.314715898813865 3.5643499137680523 10
      vertex 2.332132264430171 1.4572779766413135 10
      vertex 2.357210076930809 1.416354706002649 10
    endloop
  endfacet
  facet normal 0 0 1
    outer loop
      vertex 2.616561270134048 3.349045702828568 10
      vertex 2.643469663830377 0.7580027284967477 10
      vertex 2.674611661961809 3.302870336192126 10
    endloop
  endfacet
  facet normal 0 0 1
    outer loop
      vertex 2.557713848396205 3.3942009177009944 10
      vertex 2.584154707161248 0.940555394145589 10
      vertex 2.616561270134048 3.349045702828568 10
    endloop
  endfacet
  facet normal 0 0 1
    outer loop
      vertex 2.498087322243011 3.4383222260935264 10
      vertex 2.531388346994211 1.074510603345503 10
      vertex 2.557713848396205 3.3942009177009944 10
    endloop
  endfacet
  facet normal 0 0 1
    outer loop
      vertex 2.252156872991121 3.60420440866481 10
      vertex 2.2798533245263646 1.537780484544554 10
      vertex 2.314715898813865 3.5643499137680523 10
    endloop
  endfacet
  facet normal 0 0 1
    outer loop
      vertex 2.314715898813865 3.5643499137680523 10
      vertex 2.357210076930809 1.416354706002649 10
      vertex 2.3765698397506743 3.523409683358927 10
    endloop
  endfacet
  facet normal 0 0 1
    outer loop
      vertex 2.18891181836773 3.6429610279839775 10
      vertex 2.125 3.680607966083864 10
      vertex 2.1670295724184854 1.6930690571455602 10
    endloop
  endfacet
  facet normal 0 0 1
    outer loop
      vertex 2.18891181836773 3.6429610279839775 10
      vertex 2.2247967345311057 1.616409443804301 10
      vertex 2.252156872991121 3.60420440866481 10
    endloop
  endfacet
  facet normal 0 0 1
    outer loop
      vertex 2.3765698397506743 3.523409683358927 10
      vertex 2.4052041946333382 1.333226455677427 10
      vertex 2.437699854491946 3.481396188228215 10
    endloop
  endfacet
  facet normal 0 0 1
    outer loop
      vertex 2.498087322243011 3.4383222260935264 10
      vertex 2.437699854491946 3.481396188228215 10
      vertex 2.4716836273227094 1.205520653669963 10
    endloop
  endfacet
  facet normal 0 0 1
    outer loop
      vertex 2.674611661961809 3.302870336192126 10
      vertex 2.6994747544810758 0.5247247372854982 10
      vertex 2.731847341167792 3.2556888832556568 10
    endloop
  endfacet
  facet normal 0.8141155183563219 0.5807029557109362 0
    outer loop
      vertex -2.2526681217947275 -1.5773351999653766 2.5
      vertex -2.2247967345311057 -1.616409443804301 10
      vertex -2.2247967345311057 -1.616409443804301 2.5
    endloop
  endfacet
  facet normal 0.8038568606172146 0.594822786751345 0
    outer loop
      vertex -2.1962476526300554 -1.6549913136681327 2.5
      vertex -2.2247967345311057 -1.616409443804301 2.5
      vertex -2.1962476526300554 -1.6549913136681327 10
    endloop
  endfacet
  facet normal 0.7933533402912347 0.6087614290087212 0
    outer loop
      vertex -2.1962476526300554 -1.6549913136681327 2.5
      vertex -2.1670295724184854 -1.6930690571455602 10
      vertex -2.1670295724184854 -1.6930690571455602 2.5
    endloop
  endfacet
  facet normal 0.782608156852416 0.6225146366376167 0
    outer loop
      vertex -2.13715139400667 -1.7306310753870529 2.5
      vertex -2.1670295724184854 -1.6930690571455602 2.5
      vertex -2.13715139400667 -1.7306310753870529 10
    endloop
  endfacet
  facet normal 0.8949343616020238 0.4461978131098112 0
    outer loop
      vertex -2.4502679415180117 -1.2484738742837536 2.5
      vertex -2.4716836273227094 -1.205520653669963 2.5
      vertex -2.4502679415180117 -1.2484738742837536 10
    endloop
  endfacet
  facet normal 0.8870108331782243 0.4617486132350289 0
    outer loop
      vertex -2.4502679415180117 -1.2484738742837536 2.5
      vertex -2.4281058803620494 -1.2910467976611997 10
      vertex -2.4281058803620494 -1.2910467976611997 2.5
    endloop
  endfacet
  facet normal 0.8788171126619606 0.47715876025961707 0
    outer loop
      vertex -2.4052041946333382 -1.333226455677427 2.5
      vertex -2.4281058803620494 -1.2910467976611997 2.5
      vertex -2.4052041946333382 -1.333226455677427 10
    endloop
  endfacet
  facet normal 0.9099612708765452 0.4146932426562347 0
    outer loop
      vertex -2.4923464143507874 -1.1622002197869234 2.5
      vertex -2.512250008517152 -1.1185257684584506 2.5
      vertex -2.4923464143507874 -1.1622002197869234 10
    endloop
  endfacet
  facet normal 0.9025852843498623 0.4305110968082917 0
    outer loop
      vertex -2.4923464143507874 -1.1622002197869234 2.5
      vertex -2.4716836273227094 -1.205520653669963 10
      vertex -2.4716836273227094 -1.205520653669963 2.5
    endloop
  endfacet
  facet normal 0.9170600743851218 0.3987490689252514 0
    outer loop
      vertex -2.512250008517152 -1.1185257684584506 2.5
      vertex -2.531388346994211 -1.074510603345503 2.5
      vertex -2.512250008517152 -1.1185257684584506 10
    endloop
  endfacet
  facet normal 0.8241261886220153 0.5664062369248332 0
    outer loop
      vertex -2.2526681217947275 -1.5773351999653766 2.5
      vertex -2.2798533245263646 -1.537780484544554 2.5
      vertex -2.2526681217947275 -1.5773351999653766 10
    endloop
  endfacet
  facet normal 0.8433914458128882 0.53729960834682 0
    outer loop
      vertex -2.306344061849916 -1.4977573462913245 2.5
      vertex -2.332132264430171 -1.4572779766413135 2.5
      vertex -2.306344061849916 -1.4977573462913245 10
    endloop
  endfacet
  facet normal 0.8338858220671689 0.551936985312057 0
    outer loop
      vertex -2.2798533245263646 -1.537780484544554 2.5
      vertex -2.306344061849916 -1.4977573462913245 2.5
      vertex -2.2798533245263646 -1.537780484544554 10
    endloop
  endfacet
  facet normal 0.8616291604415283 0.5075383629607 0
    outer loop
      vertex -2.381569860407206 -1.375 2.5
      vertex -2.357210076930809 -1.416354706002649 10
      vertex -2.357210076930809 -1.416354706002649 2.5
    endloop
  endfacet
  facet normal 0.8526401643540878 0.522498564715956 0
    outer loop
      vertex -2.332132264430171 -1.4572779766413135 2.5
      vertex -2.357210076930809 -1.416354706002649 2.5
      vertex -2.332132264430171 -1.4572779766413135 10
    endloop
  endfacet
  facet normal 0.8703556959399005 0.4924235601034659 0
    outer loop
      vertex -2.4052041946333382 -1.333226455677427 2.5
      vertex -2.381569860407206 -1.375 10
      vertex -2.381569860407206 -1.375 2.5
    endloop
  endfacet
  facet normal 0.968147640378108 0.2503800040544405 0
    outer loop
      vertex -2.6562960222949377 -0.711752374031932 2.5
      vertex -2.66831324725899 -0.6652852128990863 2.5
      vertex -2.6562960222949377 -0.711752374031932 10
    endloop
  endfacet
  facet normal 0.9723699203976762 0.2334453638559071 0
    outer loop
      vertex -2.66831324725899 -0.6652852128990863 2.5
      vertex -2.679517678159397 -0.6186153994456287 2.5
      vertex -2.66831324725899 -0.6652852128990863 10
    endloop
  endfacet
  facet normal 0.9762960071199323 0.21643961393810762 0
    outer loop
      vertex -2.679517678159397 -0.6186153994456287 2.5
      vertex -2.6899059020179656 -0.5717571497488382 2.5
      vertex -2.679517678159397 -0.6186153994456287 10
    endloop
  endfacet
  facet normal 0.9799247046208306 0.19936793441719203 0
    outer loop
      vertex -2.6994747544810758 -0.5247247372854982 2.5
      vertex -2.6899059020179656 -0.5717571497488382 10
      vertex -2.6899059020179656 -0.5717571497488382 2.5
    endloop
  endfacet
  facet normal 0.9832549075639544 0.18223552549214905 0
    outer loop
      vertex -2.6994747544810758 -0.5247247372854982 2.5
      vertex -2.708221320783572 -0.4775324885840584 2.5
      vertex -2.6994747544810758 -0.5247247372854982 10
    endloop
  endfacet
  facet normal 0.9862856015372312 0.16504760586067863 0
    outer loop
      vertex -2.708221320783572 -0.4775324885840584 2.5
      vertex -2.7161429366366288 -0.4301947788606349 2.5
      vertex -2.708221320783572 -0.4775324885840584 10
    endloop
  endfacet
  facet normal 0.9890158633619163 0.14780941112961404 0
    outer loop
      vertex -2.7161429366366288 -0.4301947788606349 2.5
      vertex -2.7232371890393186 -0.38272602764017993 2.5
      vertex -2.7161429366366288 -0.4301947788606349 10
    endloop
  endfacet
  facet normal 0.9914448613738108 0.1305261922200489 0
    outer loop
      vertex -2.7232371890393186 -0.38272602764017993 2.5
      vertex -2.7295019170136356 -0.33514069436415556 2.5
      vertex -2.7232371890393186 -0.38272602764017993 10
    endloop
  endfacet
  facet normal 0.9935718556765881 0.11320321376790188 0
    outer loop
      vertex -2.7295019170136356 -0.33514069436415556 2.5
      vertex -2.7349352122627515 -0.28745327398604703 2.5
      vertex -2.7295019170136356 -0.33514069436415556 10
    endloop
  endfacet
  facet normal 0.9953961983671787 0.0958457525202251 0
    outer loop
      vertex -2.7349352122627515 -0.28745327398604703 2.5
      vertex -2.7395354197523 -0.23967829255605996 2.5
      vertex -2.7349352122627515 -0.28745327398604703 10
    endloop
  endfacet
  facet normal 0.996917333733128 0.0784590957278437 0
    outer loop
      vertex -2.7395354197523 -0.23967829255605996 2.5
      vertex -2.7433011382145165 -0.19183030279634458 2.5
      vertex -2.7395354197523 -0.23967829255605996 10
    endloop
  endfacet
  facet normal 0.9981347984218669 0.061048539534859156 0
    outer loop
      vertex -2.7433011382145165 -0.19183030279634458 2.5
      vertex -2.746231220575078 -0.14392387966809556 2.5
      vertex -2.7433011382145165 -0.19183030279634458 10
    endloop
  endfacet
  facet normal 0.9990482215818575 0.043619387365341294 0
    outer loop
      vertex -2.746231220575078 -0.14392387966809556 2.5
      vertex -2.7483247743025134 -0.09597361593187767 2.5
      vertex -2.746231220575078 -0.14392387966809556 10
    endloop
  endfacet
  facet normal 0.9996573249755574 0.026176948307872476 0
    outer loop
      vertex -2.7483247743025134 -0.09597361593187767 2.5
      vertex -2.749581161680076 -0.047994117702529655 2.5
      vertex -2.7483247743025134 -0.09597361593187767 10
    endloop
  endfacet
  facet normal 0.9999619230641714 0.008726535498371038 0
    outer loop
      vertex -2.749581161680076 -0.047994117702529655 2.5
      vertex -2.75 0 2.5
      vertex -2.749581161680076 -0.047994117702529655 10
    endloop
  endfacet
  facet normal 0.9238795325112883 0.3826834323650862 0
    outer loop
      vertex -2.549755600058665 -1.030168131893758 2.5
      vertex -2.531388346994211 -1.074510603345503 10
      vertex -2.531388346994211 -1.074510603345503 2.5
    endloop
  endfacet
  facet normal 0.9304175679820252 0.36650122672429575 0
    outer loop
      vertex -2.549755600058665 -1.030168131893758 2.5
      vertex -2.5673461728673046 -0.9855118612495757 2.5
      vertex -2.549755600058665 -1.030168131893758 10
    endloop
  endfacet
  facet normal 0.936672189248396 0.35020738125947165 0
    outer loop
      vertex -2.5673461728673046 -0.9855118612495757 2.5
      vertex -2.584154707161248 -0.940555394145589 2.5
      vertex -2.5673461728673046 -0.9855118612495757 10
    endloop
  endfacet
  facet normal 0.9483236552062029 0.31730465640508154 0
    outer loop
      vertex -2.6001760828981215 -0.8953124247571809 2.5
      vertex -2.615405419811672 -0.8497967345311054 2.5
      vertex -2.6001760828981215 -0.8953124247571809 10
    endloop
  endfacet
  facet normal 0.9537169507482267 0.30070579950427373 0
    outer loop
      vertex -2.615405419811672 -0.8497967345311054 2.5
      vertex -2.6298380788983473 -0.8040221879875261 2.5
      vertex -2.615405419811672 -0.8497967345311054 10
    endloop
  endfacet
  facet normal 0.9426414910921764 0.3338068592337767 0
    outer loop
      vertex -2.584154707161248 -0.940555394145589 2.5
      vertex -2.6001760828981215 -0.8953124247571809 2.5
      vertex -2.584154707161248 -0.940555394145589 10
    endloop
  endfacet
  facet normal 0.9588197348681915 0.2840153447039282 0
    outer loop
      vertex -2.643469663830377 -0.7580027284967477 2.5
      vertex -2.6298380788983473 -0.8040221879875261 10
      vertex -2.6298380788983473 -0.8040221879875261 2.5
    endloop
  endfacet
  facet normal 0.9636304532086242 0.267238376078253 0
    outer loop
      vertex -2.643469663830377 -0.7580027284967477 2.5
      vertex -2.6562960222949377 -0.711752374031932 2.5
      vertex -2.643469663830377 -0.7580027284967477 10
    endloop
  endfacet
  facet normal 0.7716245833877142 0.6360782202777711 0
    outer loop
      vertex -2.13715139400667 -1.7306310753870529 2.5
      vertex -2.13715139400667 -1.7306310753870529 10
      vertex -2.1066222185771895 -1.7676659266379828 10
    endloop
  endfacet
  facet normal 0.8038568606172146 0.594822786751345 0
    outer loop
      vertex -2.2247967345311057 -1.616409443804301 2.5
      vertex -2.2247967345311057 -1.616409443804301 10
      vertex -2.1962476526300554 -1.6549913136681327 10
    endloop
  endfacet
  facet normal 0.7933533402912347 0.6087614290087212 0
    outer loop
      vertex -2.1962476526300554 -1.6549913136681327 2.5
      vertex -2.1962476526300554 -1.6549913136681327 10
      vertex -2.1670295724184854 -1.6930690571455602 10
    endloop
  endfacet
  facet normal 0.782608156852416 0.6225146366376167 0
    outer loop
      vertex -2.1670295724184854 -1.6930690571455602 2.5
      vertex -2.1670295724184854 -1.6930690571455602 10
      vertex -2.13715139400667 -1.7306310753870529 10
    endloop
  endfacet
  facet normal 0.8703556959399005 0.4924235601034659 0
    outer loop
      vertex -2.4052041946333382 -1.333226455677427 2.5
      vertex -2.4052041946333382 -1.333226455677427 10
      vertex -2.381569860407206 -1.375 10
    endloop
  endfacet
  facet normal 0.9170600743851218 0.3987490689252514 0
    outer loop
      vertex -2.531388346994211 -1.074510603345503 2.5
      vertex -2.531388346994211 -1.074510603345503 10
      vertex -2.512250008517152 -1.1185257684584506 10
    endloop
  endfacet
  facet normal 0.8949343616020238 0.4461978131098112 0
    outer loop
      vertex -2.4716836273227094 -1.205520653669963 2.5
      vertex -2.4716836273227094 -1.205520653669963 10
      vertex -2.4502679415180117 -1.2484738742837536 10
    endloop
  endfacet
  facet normal 0.8870108331782243 0.4617486132350289 0
    outer loop
      vertex -2.4502679415180117 -1.2484738742837536 2.5
      vertex -2.4502679415180117 -1.2484738742837536 10
      vertex -2.4281058803620494 -1.2910467976611997 10
    endloop
  endfacet
  facet normal 0.8788171126619606 0.47715876025961707 0
    outer loop
      vertex -2.4281058803620494 -1.2910467976611997 2.5
      vertex -2.4281058803620494 -1.2910467976611997 10
      vertex -2.4052041946333382 -1.333226455677427 10
    endloop
  endfacet
  facet normal 0.9099612708765452 0.4146932426562347 0
    outer loop
      vertex -2.512250008517152 -1.1185257684584506 2.5
      vertex -2.512250008517152 -1.1185257684584506 10
      vertex -2.4923464143507874 -1.1622002197869234 10
    endloop
  endfacet
  facet normal 0.9025852843498623 0.4305110968082917 0
    outer loop
      vertex -2.4923464143507874 -1.1622002197869234 2.5
      vertex -2.4923464143507874 -1.1622002197869234 10
      vertex -2.4716836273227094 -1.205520653669963 10
    endloop
  endfacet
  facet normal 0.8241261886220153 0.5664062369248332 0
    outer loop
      vertex -2.2798533245263646 -1.537780484544554 2.5
      vertex -2.2798533245263646 -1.537780484544554 10
      vertex -2.2526681217947275 -1.5773351999653766 10
    endloop
  endfacet
  facet normal 0.8338858220671689 0.551936985312057 0
    outer loop
      vertex -2.306344061849916 -1.4977573462913245 2.5
      vertex -2.306344061849916 -1.4977573462913245 10
      vertex -2.2798533245263646 -1.537780484544554 10
    endloop
  endfacet
  facet normal 0.8433914458128882 0.53729960834682 0
    outer loop
      vertex -2.332132264430171 -1.4572779766413135 2.5
      vertex -2.332132264430171 -1.4572779766413135 10
      vertex -2.306344061849916 -1.4977573462913245 10
    endloop
  endfacet
  facet normal 0.8526401643540878 0.522498564715956 0
    outer loop
      vertex -2.357210076930809 -1.416354706002649 2.5
      vertex -2.357210076930809 -1.416354706002649 10
      vertex -2.332132264430171 -1.4572779766413135 10
    endloop
  endfacet
  facet normal 0.8616291604415283 0.5075383629607 0
    outer loop
      vertex -2.381569860407206 -1.375 2.5
      vertex -2.381569860407206 -1.375 10
      vertex -2.357210076930809 -1.416354706002649 10
    endloop
  endfacet
  facet normal 0.8141155183563219 0.5807029557109362 0
    outer loop
      vertex -2.2526681217947275 -1.5773351999653766 2.5
      vertex -2.2526681217947275 -1.5773351999653766 10
      vertex -2.2247967345311057 -1.616409443804301 10
    endloop
  endfacet
  facet normal 0.968147640378108 0.2503800040544405 0
    outer loop
      vertex -2.66831324725899 -0.6652852128990863 2.5
      vertex -2.66831324725899 -0.6652852128990863 10
      vertex -2.6562960222949377 -0.711752374031932 10
    endloop
  endfacet
  facet normal 0.9723699203976762 0.2334453638559071 0
    outer loop
      vertex -2.679517678159397 -0.6186153994456287 2.5
      vertex -2.679517678159397 -0.6186153994456287 10
      vertex -2.66831324725899 -0.6652852128990863 10
    endloop
  endfacet
  facet normal 0.9799247046208306 0.19936793441719203 0
    outer loop
      vertex -2.6994747544810758 -0.5247247372854982 2.5
      vertex -2.6994747544810758 -0.5247247372854982 10
      vertex -2.6899059020179656 -0.5717571497488382 10
    endloop
  endfacet
  facet normal 0.9762960071199323 0.21643961393810762 0
    outer loop
      vertex -2.6899059020179656 -0.5717571497488382 2.5
      vertex -2.6899059020179656 -0.5717571497488382 10
      vertex -2.679517678159397 -0.6186153994456287 10
    endloop
  endfacet
  facet normal 0.9832549075639544 0.18223552549214905 0
    outer loop
      vertex -2.708221320783572 -0.4775324885840584 2.5
      vertex -2.708221320783572 -0.4775324885840584 10
      vertex -2.6994747544810758 -0.5247247372854982 10
    endloop
  endfacet
  facet normal 0.9862856015372312 0.16504760586067863 0
    outer loop
      vertex -2.7161429366366288 -0.4301947788606349 2.5
      vertex -2.7161429366366288 -0.4301947788606349 10
      vertex -2.708221320783572 -0.4775324885840584 10
    endloop
  endfacet
  facet normal 0.9890158633619163 0.14780941112961404 0
    outer loop
      vertex -2.7232371890393186 -0.38272602764017993 2.5
      vertex -2.7232371890393186 -0.38272602764017993 10
      vertex -2.7161429366366288 -0.4301947788606349 10
    endloop
  endfacet
  facet normal 0.9914448613738108 0.1305261922200489 0
    outer loop
      vertex -2.7295019170136356 -0.33514069436415556 2.5
      vertex -2.7295019170136356 -0.33514069436415556 10
      vertex -2.7232371890393186 -0.38272602764017993 10
    endloop
  endfacet
  facet normal 0.9935718556765881 0.11320321376790188 0
    outer loop
      vertex -2.7349352122627515 -0.28745327398604703 2.5
      vertex -2.7349352122627515 -0.28745327398604703 10
      vertex -2.7295019170136356 -0.33514069436415556 10
    endloop
  endfacet
  facet normal 0.9953961983671787 0.0958457525202251 0
    outer loop
      vertex -2.7395354197523 -0.23967829255605996 2.5
      vertex -2.7395354197523 -0.23967829255605996 10
      vertex -2.7349352122627515 -0.28745327398604703 10
    endloop
  endfacet
  facet normal 0.996917333733128 0.0784590957278437 0
    outer loop
      vertex -2.7433011382145165 -0.19183030279634458 2.5
      vertex -2.7433011382145165 -0.19183030279634458 10
      vertex -2.7395354197523 -0.23967829255605996 10
    endloop
  endfacet
  facet normal 0.9981347984218669 0.061048539534859156 0
    outer loop
      vertex -2.746231220575078 -0.14392387966809556 2.5
      vertex -2.746231220575078 -0.14392387966809556 10
      vertex -2.7433011382145165 -0.19183030279634458 10
    endloop
  endfacet
  facet normal 0.9990482215818575 0.043619387365341294 0
    outer loop
      vertex -2.7483247743025134 -0.09597361593187767 2.5
      vertex -2.7483247743025134 -0.09597361593187767 10
      vertex -2.746231220575078 -0.14392387966809556 10
    endloop
  endfacet
  facet normal 0.9996573249755574 0.026176948307872476 0
    outer loop
      vertex -2.749581161680076 -0.047994117702529655 2.5
      vertex -2.749581161680076 -0.047994117702529655 10
      vertex -2.7483247743025134 -0.09597361593187767 10
    endloop
  endfacet
  facet normal 0.9999619230641714 0.008726535498371038 0
    outer loop
      vertex -2.75 0 2.5
      vertex -2.75 0 10
      vertex -2.749581161680076 -0.047994117702529655 10
    endloop
  endfacet
  facet normal 0.9304175679820252 0.36650122672429575 0
    outer loop
      vertex -2.5673461728673046 -0.9855118612495757 2.5
      vertex -2.5673461728673046 -0.9855118612495757 10
      vertex -2.549755600058665 -1.030168131893758 10
    endloop
  endfacet
  facet normal 0.9238795325112883 0.3826834323650862 0
    outer loop
      vertex -2.549755600058665 -1.030168131893758 2.5
      vertex -2.549755600058665 -1.030168131893758 10
      vertex -2.531388346994211 -1.074510603345503 10
    endloop
  endfacet
  facet normal 0.936672189248396 0.35020738125947165 0
    outer loop
      vertex -2.584154707161248 -0.940555394145589 2.5
      vertex -2.584154707161248 -0.940555394145589 10
      vertex -2.5673461728673046 -0.9855118612495757 10
    endloop
  endfacet
  facet normal 0.9426414910921764 0.3338068592337767 0
    outer loop
      vertex -2.6001760828981215 -0.8953124247571809 2.5
      vertex -2.6001760828981215 -0.8953124247571809 10
      vertex -2.584154707161248 -0.940555394145589 10
    endloop
  endfacet
  facet normal 0.9483236552062029 0.31730465640508154 0
    outer loop
      vertex -2.615405419811672 -0.8497967345311054 2.5
      vertex -2.615405419811672 -0.8497967345311054 10
      vertex -2.6001760828981215 -0.8953124247571809 10
    endloop
  endfacet
  facet normal 0.9537169507482267 0.30070579950427373 0
    outer loop
      vertex -2.6298380788983473 -0.8040221879875261 2.5
      vertex -2.6298380788983473 -0.8040221879875261 10
      vertex -2.615405419811672 -0.8497967345311054 10
    endloop
  endfacet
  facet normal 0.9588197348681915 0.2840153447039282 0
    outer loop
      vertex -2.643469663830377 -0.7580027284967477 2.5
      vertex -2.643469663830377 -0.7580027284967477 10
      vertex -2.6298380788983473 -0.8040221879875261 10
    endloop
  endfacet
  facet normal 0.9636304532086242 0.267238376078253 0
    outer loop
      vertex -2.6562960222949377 -0.711752374031932 2.5
      vertex -2.6562960222949377 -0.711752374031932 10
      vertex -2.643469663830377 -0.7580027284967477 10
    endloop
  endfacet
  facet normal 0.6360782202777711 0.7716245833877142 0
    outer loop
      vertex -1.7306310753870529 -2.13715139400667 2.5
      vertex -1.7676659266379828 -2.1066222185771895 2.5
      vertex -1.7306310753870529 -2.13715139400667 10
    endloop
  endfacet
  facet normal 0.6225146366376167 0.782608156852416 0
    outer loop
      vertex -1.7306310753870529 -2.13715139400667 2.5
      vertex -1.6930690571455602 -2.1670295724184854 10
      vertex -1.6930690571455602 -2.1670295724184854 2.5
    endloop
  endfacet
  facet normal 0.6087614290087212 0.7933533402912347 0
    outer loop
      vertex -1.6930690571455602 -2.1670295724184854 2.5
      vertex -1.6549913136681327 -2.1962476526300554 10
      vertex -1.6549913136681327 -2.1962476526300554 2.5
    endloop
  endfacet
  facet normal 0.594822786751345 0.8038568606172146 0
    outer loop
      vertex -1.6549913136681327 -2.1962476526300554 2.5
      vertex -1.616409443804301 -2.2247967345311057 10
      vertex -1.616409443804301 -2.2247967345311057 2.5
    endloop
  endfacet
  facet normal 0.4924235601034659 0.8703556959399005 0
    outer loop
      vertex -1.375 -2.381569860407206 2.5
      vertex -1.333226455677427 -2.4052041946333382 10
      vertex -1.333226455677427 -2.4052041946333382 2.5
    endloop
  endfacet
  facet normal 0.5664062369248332 0.8241261886220153 0
    outer loop
      vertex -1.5773351999653766 -2.2526681217947275 2.5
      vertex -1.537780484544554 -2.2798533245263646 10
      vertex -1.537780484544554 -2.2798533245263646 2.5
    endloop
  endfacet
  facet normal 0.551936985312057 0.8338858220671689 0
    outer loop
      vertex -1.537780484544554 -2.2798533245263646 2.5
      vertex -1.4977573462913245 -2.306344061849916 10
      vertex -1.4977573462913245 -2.306344061849916 2.5
    endloop
  endfacet
  facet normal 0.53729960834682 0.8433914458128882 0
    outer loop
      vertex -1.4977573462913245 -2.306344061849916 2.5
      vertex -1.4572779766413135 -2.332132264430171 10
      vertex -1.4572779766413135 -2.332132264430171 2.5
    endloop
  endfacet
  facet normal 0.5807029557109362 0.8141155183563219 0
    outer loop
      vertex -1.5773351999653766 -2.2526681217947275 2.5
      vertex -1.616409443804301 -2.2247967345311057 2.5
      vertex -1.5773351999653766 -2.2526681217947275 10
    endloop
  endfacet
  facet normal 0.522498564715956 0.8526401643540878 0
    outer loop
      vertex -1.4572779766413135 -2.332132264430171 2.5
      vertex -1.416354706002649 -2.357210076930809 10
      vertex -1.416354706002649 -2.357210076930809 2.5
    endloop
  endfacet
  facet normal 0.5075383629607 0.8616291604415283 0
    outer loop
      vertex -1.416354706002649 -2.357210076930809 2.5
      vertex -1.375 -2.381569860407206 10
      vertex -1.375 -2.381569860407206 2.5
    endloop
  endfacet
  facet normal 0.47715876025961707 0.8788171126619606 0
    outer loop
      vertex -1.333226455677427 -2.4052041946333382 2.5
      vertex -1.2910467976611997 -2.4281058803620494 10
      vertex -1.2910467976611997 -2.4281058803620494 2.5
    endloop
  endfacet
  facet normal 0.4617486132350289 0.8870108331782243 0
    outer loop
      vertex -1.2484738742837536 -2.4502679415180117 2.5
      vertex -1.2910467976611997 -2.4281058803620494 2.5
      vertex -1.2484738742837536 -2.4502679415180117 10
    endloop
  endfacet
  facet normal 0.4461978131098112 0.8949343616020238 0
    outer loop
      vertex -1.2484738742837536 -2.4502679415180117 2.5
      vertex -1.205520653669963 -2.4716836273227094 10
      vertex -1.205520653669963 -2.4716836273227094 2.5
    endloop
  endfacet
  facet normal 0.3987490689252514 0.9170600743851218 0
    outer loop
      vertex -1.1185257684584506 -2.512250008517152 2.5
      vertex -1.074510603345503 -2.531388346994211 10
      vertex -1.074510603345503 -2.531388346994211 2.5
    endloop
  endfacet
  facet normal 0.4305110968082917 0.9025852843498623 0
    outer loop
      vertex -1.205520653669963 -2.4716836273227094 2.5
      vertex -1.1622002197869234 -2.4923464143507874 10
      vertex -1.1622002197869234 -2.4923464143507874 2.5
    endloop
  endfacet
  facet normal 0.4146932426562347 0.9099612708765452 0
    outer loop
      vertex -1.1622002197869234 -2.4923464143507874 2.5
      vertex -1.1185257684584506 -2.512250008517152 10
      vertex -1.1185257684584506 -2.512250008517152 2.5
    endloop
  endfacet
  facet normal 0.2503800040544405 0.968147640378108 0
    outer loop
      vertex -0.711752374031932 -2.6562960222949377 2.5
      vertex -0.6652852128990863 -2.66831324725899 10
      vertex -0.6652852128990863 -2.66831324725899 2.5
    endloop
  endfacet
  facet normal 0.2334453638559071 0.9723699203976762 0
    outer loop
      vertex -0.6652852128990863 -2.66831324725899 2.5
      vertex -0.6186153994456287 -2.679517678159397 10
      vertex -0.6186153994456287 -2.679517678159397 2.5
    endloop
  endfacet
  facet normal 0.21643961393810762 0.9762960071199323 0
    outer loop
      vertex -0.6186153994456287 -2.679517678159397 2.5
      vertex -0.5717571497488382 -2.6899059020179656 10
      vertex -0.5717571497488382 -2.6899059020179656 2.5
    endloop
  endfacet
  facet normal 0.19936793441719203 0.9799247046208306 0
    outer loop
      vertex -0.5717571497488382 -2.6899059020179656 2.5
      vertex -0.5247247372854982 -2.6994747544810758 10
      vertex -0.5247247372854982 -2.6994747544810758 2.5
    endloop
  endfacet
  facet normal 0.3826834323650862 0.9238795325112883 0
    outer loop
      vertex -1.030168131893758 -2.549755600058665 2.5
      vertex -1.074510603345503 -2.531388346994211 2.5
      vertex -1.030168131893758 -2.549755600058665 10
    endloop
  endfacet
  facet normal 0.36650122672429575 0.9304175679820252 0
    outer loop
      vertex -1.030168131893758 -2.549755600058665 2.5
      vertex -0.9855118612495757 -2.5673461728673046 10
      vertex -0.9855118612495757 -2.5673461728673046 2.5
    endloop
  endfacet
  facet normal 0.35020738125947165 0.936672189248396 0
    outer loop
      vertex -0.9855118612495757 -2.5673461728673046 2.5
      vertex -0.940555394145589 -2.584154707161248 10
      vertex -0.940555394145589 -2.584154707161248 2.5
    endloop
  endfacet
  facet normal 0.3338068592337767 0.9426414910921764 0
    outer loop
      vertex -0.940555394145589 -2.584154707161248 2.5
      vertex -0.8953124247571809 -2.6001760828981215 10
      vertex -0.8953124247571809 -2.6001760828981215 2.5
    endloop
  endfacet
  facet normal 0.31730465640508154 0.9483236552062029 0
    outer loop
      vertex -0.8953124247571809 -2.6001760828981215 2.5
      vertex -0.8497967345311054 -2.615405419811672 10
      vertex -0.8497967345311054 -2.615405419811672 2.5
    endloop
  endfacet
  facet normal 0.30070579950427373 0.9537169507482267 0
    outer loop
      vertex -0.8497967345311054 -2.615405419811672 2.5
      vertex -0.8040221879875261 -2.6298380788983473 10
      vertex -0.8040221879875261 -2.6298380788983473 2.5
    endloop
  endfacet
  facet normal 0.2840153447039282 0.9588197348681915 0
    outer loop
      vertex -0.7580027284967477 -2.643469663830377 2.5
      vertex -0.8040221879875261 -2.6298380788983473 2.5
      vertex -0.7580027284967477 -2.643469663830377 10
    endloop
  endfacet
  facet normal 0.267238376078253 0.9636304532086242 0
    outer loop
      vertex -0.7580027284967477 -2.643469663830377 2.5
      vertex -0.711752374031932 -2.6562960222949377 10
      vertex -0.711752374031932 -2.6562960222949377 2.5
    endloop
  endfacet
  facet normal 0.18223552549214905 0.9832549075639544 0
    outer loop
      vertex -0.5247247372854982 -2.6994747544810758 2.5
      vertex -0.4775324885840584 -2.708221320783572 10
      vertex -0.4775324885840584 -2.708221320783572 2.5
    endloop
  endfacet
  facet normal 0.16504760586067863 0.9862856015372312 0
    outer loop
      vertex -0.4775324885840584 -2.708221320783572 2.5
      vertex -0.4301947788606349 -2.7161429366366288 10
      vertex -0.4301947788606349 -2.7161429366366288 2.5
    endloop
  endfacet
  facet normal 0.14780941112961404 0.9890158633619163 0
    outer loop
      vertex -0.4301947788606349 -2.7161429366366288 2.5
      vertex -0.38272602764017993 -2.7232371890393186 10
      vertex -0.38272602764017993 -2.7232371890393186 2.5
    endloop
  endfacet
  facet normal 0.1305261922200489 0.9914448613738108 0
    outer loop
      vertex -0.38272602764017993 -2.7232371890393186 2.5
      vertex -0.33514069436415556 -2.7295019170136356 10
      vertex -0.33514069436415556 -2.7295019170136356 2.5
    endloop
  endfacet
  facet normal 0.11320321376790188 0.9935718556765881 0
    outer loop
      vertex -0.33514069436415556 -2.7295019170136356 2.5
      vertex -0.28745327398604703 -2.7349352122627515 10
      vertex -0.28745327398604703 -2.7349352122627515 2.5
    endloop
  endfacet
  facet normal 0.0958457525202251 0.9953961983671787 0
    outer loop
      vertex -0.28745327398604703 -2.7349352122627515 2.5
      vertex -0.23967829255605996 -2.7395354197523 10
      vertex -0.23967829255605996 -2.7395354197523 2.5
    endloop
  endfacet
  facet normal 0.0784590957278437 0.996917333733128 0
    outer loop
      vertex -0.23967829255605996 -2.7395354197523 2.5
      vertex -0.19183030279634458 -2.7433011382145165 10
      vertex -0.19183030279634458 -2.7433011382145165 2.5
    endloop
  endfacet
  facet normal 0.061048539534859156 0.9981347984218669 0
    outer loop
      vertex -0.19183030279634458 -2.7433011382145165 2.5
      vertex -0.14392387966809556 -2.746231220575078 10
      vertex -0.14392387966809556 -2.746231220575078 2.5
    endloop
  endfacet
  facet normal 0.043619387365341294 0.9990482215818575 0
    outer loop
      vertex -0.14392387966809556 -2.746231220575078 2.5
      vertex -0.09597361593187767 -2.7483247743025134 10
      vertex -0.09597361593187767 -2.7483247743025134 2.5
    endloop
  endfacet
  facet normal 0.026176948307872476 0.9996573249755574 0
    outer loop
      vertex -0.09597361593187767 -2.7483247743025134 2.5
      vertex -0.047994117702529655 -2.749581161680076 10
      vertex -0.047994117702529655 -2.749581161680076 2.5
    endloop
  endfacet
  facet normal 0.008726535498371038 0.9999619230641714 0
    outer loop
      vertex -0.047994117702529655 -2.749581161680076 2.5
      vertex 0 -2.75 10
      vertex 0 -2.75 2.5
    endloop
  endfacet
  facet normal 0.6225146366376167 0.782608156852416 0
    outer loop
      vertex -1.7306310753870529 -2.13715139400667 2.5
      vertex -1.7306310753870529 -2.13715139400667 10
      vertex -1.6930690571455602 -2.1670295724184854 10
    endloop
  endfacet
  facet normal 0.6087614290087212 0.7933533402912347 0
    outer loop
      vertex -1.6930690571455602 -2.1670295724184854 2.5
      vertex -1.6930690571455602 -2.1670295724184854 10
      vertex -1.6549913136681327 -2.1962476526300554 10
    endloop
  endfacet
  facet normal 0.594822786751345 0.8038568606172146 0
    outer loop
      vertex -1.6549913136681327 -2.1962476526300554 2.5
      vertex -1.6549913136681327 -2.1962476526300554 10
      vertex -1.616409443804301 -2.2247967345311057 10
    endloop
  endfacet
  facet normal 0.5807029557109362 0.8141155183563219 0
    outer loop
      vertex -1.616409443804301 -2.2247967345311057 2.5
      vertex -1.616409443804301 -2.2247967345311057 10
      vertex -1.5773351999653766 -2.2526681217947275 10
    endloop
  endfacet
  facet normal 0.5664062369248332 0.8241261886220153 0
    outer loop
      vertex -1.5773351999653766 -2.2526681217947275 2.5
      vertex -1.5773351999653766 -2.2526681217947275 10
      vertex -1.537780484544554 -2.2798533245263646 10
    endloop
  endfacet
  facet normal 0.551936985312057 0.8338858220671689 0
    outer loop
      vertex -1.537780484544554 -2.2798533245263646 2.5
      vertex -1.537780484544554 -2.2798533245263646 10
      vertex -1.4977573462913245 -2.306344061849916 10
    endloop
  endfacet
  facet normal 0.53729960834682 0.8433914458128882 0
    outer loop
      vertex -1.4977573462913245 -2.306344061849916 2.5
      vertex -1.4977573462913245 -2.306344061849916 10
      vertex -1.4572779766413135 -2.332132264430171 10
    endloop
  endfacet
  facet normal 0.522498564715956 0.8526401643540878 0
    outer loop
      vertex -1.4572779766413135 -2.332132264430171 2.5
      vertex -1.4572779766413135 -2.332132264430171 10
      vertex -1.416354706002649 -2.357210076930809 10
    endloop
  endfacet
  facet normal 0.5075383629607 0.8616291604415283 0
    outer loop
      vertex -1.416354706002649 -2.357210076930809 2.5
      vertex -1.416354706002649 -2.357210076930809 10
      vertex -1.375 -2.381569860407206 10
    endloop
  endfacet
  facet normal 0.4924235601034659 0.8703556959399005 0
    outer loop
      vertex -1.375 -2.381569860407206 2.5
      vertex -1.375 -2.381569860407206 10
      vertex -1.333226455677427 -2.4052041946333382 10
    endloop
  endfacet
  facet normal 0.47715876025961707 0.8788171126619606 0
    outer loop
      vertex -1.333226455677427 -2.4052041946333382 2.5
      vertex -1.333226455677427 -2.4052041946333382 10
      vertex -1.2910467976611997 -2.4281058803620494 10
    endloop
  endfacet
  facet normal 0.4617486132350289 0.8870108331782243 0
    outer loop
      vertex -1.2910467976611997 -2.4281058803620494 2.5
      vertex -1.2910467976611997 -2.4281058803620494 10
      vertex -1.2484738742837536 -2.4502679415180117 10
    endloop
  endfacet
  facet normal 0.4461978131098112 0.8949343616020238 0
    outer loop
      vertex -1.2484738742837536 -2.4502679415180117 2.5
      vertex -1.2484738742837536 -2.4502679415180117 10
      vertex -1.205520653669963 -2.4716836273227094 10
    endloop
  endfacet
  facet normal 0.4305110968082917 0.9025852843498623 0
    outer loop
      vertex -1.205520653669963 -2.4716836273227094 2.5
      vertex -1.205520653669963 -2.4716836273227094 10
      vertex -1.1622002197869234 -2.4923464143507874 10
    endloop
  endfacet
  facet normal 0.4146932426562347 0.9099612708765452 0
    outer loop
      vertex -1.1622002197869234 -2.4923464143507874 2.5
      vertex -1.1622002197869234 -2.4923464143507874 10
      vertex -1.1185257684584506 -2.512250008517152 10
    endloop
  endfacet
  facet normal 0.3987490689252514 0.9170600743851218 0
    outer loop
      vertex -1.1185257684584506 -2.512250008517152 2.5
      vertex -1.1185257684584506 -2.512250008517152 10
      vertex -1.074510603345503 -2.531388346994211 10
    endloop
  endfacet
  facet normal 0.2503800040544405 0.968147640378108 0
    outer loop
      vertex -0.711752374031932 -2.6562960222949377 2.5
      vertex -0.711752374031932 -2.6562960222949377 10
      vertex -0.6652852128990863 -2.66831324725899 10
    endloop
  endfacet
  facet normal 0.2334453638559071 0.9723699203976762 0
    outer loop
      vertex -0.6652852128990863 -2.66831324725899 2.5
      vertex -0.6652852128990863 -2.66831324725899 10
      vertex -0.6186153994456287 -2.679517678159397 10
    endloop
  endfacet
  facet normal 0.21643961393810762 0.9762960071199323 0
    outer loop
      vertex -0.6186153994456287 -2.679517678159397 2.5
      vertex -0.6186153994456287 -2.679517678159397 10
      vertex -0.5717571497488382 -2.6899059020179656 10
    endloop
  endfacet
  facet normal 0.19936793441719203 0.9799247046208306 0
    outer loop
      vertex -0.5717571497488382 -2.6899059020179656 2.5
      vertex -0.5717571497488382 -2.6899059020179656 10
      vertex -0.5247247372854982 -2.6994747544810758 10
    endloop
  endfacet
  facet normal 0.3826834323650862 0.9238795325112883 0
    outer loop
      vertex -1.074510603345503 -2.531388346994211 2.5
      vertex -1.074510603345503 -2.531388346994211 10
      vertex -1.030168131893758 -2.549755600058665 10
    endloop
  endfacet
  facet normal 0.36650122672429575 0.9304175679820252 0
    outer loop
      vertex -1.030168131893758 -2.549755600058665 2.5
      vertex -1.030168131893758 -2.549755600058665 10
      vertex -0.9855118612495757 -2.5673461728673046 10
    endloop
  endfacet
  facet normal 0.35020738125947165 0.936672189248396 0
    outer loop
      vertex -0.9855118612495757 -2.5673461728673046 2.5
      vertex -0.9855118612495757 -2.5673461728673046 10
      vertex -0.940555394145589 -2.584154707161248 10
    endloop
  endfacet
  facet normal 0.31730465640508154 0.9483236552062029 0
    outer loop
      vertex -0.8953124247571809 -2.6001760828981215 2.5
      vertex -0.8953124247571809 -2.6001760828981215 10
      vertex -0.8497967345311054 -2.615405419811672 10
    endloop
  endfacet
  facet normal 0.3338068592337767 0.9426414910921764 0
    outer loop
      vertex -0.940555394145589 -2.584154707161248 2.5
      vertex -0.940555394145589 -2.584154707161248 10
      vertex -0.8953124247571809 -2.6001760828981215 10
    endloop
  endfacet
  facet normal 0.30070579950427373 0.9537169507482267 0
    outer loop
      vertex -0.8497967345311054 -2.615405419811672 2.5
      vertex -0.8497967345311054 -2.615405419811672 10
      vertex -0.8040221879875261 -2.6298380788983473 10
    endloop
  endfacet
  facet normal 0.2840153447039282 0.9588197348681915 0
    outer loop
      vertex -0.8040221879875261 -2.6298380788983473 2.5
      vertex -0.8040221879875261 -2.6298380788983473 10
      vertex -0.7580027284967477 -2.643469663830377 10
    endloop
  endfacet
  facet normal 0.267238376078253 0.9636304532086242 0
    outer loop
      vertex -0.7580027284967477 -2.643469663830377 2.5
      vertex -0.7580027284967477 -2.643469663830377 10
      vertex -0.711752374031932 -2.6562960222949377 10
    endloop
  endfacet
  facet normal 0.18223552549214905 0.9832549075639544 0
    outer loop
      vertex -0.5247247372854982 -2.6994747544810758 2.5
      vertex -0.5247247372854982 -2.6994747544810758 10
      vertex -0.4775324885840584 -2.708221320783572 10
    endloop
  endfacet
  facet normal 0.16504760586067863 0.9862856015372312 0
    outer loop
      vertex -0.4775324885840584 -2.708221320783572 2.5
      vertex -0.4775324885840584 -2.708221320783572 10
      vertex -0.4301947788606349 -2.7161429366366288 10
    endloop
  endfacet
  facet normal 0.14780941112961404 0.9890158633619163 0
    outer loop
      vertex -0.4301947788606349 -2.7161429366366288 2.5
      vertex -0.4301947788606349 -2.7161429366366288 10
      vertex -0.38272602764017993 -2.7232371890393186 10
    endloop
  endfacet
  facet normal 0.1305261922200489 0.9914448613738108 0
    outer loop
      vertex -0.38272602764017993 -2.7232371890393186 2.5
      vertex -0.38272602764017993 -2.7232371890393186 10
      vertex -0.33514069436415556 -2.7295019170136356 10
    endloop
  endfacet
  facet normal 0.11320321376790188 0.9935718556765881 0
    outer loop
      vertex -0.33514069436415556 -2.7295019170136356 2.5
      vertex -0.33514069436415556 -2.7295019170136356 10
      vertex -0.28745327398604703 -2.7349352122627515 10
    endloop
  endfacet
  facet normal 0.0958457525202251 0.9953961983671787 0
    outer loop
      vertex -0.28745327398604703 -2.7349352122627515 2.5
      vertex -0.28745327398604703 -2.7349352122627515 10
      vertex -0.23967829255605996 -2.7395354197523 10
    endloop
  endfacet
  facet normal 0.0784590957278437 0.996917333733128 0
    outer loop
      vertex -0.23967829255605996 -2.7395354197523 2.5
      vertex -0.23967829255605996 -2.7395354197523 10
      vertex -0.19183030279634458 -2.7433011382145165 10
    endloop
  endfacet
  facet normal 0.061048539534859156 0.9981347984218669 0
    outer loop
      vertex -0.19183030279634458 -2.7433011382145165 2.5
      vertex -0.19183030279634458 -2.7433011382145165 10
      vertex -0.14392387966809556 -2.746231220575078 10
    endloop
  endfacet
  facet normal 0.043619387365341294 0.9990482215818575 0
    outer loop
      vertex -0.14392387966809556 -2.746231220575078 2.5
      vertex -0.14392387966809556 -2.746231220575078 10
      vertex -0.09597361593187767 -2.7483247743025134 10
    endloop
  endfacet
  facet normal 0.026176948307872476 0.9996573249755574 0
    outer loop
      vertex -0.09597361593187767 -2.7483247743025134 2.5
      vertex -0.09597361593187767 -2.7483247743025134 10
      vertex -0.047994117702529655 -2.749581161680076 10
    endloop
  endfacet
  facet normal 0.008726535498371038 0.9999619230641714 0
    outer loop
      vertex -0.047994117702529655 -2.749581161680076 2.5
      vertex -0.047994117702529655 -2.749581161680076 10
      vertex 0 -2.75 10
    endloop
  endfacet
  facet normal 0.7372773368101216 0.6755902076156629 0
    outer loop
      vertex -2.043648270062834 -1.8401091674868602 2.5
      vertex -2.0112226794527186 -1.8754954901718708 10
      vertex -2.0112226794527186 -1.8754954901718708 2.5
    endloop
  endfacet
  facet normal 0.6883545756937507 0.7253743710122907 0
    outer loop
      vertex -1.9103105187622424 -1.9781844509312907 2.5
      vertex -1.8754954901718708 -2.0112226794527186 10
      vertex -1.8754954901718708 -2.0112226794527186 2.5
    endloop
  endfacet
  facet normal 0.7132504491541852 0.7009092642998472 0
    outer loop
      vertex -1.9445436482630059 -1.9445436482630059 2.5
      vertex -1.9781844509312907 -1.9103105187622424 2.5
      vertex -1.9445436482630059 -1.9445436482630059 10
    endloop
  endfacet
  facet normal 0.7253743710122907 0.6883545756937507 0
    outer loop
      vertex -2.0112226794527186 -1.8754954901718708 2.5
      vertex -1.9781844509312907 -1.9103105187622424 10
      vertex -1.9781844509312907 -1.9103105187622424 2.5
    endloop
  endfacet
  facet normal 0.7009092642998472 0.7132504491541852 0
    outer loop
      vertex -1.9445436482630059 -1.9445436482630059 2.5
      vertex -1.9103105187622424 -1.9781844509312907 10
      vertex -1.9103105187622424 -1.9781844509312907 2.5
    endloop
  endfacet
  facet normal 0.7716245833877142 0.6360782202777711 0
    outer loop
      vertex -2.13715139400667 -1.7306310753870529 2.5
      vertex -2.1066222185771895 -1.7676659266379828 10
      vertex -2.1066222185771895 -1.7676659266379828 2.5
    endloop
  endfacet
  facet normal 0.7604059656000373 0.6494480483301763 0
    outer loop
      vertex -2.1066222185771895 -1.7676659266379828 2.5
      vertex -2.075451345612623 -1.8041623297238951 10
      vertex -2.075451345612623 -1.8041623297238951 2.5
    endloop
  endfacet
  facet normal 0.7489557207889992 0.6626200482157408 0
    outer loop
      vertex -2.043648270062834 -1.8401091674868602 2.5
      vertex -2.075451345612623 -1.8041623297238951 2.5
      vertex -2.043648270062834 -1.8401091674868602 10
    endloop
  endfacet
  facet normal 0.6626200482157408 0.7489557207889992 0
    outer loop
      vertex -1.8401091674868602 -2.043648270062834 2.5
      vertex -1.8041623297238951 -2.075451345612623 10
      vertex -1.8041623297238951 -2.075451345612623 2.5
    endloop
  endfacet
  facet normal 0.6755902076156629 0.7372773368101216 0
    outer loop
      vertex -1.8401091674868602 -2.043648270062834 2.5
      vertex -1.8754954901718708 -2.0112226794527186 2.5
      vertex -1.8401091674868602 -2.043648270062834 10
    endloop
  endfacet
  facet normal 0.6494480483301763 0.7604059656000373 0
    outer loop
      vertex -1.8041623297238951 -2.075451345612623 2.5
      vertex -1.7676659266379828 -2.1066222185771895 10
      vertex -1.7676659266379828 -2.1066222185771895 2.5
    endloop
  endfacet
  facet normal 0.7253743710122907 0.6883545756937507 0
    outer loop
      vertex -2.0112226794527186 -1.8754954901718708 2.5
      vertex -2.0112226794527186 -1.8754954901718708 10
      vertex -1.9781844509312907 -1.9103105187622424 10
    endloop
  endfacet
  facet normal 0.6755902076156629 0.7372773368101216 0
    outer loop
      vertex -1.8754954901718708 -2.0112226794527186 2.5
      vertex -1.8754954901718708 -2.0112226794527186 10
      vertex -1.8401091674868602 -2.043648270062834 10
    endloop
  endfacet
  facet normal 0.7009092642998472 0.7132504491541852 0
    outer loop
      vertex -1.9445436482630059 -1.9445436482630059 2.5
      vertex -1.9445436482630059 -1.9445436482630059 10
      vertex -1.9103105187622424 -1.9781844509312907 10
    endloop
  endfacet
  facet normal 0.7132504491541852 0.7009092642998472 0
    outer loop
      vertex -1.9781844509312907 -1.9103105187622424 2.5
      vertex -1.9781844509312907 -1.9103105187622424 10
      vertex -1.9445436482630059 -1.9445436482630059 10
    endloop
  endfacet
  facet normal 0.6883545756937507 0.7253743710122907 0
    outer loop
      vertex -1.9103105187622424 -1.9781844509312907 2.5
      vertex -1.9103105187622424 -1.9781844509312907 10
      vertex -1.8754954901718708 -2.0112226794527186 10
    endloop
  endfacet
  facet normal 0.7489557207889992 0.6626200482157408 0
    outer loop
      vertex -2.075451345612623 -1.8041623297238951 2.5
      vertex -2.075451345612623 -1.8041623297238951 10
      vertex -2.043648270062834 -1.8401091674868602 10
    endloop
  endfacet
  facet normal 0.7604059656000373 0.6494480483301763 0
    outer loop
      vertex -2.1066222185771895 -1.7676659266379828 2.5
      vertex -2.1066222185771895 -1.7676659266379828 10
      vertex -2.075451345612623 -1.8041623297238951 10
    endloop
  endfacet
  facet normal 0.7372773368101216 0.6755902076156629 0
    outer loop
      vertex -2.043648270062834 -1.8401091674868602 2.5
      vertex -2.043648270062834 -1.8401091674868602 10
      vertex -2.0112226794527186 -1.8754954901718708 10
    endloop
  endfacet
  facet normal 0.6626200482157408 0.7489557207889992 0
    outer loop
      vertex -1.8401091674868602 -2.043648270062834 2.5
      vertex -1.8401091674868602 -2.043648270062834 10
      vertex -1.8041623297238951 -2.075451345612623 10
    endloop
  endfacet
  facet normal 0.6494480483301763 0.7604059656000373 0
    outer loop
      vertex -1.8041623297238951 -2.075451345612623 2.5
      vertex -1.8041623297238951 -2.075451345612623 10
      vertex -1.7676659266379828 -2.1066222185771895 10
    endloop
  endfacet
  facet normal 0.6360782202777711 0.7716245833877142 0
    outer loop
      vertex -1.7676659266379828 -2.1066222185771895 2.5
      vertex -1.7676659266379828 -2.1066222185771895 10
      vertex -1.7306310753870529 -2.13715139400667 10
    endloop
  endfacet
  facet normal 0.9999619230641714 -0.008726535498371038 0
    outer loop
      vertex -2.75 0 2.5
      vertex -2.749581161680076 0.047994117702529655 2.5
      vertex -2.75 0 10
    endloop
  endfacet
  facet normal 0.9996573249755574 -0.026176948307872476 0
    outer loop
      vertex -2.749581161680076 0.047994117702529655 2.5
      vertex -2.7483247743025134 0.09597361593187767 2.5
      vertex -2.749581161680076 0.047994117702529655 10
    endloop
  endfacet
  facet normal 0.9990482215818575 -0.043619387365341294 0
    outer loop
      vertex -2.7483247743025134 0.09597361593187767 2.5
      vertex -2.746231220575078 0.14392387966809556 2.5
      vertex -2.7483247743025134 0.09597361593187767 10
    endloop
  endfacet
  facet normal 0.9981347984218669 -0.061048539534859156 0
    outer loop
      vertex -2.746231220575078 0.14392387966809556 2.5
      vertex -2.7433011382145165 0.19183030279634458 2.5
      vertex -2.746231220575078 0.14392387966809556 10
    endloop
  endfacet
  facet normal 0.996917333733128 -0.0784590957278437 0
    outer loop
      vertex -2.7433011382145165 0.19183030279634458 2.5
      vertex -2.7395354197523 0.23967829255605996 2.5
      vertex -2.7433011382145165 0.19183030279634458 10
    endloop
  endfacet
  facet normal 0.9953961983671787 -0.0958457525202251 0
    outer loop
      vertex -2.7395354197523 0.23967829255605996 2.5
      vertex -2.7349352122627515 0.28745327398604703 2.5
      vertex -2.7395354197523 0.23967829255605996 10
    endloop
  endfacet
  facet normal 0.9935718556765881 -0.11320321376790188 0
    outer loop
      vertex -2.7349352122627515 0.28745327398604703 2.5
      vertex -2.7295019170136356 0.33514069436415556 2.5
      vertex -2.7349352122627515 0.28745327398604703 10
    endloop
  endfacet
  facet normal 0.9914448613738108 -0.1305261922200489 0
    outer loop
      vertex -2.7295019170136356 0.33514069436415556 2.5
      vertex -2.7232371890393186 0.38272602764017993 2.5
      vertex -2.7295019170136356 0.33514069436415556 10
    endloop
  endfacet
  facet normal 0.9890158633619163 -0.14780941112961404 0
    outer loop
      vertex -2.7232371890393186 0.38272602764017993 2.5
      vertex -2.7161429366366288 0.4301947788606349 2.5
      vertex -2.7232371890393186 0.38272602764017993 10
    endloop
  endfacet
  facet normal 0.9862856015372312 -0.16504760586067863 0
    outer loop
      vertex -2.7161429366366288 0.4301947788606349 2.5
      vertex -2.708221320783572 0.4775324885840584 2.5
      vertex -2.7161429366366288 0.4301947788606349 10
    endloop
  endfacet
  facet normal 0.9832549075639544 -0.18223552549214905 0
    outer loop
      vertex -2.708221320783572 0.4775324885840584 2.5
      vertex -2.6994747544810758 0.5247247372854982 2.5
      vertex -2.708221320783572 0.4775324885840584 10
    endloop
  endfacet
  facet normal 0.9799247046208306 -0.19936793441719203 0
    outer loop
      vertex -2.6994747544810758 0.5247247372854982 2.5
      vertex -2.6899059020179656 0.5717571497488382 2.5
      vertex -2.6994747544810758 0.5247247372854982 10
    endloop
  endfacet
  facet normal 0.9762960071199323 -0.21643961393810762 0
    outer loop
      vertex -2.6899059020179656 0.5717571497488382 2.5
      vertex -2.679517678159397 0.6186153994456287 2.5
      vertex -2.6899059020179656 0.5717571497488382 10
    endloop
  endfacet
  facet normal 0.9723699203976762 -0.2334453638559071 0
    outer loop
      vertex -2.679517678159397 0.6186153994456287 2.5
      vertex -2.66831324725899 0.6652852128990863 2.5
      vertex -2.679517678159397 0.6186153994456287 10
    endloop
  endfacet
  facet normal 0.968147640378108 -0.2503800040544405 0
    outer loop
      vertex -2.66831324725899 0.6652852128990863 2.5
      vertex -2.6562960222949377 0.711752374031932 2.5
      vertex -2.66831324725899 0.6652852128990863 10
    endloop
  endfacet
  facet normal 0.9636304532086242 -0.267238376078253 0
    outer loop
      vertex -2.6562960222949377 0.711752374031932 2.5
      vertex -2.643469663830377 0.7580027284967477 2.5
      vertex -2.6562960222949377 0.711752374031932 10
    endloop
  endfacet
  facet normal 0.9588197348681915 -0.2840153447039282 0
    outer loop
      vertex -2.643469663830377 0.7580027284967477 2.5
      vertex -2.6298380788983473 0.8040221879875261 2.5
      vertex -2.643469663830377 0.7580027284967477 10
    endloop
  endfacet
  facet normal 0.9537169507482267 -0.30070579950427373 0
    outer loop
      vertex -2.6298380788983473 0.8040221879875261 2.5
      vertex -2.615405419811672 0.8497967345311054 2.5
      vertex -2.6298380788983473 0.8040221879875261 10
    endloop
  endfacet
  facet normal 0.9483236552062029 -0.31730465640508154 0
    outer loop
      vertex -2.615405419811672 0.8497967345311054 2.5
      vertex -2.6001760828981215 0.8953124247571809 2.5
      vertex -2.615405419811672 0.8497967345311054 10
    endloop
  endfacet
  facet normal 0.9426414910921764 -0.3338068592337767 0
    outer loop
      vertex -2.6001760828981215 0.8953124247571809 2.5
      vertex -2.584154707161248 0.940555394145589 2.5
      vertex -2.6001760828981215 0.8953124247571809 10
    endloop
  endfacet
  facet normal 0.936672189248396 -0.35020738125947165 0
    outer loop
      vertex -2.584154707161248 0.940555394145589 2.5
      vertex -2.5673461728673046 0.9855118612495757 2.5
      vertex -2.584154707161248 0.940555394145589 10
    endloop
  endfacet
  facet normal 0.9304175679820252 -0.36650122672429575 0
    outer loop
      vertex -2.5673461728673046 0.9855118612495757 2.5
      vertex -2.549755600058665 1.030168131893758 2.5
      vertex -2.5673461728673046 0.9855118612495757 10
    endloop
  endfacet
  facet normal 0.9238795325112883 -0.3826834323650862 0
    outer loop
      vertex -2.549755600058665 1.030168131893758 2.5
      vertex -2.531388346994211 1.074510603345503 2.5
      vertex -2.549755600058665 1.030168131893758 10
    endloop
  endfacet
  facet normal 0.9170600743851218 -0.3987490689252514 0
    outer loop
      vertex -2.531388346994211 1.074510603345503 2.5
      vertex -2.512250008517152 1.1185257684584506 2.5
      vertex -2.531388346994211 1.074510603345503 10
    endloop
  endfacet
  facet normal 0.9099612708765452 -0.4146932426562347 0
    outer loop
      vertex -2.512250008517152 1.1185257684584506 2.5
      vertex -2.4923464143507874 1.1622002197869234 2.5
      vertex -2.512250008517152 1.1185257684584506 10
    endloop
  endfacet
  facet normal 0.9025852843498623 -0.4305110968082917 0
    outer loop
      vertex -2.4923464143507874 1.1622002197869234 2.5
      vertex -2.4716836273227094 1.205520653669963 2.5
      vertex -2.4923464143507874 1.1622002197869234 10
    endloop
  endfacet
  facet normal 0.8949343616020238 -0.4461978131098112 0
    outer loop
      vertex -2.4716836273227094 1.205520653669963 2.5
      vertex -2.4502679415180117 1.2484738742837536 2.5
      vertex -2.4716836273227094 1.205520653669963 10
    endloop
  endfacet
  facet normal 0.8870108331782243 -0.4617486132350289 0
    outer loop
      vertex -2.4502679415180117 1.2484738742837536 2.5
      vertex -2.4281058803620494 1.2910467976611997 2.5
      vertex -2.4502679415180117 1.2484738742837536 10
    endloop
  endfacet
  facet normal 0.8788171126619606 -0.47715876025961707 0
    outer loop
      vertex -2.4281058803620494 1.2910467976611997 2.5
      vertex -2.4052041946333382 1.333226455677427 2.5
      vertex -2.4281058803620494 1.2910467976611997 10
    endloop
  endfacet
  facet normal 0.8703556959399005 -0.4924235601034659 0
    outer loop
      vertex -2.4052041946333382 1.333226455677427 2.5
      vertex -2.381569860407206 1.375 2.5
      vertex -2.4052041946333382 1.333226455677427 10
    endloop
  endfacet
  facet normal 0.8616291604415283 -0.5075383629607 0
    outer loop
      vertex -2.381569860407206 1.375 2.5
      vertex -2.357210076930809 1.416354706002649 2.5
      vertex -2.381569860407206 1.375 10
    endloop
  endfacet
  facet normal 0.8526401643540878 -0.522498564715956 0
    outer loop
      vertex -2.357210076930809 1.416354706002649 2.5
      vertex -2.332132264430171 1.4572779766413135 2.5
      vertex -2.357210076930809 1.416354706002649 10
    endloop
  endfacet
  facet normal 0.8433914458128882 -0.53729960834682 0
    outer loop
      vertex -2.332132264430171 1.4572779766413135 2.5
      vertex -2.306344061849916 1.4977573462913245 2.5
      vertex -2.332132264430171 1.4572779766413135 10
    endloop
  endfacet
  facet normal 0.8338858220671689 -0.551936985312057 0
    outer loop
      vertex -2.306344061849916 1.4977573462913245 2.5
      vertex -2.2798533245263646 1.537780484544554 2.5
      vertex -2.306344061849916 1.4977573462913245 10
    endloop
  endfacet
  facet normal 0.8241261886220153 -0.5664062369248332 0
    outer loop
      vertex -2.2798533245263646 1.537780484544554 2.5
      vertex -2.2526681217947275 1.5773351999653766 2.5
      vertex -2.2798533245263646 1.537780484544554 10
    endloop
  endfacet
  facet normal 0.8141155183563219 -0.5807029557109362 0
    outer loop
      vertex -2.2526681217947275 1.5773351999653766 2.5
      vertex -2.2247967345311057 1.616409443804301 2.5
      vertex -2.2526681217947275 1.5773351999653766 10
    endloop
  endfacet
  facet normal 0.8038568606172146 -0.594822786751345 0
    outer loop
      vertex -2.2247967345311057 1.616409443804301 2.5
      vertex -2.1962476526300554 1.6549913136681327 2.5
      vertex -2.2247967345311057 1.616409443804301 10
    endloop
  endfacet
  facet normal 0.7933533402912347 -0.6087614290087212 0
    outer loop
      vertex -2.1962476526300554 1.6549913136681327 2.5
      vertex -2.1670295724184854 1.6930690571455602 2.5
      vertex -2.1962476526300554 1.6549913136681327 10
    endloop
  endfacet
  facet normal 0.782608156852416 -0.6225146366376167 0
    outer loop
      vertex -2.1670295724184854 1.6930690571455602 2.5
      vertex -2.13715139400667 1.7306310753870529 2.5
      vertex -2.1670295724184854 1.6930690571455602 10
    endloop
  endfacet
  facet normal 0.7716245833877142 -0.6360782202777711 0
    outer loop
      vertex -2.13715139400667 1.7306310753870529 2.5
      vertex -2.1066222185771895 1.7676659266379828 2.5
      vertex -2.13715139400667 1.7306310753870529 10
    endloop
  endfacet
  facet normal 0.9999619230641714 -0.008726535498371038 0
    outer loop
      vertex -2.749581161680076 0.047994117702529655 2.5
      vertex -2.749581161680076 0.047994117702529655 10
      vertex -2.75 0 10
    endloop
  endfacet
  facet normal 0.9996573249755574 -0.026176948307872476 0
    outer loop
      vertex -2.7483247743025134 0.09597361593187767 2.5
      vertex -2.7483247743025134 0.09597361593187767 10
      vertex -2.749581161680076 0.047994117702529655 10
    endloop
  endfacet
  facet normal 0.9990482215818575 -0.043619387365341294 0
    outer loop
      vertex -2.746231220575078 0.14392387966809556 2.5
      vertex -2.746231220575078 0.14392387966809556 10
      vertex -2.7483247743025134 0.09597361593187767 10
    endloop
  endfacet
  facet normal 0.9981347984218669 -0.061048539534859156 0
    outer loop
      vertex -2.7433011382145165 0.19183030279634458 2.5
      vertex -2.7433011382145165 0.19183030279634458 10
      vertex -2.746231220575078 0.14392387966809556 10
    endloop
  endfacet
  facet normal 0.996917333733128 -0.0784590957278437 0
    outer loop
      vertex -2.7395354197523 0.23967829255605996 2.5
      vertex -2.7395354197523 0.23967829255605996 10
      vertex -2.7433011382145165 0.19183030279634458 10
    endloop
  endfacet
  facet normal 0.9953961983671787 -0.0958457525202251 0
    outer loop
      vertex -2.7349352122627515 0.28745327398604703 2.5
      vertex -2.7349352122627515 0.28745327398604703 10
      vertex -2.7395354197523 0.23967829255605996 10
    endloop
  endfacet
  facet normal 0.9935718556765881 -0.11320321376790188 0
    outer loop
      vertex -2.7295019170136356 0.33514069436415556 2.5
      vertex -2.7295019170136356 0.33514069436415556 10
      vertex -2.7349352122627515 0.28745327398604703 10
    endloop
  endfacet
  facet normal 0.9914448613738108 -0.1305261922200489 0
    outer loop
      vertex -2.7232371890393186 0.38272602764017993 2.5
      vertex -2.7232371890393186 0.38272602764017993 10
      vertex -2.7295019170136356 0.33514069436415556 10
    endloop
  endfacet
  facet normal 0.9890158633619163 -0.14780941112961404 0
    outer loop
      vertex -2.7161429366366288 0.4301947788606349 2.5
      vertex -2.7161429366366288 0.4301947788606349 10
      vertex -2.7232371890393186 0.38272602764017993 10
    endloop
  endfacet
  facet normal 0.9862856015372312 -0.16504760586067863 0
    outer loop
      vertex -2.708221320783572 0.4775324885840584 2.5
      vertex -2.708221320783572 0.4775324885840584 10
      vertex -2.7161429366366288 0.4301947788606349 10
    endloop
  endfacet
  facet normal 0.9832549075639544 -0.18223552549214905 0
    outer loop
      vertex -2.6994747544810758 0.5247247372854982 2.5
      vertex -2.6994747544810758 0.5247247372854982 10
      vertex -2.708221320783572 0.4775324885840584 10
    endloop
  endfacet
  facet normal 0.9799247046208306 -0.19936793441719203 0
    outer loop
      vertex -2.6899059020179656 0.5717571497488382 2.5
      vertex -2.6899059020179656 0.5717571497488382 10
      vertex -2.6994747544810758 0.5247247372854982 10
    endloop
  endfacet
  facet normal 0.9762960071199323 -0.21643961393810762 0
    outer loop
      vertex -2.679517678159397 0.6186153994456287 2.5
      vertex -2.679517678159397 0.6186153994456287 10
      vertex -2.6899059020179656 0.5717571497488382 10
    endloop
  endfacet
  facet normal 0.9723699203976762 -0.2334453638559071 0
    outer loop
      vertex -2.66831324725899 0.6652852128990863 2.5
      vertex -2.66831324725899 0.6652852128990863 10
      vertex -2.679517678159397 0.6186153994456287 10
    endloop
  endfacet
  facet normal 0.968147640378108 -0.2503800040544405 0
    outer loop
      vertex -2.6562960222949377 0.711752374031932 2.5
      vertex -2.6562960222949377 0.711752374031932 10
      vertex -2.66831324725899 0.6652852128990863 10
    endloop
  endfacet
  facet normal 0.9636304532086242 -0.267238376078253 0
    outer loop
      vertex -2.643469663830377 0.7580027284967477 2.5
      vertex -2.643469663830377 0.7580027284967477 10
      vertex -2.6562960222949377 0.711752374031932 10
    endloop
  endfacet
  facet normal 0.9588197348681915 -0.2840153447039282 0
    outer loop
      vertex -2.6298380788983473 0.8040221879875261 2.5
      vertex -2.6298380788983473 0.8040221879875261 10
      vertex -2.643469663830377 0.7580027284967477 10
    endloop
  endfacet
  facet normal 0.9537169507482267 -0.30070579950427373 0
    outer loop
      vertex -2.615405419811672 0.8497967345311054 2.5
      vertex -2.615405419811672 0.8497967345311054 10
      vertex -2.6298380788983473 0.8040221879875261 10
    endloop
  endfacet
  facet normal 0.9483236552062029 -0.31730465640508154 0
    outer loop
      vertex -2.6001760828981215 0.8953124247571809 2.5
      vertex -2.6001760828981215 0.8953124247571809 10
      vertex -2.615405419811672 0.8497967345311054 10
    endloop
  endfacet
  facet normal 0.9426414910921764 -0.3338068592337767 0
    outer loop
      vertex -2.584154707161248 0.940555394145589 2.5
      vertex -2.584154707161248 0.940555394145589 10
      vertex -2.6001760828981215 0.8953124247571809 10
    endloop
  endfacet
  facet normal 0.936672189248396 -0.35020738125947165 0
    outer loop
      vertex -2.5673461728673046 0.9855118612495757 2.5
      vertex -2.5673461728673046 0.9855118612495757 10
      vertex -2.584154707161248 0.940555394145589 10
    endloop
  endfacet
  facet normal 0.9304175679820252 -0.36650122672429575 0
    outer loop
      vertex -2.549755600058665 1.030168131893758 2.5
      vertex -2.549755600058665 1.030168131893758 10
      vertex -2.5673461728673046 0.9855118612495757 10
    endloop
  endfacet
  facet normal 0.9238795325112883 -0.3826834323650862 0
    outer loop
      vertex -2.531388346994211 1.074510603345503 2.5
      vertex -2.531388346994211 1.074510603345503 10
      vertex -2.549755600058665 1.030168131893758 10
    endloop
  endfacet
  facet normal 0.9170600743851218 -0.3987490689252514 0
    outer loop
      vertex -2.512250008517152 1.1185257684584506 2.5
      vertex -2.512250008517152 1.1185257684584506 10
      vertex -2.531388346994211 1.074510603345503 10
    endloop
  endfacet
  facet normal 0.9099612708765452 -0.4146932426562347 0
    outer loop
      vertex -2.4923464143507874 1.1622002197869234 2.5
      vertex -2.4923464143507874 1.1622002197869234 10
      vertex -2.512250008517152 1.1185257684584506 10
    endloop
  endfacet
  facet normal 0.9025852843498623 -0.4305110968082917 0
    outer loop
      vertex -2.4716836273227094 1.205520653669963 2.5
      vertex -2.4716836273227094 1.205520653669963 10
      vertex -2.4923464143507874 1.1622002197869234 10
    endloop
  endfacet
  facet normal 0.8949343616020238 -0.4461978131098112 0
    outer loop
      vertex -2.4502679415180117 1.2484738742837536 2.5
      vertex -2.4502679415180117 1.2484738742837536 10
      vertex -2.4716836273227094 1.205520653669963 10
    endloop
  endfacet
  facet normal 0.8870108331782243 -0.4617486132350289 0
    outer loop
      vertex -2.4281058803620494 1.2910467976611997 2.5
      vertex -2.4281058803620494 1.2910467976611997 10
      vertex -2.4502679415180117 1.2484738742837536 10
    endloop
  endfacet
  facet normal 0.8788171126619606 -0.47715876025961707 0
    outer loop
      vertex -2.4052041946333382 1.333226455677427 2.5
      vertex -2.4052041946333382 1.333226455677427 10
      vertex -2.4281058803620494 1.2910467976611997 10
    endloop
  endfacet
  facet normal 0.8703556959399005 -0.4924235601034659 0
    outer loop
      vertex -2.381569860407206 1.375 2.5
      vertex -2.381569860407206 1.375 10
      vertex -2.4052041946333382 1.333226455677427 10
    endloop
  endfacet
  facet normal 0.8616291604415283 -0.5075383629607 0
    outer loop
      vertex -2.357210076930809 1.416354706002649 2.5
      vertex -2.357210076930809 1.416354706002649 10
      vertex -2.381569860407206 1.375 10
    endloop
  endfacet
  facet normal 0.8526401643540878 -0.522498564715956 0
    outer loop
      vertex -2.332132264430171 1.4572779766413135 2.5
      vertex -2.332132264430171 1.4572779766413135 10
      vertex -2.357210076930809 1.416354706002649 10
    endloop
  endfacet
  facet normal 0.8433914458128882 -0.53729960834682 0
    outer loop
      vertex -2.306344061849916 1.4977573462913245 2.5
      vertex -2.306344061849916 1.4977573462913245 10
      vertex -2.332132264430171 1.4572779766413135 10
    endloop
  endfacet
  facet normal 0.8338858220671689 -0.551936985312057 0
    outer loop
      vertex -2.2798533245263646 1.537780484544554 2.5
      vertex -2.2798533245263646 1.537780484544554 10
      vertex -2.306344061849916 1.4977573462913245 10
    endloop
  endfacet
  facet normal 0.8241261886220153 -0.5664062369248332 0
    outer loop
      vertex -2.2526681217947275 1.5773351999653766 2.5
      vertex -2.2526681217947275 1.5773351999653766 10
      vertex -2.2798533245263646 1.537780484544554 10
    endloop
  endfacet
  facet normal 0.8141155183563219 -0.5807029557109362 0
    outer loop
      vertex -2.2247967345311057 1.616409443804301 2.5
      vertex -2.2247967345311057 1.616409443804301 10
      vertex -2.2526681217947275 1.5773351999653766 10
    endloop
  endfacet
  facet normal 0.8038568606172146 -0.594822786751345 0
    outer loop
      vertex -2.1962476526300554 1.6549913136681327 2.5
      vertex -2.1962476526300554 1.6549913136681327 10
      vertex -2.2247967345311057 1.616409443804301 10
    endloop
  endfacet
  facet normal 0.7933533402912347 -0.6087614290087212 0
    outer loop
      vertex -2.1670295724184854 1.6930690571455602 2.5
      vertex -2.1670295724184854 1.6930690571455602 10
      vertex -2.1962476526300554 1.6549913136681327 10
    endloop
  endfacet
  facet normal 0.782608156852416 -0.6225146366376167 0
    outer loop
      vertex -2.13715139400667 1.7306310753870529 2.5
      vertex -2.13715139400667 1.7306310753870529 10
      vertex -2.1670295724184854 1.6930690571455602 10
    endloop
  endfacet
  facet normal 0.7604059656000373 -0.6494480483301763 0
    outer loop
      vertex -2.1066222185771895 1.7676659266379828 2.5
      vertex -2.075451345612623 1.8041623297238951 2.5
      vertex -2.1066222185771895 1.7676659266379828 10
    endloop
  endfacet
  facet normal 0.7489557207889992 -0.6626200482157408 0
    outer loop
      vertex -2.075451345612623 1.8041623297238951 2.5
      vertex -2.043648270062834 1.8401091674868602 2.5
      vertex -2.075451345612623 1.8041623297238951 10
    endloop
  endfacet
  facet normal 0.7372773368101216 -0.6755902076156629 0
    outer loop
      vertex -2.043648270062834 1.8401091674868602 2.5
      vertex -2.0112226794527186 1.8754954901718708 2.5
      vertex -2.043648270062834 1.8401091674868602 10
    endloop
  endfacet
  facet normal 0.7253743710122907 -0.6883545756937507 0
    outer loop
      vertex -2.0112226794527186 1.8754954901718708 2.5
      vertex -1.9781844509312907 1.9103105187622424 2.5
      vertex -2.0112226794527186 1.8754954901718708 10
    endloop
  endfacet
  facet normal 0.7132504491541852 -0.7009092642998472 0
    outer loop
      vertex -1.9781844509312907 1.9103105187622424 2.5
      vertex -1.9445436482630059 1.9445436482630059 2.5
      vertex -1.9781844509312907 1.9103105187622424 10
    endloop
  endfacet
  facet normal 0.7009092642998472 -0.7132504491541852 0
    outer loop
      vertex -1.9445436482630059 1.9445436482630059 2.5
      vertex -1.9103105187622424 1.9781844509312907 2.5
      vertex -1.9445436482630059 1.9445436482630059 10
    endloop
  endfacet
  facet normal 0.6883545756937507 -0.7253743710122907 0
    outer loop
      vertex -1.9103105187622424 1.9781844509312907 2.5
      vertex -1.8754954901718708 2.0112226794527186 2.5
      vertex -1.9103105187622424 1.9781844509312907 10
    endloop
  endfacet
  facet normal 0.6755902076156629 -0.7372773368101216 0
    outer loop
      vertex -1.8754954901718708 2.0112226794527186 2.5
      vertex -1.8401091674868602 2.043648270062834 2.5
      vertex -1.8754954901718708 2.0112226794527186 10
    endloop
  endfacet
  facet normal 0.6626200482157408 -0.7489557207889992 0
    outer loop
      vertex -1.8401091674868602 2.043648270062834 2.5
      vertex -1.8041623297238951 2.075451345612623 2.5
      vertex -1.8401091674868602 2.043648270062834 10
    endloop
  endfacet
  facet normal 0.6494480483301763 -0.7604059656000373 0
    outer loop
      vertex -1.8041623297238951 2.075451345612623 2.5
      vertex -1.7676659266379828 2.1066222185771895 2.5
      vertex -1.8041623297238951 2.075451345612623 10
    endloop
  endfacet
  facet normal 0.6360782202777711 -0.7716245833877142 0
    outer loop
      vertex -1.7676659266379828 2.1066222185771895 2.5
      vertex -1.7306310753870529 2.13715139400667 2.5
      vertex -1.7676659266379828 2.1066222185771895 10
    endloop
  endfacet
  facet normal 0.7716245833877142 -0.6360782202777711 0
    outer loop
      vertex -2.1066222185771895 1.7676659266379828 2.5
      vertex -2.1066222185771895 1.7676659266379828 10
      vertex -2.13715139400667 1.7306310753870529 10
    endloop
  endfacet
  facet normal 0.7604059656000373 -0.6494480483301763 0
    outer loop
      vertex -2.075451345612623 1.8041623297238951 2.5
      vertex -2.075451345612623 1.8041623297238951 10
      vertex -2.1066222185771895 1.7676659266379828 10
    endloop
  endfacet
  facet normal 0.7489557207889992 -0.6626200482157408 0
    outer loop
      vertex -2.043648270062834 1.8401091674868602 2.5
      vertex -2.043648270062834 1.8401091674868602 10
      vertex -2.075451345612623 1.8041623297238951 10
    endloop
  endfacet
  facet normal 0.7372773368101216 -0.6755902076156629 0
    outer loop
      vertex -2.0112226794527186 1.8754954901718708 2.5
      vertex -2.0112226794527186 1.8754954901718708 10
      vertex -2.043648270062834 1.8401091674868602 10
    endloop
  endfacet
  facet normal 0.7253743710122907 -0.6883545756937507 0
    outer loop
      vertex -1.9781844509312907 1.9103105187622424 2.5
      vertex -1.9781844509312907 1.9103105187622424 10
      vertex -2.0112226794527186 1.8754954901718708 10
    endloop
  endfacet
  facet normal 0.7132504491541852 -0.7009092642998472 0
    outer loop
      vertex -1.9445436482630059 1.9445436482630059 2.5
      vertex -1.9445436482630059 1.9445436482630059 10
      vertex -1.9781844509312907 1.9103105187622424 10
    endloop
  endfacet
  facet normal 0.7009092642998472 -0.7132504491541852 0
    outer loop
      vertex -1.9103105187622424 1.9781844509312907 2.5
      vertex -1.9103105187622424 1.9781844509312907 10
      vertex -1.9445436482630059 1.9445436482630059 10
    endloop
  endfacet
  facet normal 0.6883545756937507 -0.7253743710122907 0
    outer loop
      vertex -1.8754954901718708 2.0112226794527186 2.5
      vertex -1.8754954901718708 2.0112226794527186 10
      vertex -1.9103105187622424 1.9781844509312907 10
    endloop
  endfacet
  facet normal 0.6755902076156629 -0.7372773368101216 0
    outer loop
      vertex -1.8401091674868602 2.043648270062834 2.5
      vertex -1.8401091674868602 2.043648270062834 10
      vertex -1.8754954901718708 2.0112226794527186 10
    endloop
  endfacet
  facet normal 0.6626200482157408 -0.7489557207889992 0
    outer loop
      vertex -1.8041623297238951 2.075451345612623 2.5
      vertex -1.8041623297238951 2.075451345612623 10
      vertex -1.8401091674868602 2.043648270062834 10
    endloop
  endfacet
  facet normal 0.6494480483301763 -0.7604059656000373 0
    outer loop
      vertex -1.7676659266379828 2.1066222185771895 2.5
      vertex -1.7676659266379828 2.1066222185771895 10
      vertex -1.8041623297238951 2.075451345612623 10
    endloop
  endfacet
  facet normal 0.6225146366376167 -0.782608156852416 0
    outer loop
      vertex -1.7306310753870529 2.13715139400667 2.5
      vertex -1.6930690571455602 2.1670295724184854 2.5
      vertex -1.7306310753870529 2.13715139400667 10
    endloop
  endfacet
  facet normal 0.6087614290087212 -0.7933533402912347 0
    outer loop
      vertex -1.6930690571455602 2.1670295724184854 2.5
      vertex -1.6549913136681327 2.1962476526300554 2.5
      vertex -1.6930690571455602 2.1670295724184854 10
    endloop
  endfacet
  facet normal 0.594822786751345 -0.8038568606172146 0
    outer loop
      vertex -1.6549913136681327 2.1962476526300554 2.5
      vertex -1.616409443804301 2.2247967345311057 2.5
      vertex -1.6549913136681327 2.1962476526300554 10
    endloop
  endfacet
  facet normal 0.5807029557109362 -0.8141155183563219 0
    outer loop
      vertex -1.616409443804301 2.2247967345311057 2.5
      vertex -1.5773351999653766 2.2526681217947275 2.5
      vertex -1.616409443804301 2.2247967345311057 10
    endloop
  endfacet
  facet normal 0.5664062369248332 -0.8241261886220153 0
    outer loop
      vertex -1.5773351999653766 2.2526681217947275 2.5
      vertex -1.537780484544554 2.2798533245263646 2.5
      vertex -1.5773351999653766 2.2526681217947275 10
    endloop
  endfacet
  facet normal 0.551936985312057 -0.8338858220671689 0
    outer loop
      vertex -1.537780484544554 2.2798533245263646 2.5
      vertex -1.4977573462913245 2.306344061849916 2.5
      vertex -1.537780484544554 2.2798533245263646 10
    endloop
  endfacet
  facet normal 0.53729960834682 -0.8433914458128882 0
    outer loop
      vertex -1.4977573462913245 2.306344061849916 2.5
      vertex -1.4572779766413135 2.332132264430171 2.5
      vertex -1.4977573462913245 2.306344061849916 10
    endloop
  endfacet
  facet normal 0.522498564715956 -0.8526401643540878 0
    outer loop
      vertex -1.4572779766413135 2.332132264430171 2.5
      vertex -1.416354706002649 2.357210076930809 2.5
      vertex -1.4572779766413135 2.332132264430171 10
    endloop
  endfacet
  facet normal 0.5075383629607 -0.8616291604415283 0
    outer loop
      vertex -1.416354706002649 2.357210076930809 2.5
      vertex -1.375 2.381569860407206 2.5
      vertex -1.416354706002649 2.357210076930809 10
    endloop
  endfacet
  facet normal 0.4924235601034659 -0.8703556959399005 0
    outer loop
      vertex -1.375 2.381569860407206 2.5
      vertex -1.333226455677427 2.4052041946333382 2.5
      vertex -1.375 2.381569860407206 10
    endloop
  endfacet
  facet normal 0.47715876025961707 -0.8788171126619606 0
    outer loop
      vertex -1.333226455677427 2.4052041946333382 2.5
      vertex -1.2910467976611997 2.4281058803620494 2.5
      vertex -1.333226455677427 2.4052041946333382 10
    endloop
  endfacet
  facet normal 0.4617486132350289 -0.8870108331782243 0
    outer loop
      vertex -1.2910467976611997 2.4281058803620494 2.5
      vertex -1.2484738742837536 2.4502679415180117 2.5
      vertex -1.2910467976611997 2.4281058803620494 10
    endloop
  endfacet
  facet normal 0.4461978131098112 -0.8949343616020238 0
    outer loop
      vertex -1.2484738742837536 2.4502679415180117 2.5
      vertex -1.205520653669963 2.4716836273227094 2.5
      vertex -1.2484738742837536 2.4502679415180117 10
    endloop
  endfacet
  facet normal 0.4305110968082917 -0.9025852843498623 0
    outer loop
      vertex -1.205520653669963 2.4716836273227094 2.5
      vertex -1.1622002197869234 2.4923464143507874 2.5
      vertex -1.205520653669963 2.4716836273227094 10
    endloop
  endfacet
  facet normal 0.4146932426562347 -0.9099612708765452 0
    outer loop
      vertex -1.1622002197869234 2.4923464143507874 2.5
      vertex -1.1185257684584506 2.512250008517152 2.5
      vertex -1.1622002197869234 2.4923464143507874 10
    endloop
  endfacet
  facet normal 0.3987490689252514 -0.9170600743851218 0
    outer loop
      vertex -1.1185257684584506 2.512250008517152 2.5
      vertex -1.074510603345503 2.531388346994211 2.5
      vertex -1.1185257684584506 2.512250008517152 10
    endloop
  endfacet
  facet normal 0.3826834323650862 -0.9238795325112883 0
    outer loop
      vertex -1.074510603345503 2.531388346994211 2.5
      vertex -1.030168131893758 2.549755600058665 2.5
      vertex -1.074510603345503 2.531388346994211 10
    endloop
  endfacet
  facet normal 0.36650122672429575 -0.9304175679820252 0
    outer loop
      vertex -1.030168131893758 2.549755600058665 2.5
      vertex -0.9855118612495757 2.5673461728673046 2.5
      vertex -1.030168131893758 2.549755600058665 10
    endloop
  endfacet
  facet normal 0.35020738125947165 -0.936672189248396 0
    outer loop
      vertex -0.9855118612495757 2.5673461728673046 2.5
      vertex -0.940555394145589 2.584154707161248 2.5
      vertex -0.9855118612495757 2.5673461728673046 10
    endloop
  endfacet
  facet normal 0.3338068592337767 -0.9426414910921764 0
    outer loop
      vertex -0.940555394145589 2.584154707161248 2.5
      vertex -0.8953124247571809 2.6001760828981215 2.5
      vertex -0.940555394145589 2.584154707161248 10
    endloop
  endfacet
  facet normal 0.31730465640508154 -0.9483236552062029 0
    outer loop
      vertex -0.8953124247571809 2.6001760828981215 2.5
      vertex -0.8497967345311054 2.615405419811672 2.5
      vertex -0.8953124247571809 2.6001760828981215 10
    endloop
  endfacet
  facet normal 0.30070579950427373 -0.9537169507482267 0
    outer loop
      vertex -0.8497967345311054 2.615405419811672 2.5
      vertex -0.8040221879875261 2.6298380788983473 2.5
      vertex -0.8497967345311054 2.615405419811672 10
    endloop
  endfacet
  facet normal 0.2840153447039282 -0.9588197348681915 0
    outer loop
      vertex -0.8040221879875261 2.6298380788983473 2.5
      vertex -0.7580027284967477 2.643469663830377 2.5
      vertex -0.8040221879875261 2.6298380788983473 10
    endloop
  endfacet
  facet normal 0.267238376078253 -0.9636304532086242 0
    outer loop
      vertex -0.7580027284967477 2.643469663830377 2.5
      vertex -0.711752374031932 2.6562960222949377 2.5
      vertex -0.7580027284967477 2.643469663830377 10
    endloop
  endfacet
  facet normal 0.2503800040544405 -0.968147640378108 0
    outer loop
      vertex -0.711752374031932 2.6562960222949377 2.5
      vertex -0.6652852128990863 2.66831324725899 2.5
      vertex -0.711752374031932 2.6562960222949377 10
    endloop
  endfacet
  facet normal 0.2334453638559071 -0.9723699203976762 0
    outer loop
      vertex -0.6652852128990863 2.66831324725899 2.5
      vertex -0.6186153994456287 2.679517678159397 2.5
      vertex -0.6652852128990863 2.66831324725899 10
    endloop
  endfacet
  facet normal 0.21643961393810762 -0.9762960071199323 0
    outer loop
      vertex -0.6186153994456287 2.679517678159397 2.5
      vertex -0.5717571497488382 2.6899059020179656 2.5
      vertex -0.6186153994456287 2.679517678159397 10
    endloop
  endfacet
  facet normal 0.19936793441719203 -0.9799247046208306 0
    outer loop
      vertex -0.5717571497488382 2.6899059020179656 2.5
      vertex -0.5247247372854982 2.6994747544810758 2.5
      vertex -0.5717571497488382 2.6899059020179656 10
    endloop
  endfacet
  facet normal 0.18223552549214905 -0.9832549075639544 0
    outer loop
      vertex -0.5247247372854982 2.6994747544810758 2.5
      vertex -0.4775324885840584 2.708221320783572 2.5
      vertex -0.5247247372854982 2.6994747544810758 10
    endloop
  endfacet
  facet normal 0.16504760586067863 -0.9862856015372312 0
    outer loop
      vertex -0.4775324885840584 2.708221320783572 2.5
      vertex -0.4301947788606349 2.7161429366366288 2.5
      vertex -0.4775324885840584 2.708221320783572 10
    endloop
  endfacet
  facet normal 0.14780941112961404 -0.9890158633619163 0
    outer loop
      vertex -0.4301947788606349 2.7161429366366288 2.5
      vertex -0.38272602764017993 2.7232371890393186 2.5
      vertex -0.4301947788606349 2.7161429366366288 10
    endloop
  endfacet
  facet normal 0.1305261922200489 -0.9914448613738108 0
    outer loop
      vertex -0.38272602764017993 2.7232371890393186 2.5
      vertex -0.33514069436415556 2.7295019170136356 2.5
      vertex -0.38272602764017993 2.7232371890393186 10
    endloop
  endfacet
  facet normal 0.11320321376790188 -0.9935718556765881 0
    outer loop
      vertex -0.33514069436415556 2.7295019170136356 2.5
      vertex -0.28745327398604703 2.7349352122627515 2.5
      vertex -0.33514069436415556 2.7295019170136356 10
    endloop
  endfacet
  facet normal 0.0958457525202251 -0.9953961983671787 0
    outer loop
      vertex -0.28745327398604703 2.7349352122627515 2.5
      vertex -0.23967829255605996 2.7395354197523 2.5
      vertex -0.28745327398604703 2.7349352122627515 10
    endloop
  endfacet
  facet normal 0.0784590957278437 -0.996917333733128 0
    outer loop
      vertex -0.23967829255605996 2.7395354197523 2.5
      vertex -0.19183030279634458 2.7433011382145165 2.5
      vertex -0.23967829255605996 2.7395354197523 10
    endloop
  endfacet
  facet normal 0.061048539534859156 -0.9981347984218669 0
    outer loop
      vertex -0.19183030279634458 2.7433011382145165 2.5
      vertex -0.14392387966809556 2.746231220575078 2.5
      vertex -0.19183030279634458 2.7433011382145165 10
    endloop
  endfacet
  facet normal 0.043619387365341294 -0.9990482215818575 0
    outer loop
      vertex -0.14392387966809556 2.746231220575078 2.5
      vertex -0.09597361593187767 2.7483247743025134 2.5
      vertex -0.14392387966809556 2.746231220575078 10
    endloop
  endfacet
  facet normal 0.026176948307872476 -0.9996573249755574 0
    outer loop
      vertex -0.09597361593187767 2.7483247743025134 2.5
      vertex -0.047994117702529655 2.749581161680076 2.5
      vertex -0.09597361593187767 2.7483247743025134 10
    endloop
  endfacet
  facet normal 0.008726535498371038 -0.9999619230641714 0
    outer loop
      vertex -0.047994117702529655 2.749581161680076 2.5
      vertex 0 2.75 2.5
      vertex -0.047994117702529655 2.749581161680076 10
    endloop
  endfacet
  facet normal 0.6360782202777711 -0.7716245833877142 0
    outer loop
      vertex -1.7306310753870529 2.13715139400667 2.5
      vertex -1.7306310753870529 2.13715139400667 10
      vertex -1.7676659266379828 2.1066222185771895 10
    endloop
  endfacet
  facet normal 0.6225146366376167 -0.782608156852416 0
    outer loop
      vertex -1.6930690571455602 2.1670295724184854 2.5
      vertex -1.6930690571455602 2.1670295724184854 10
      vertex -1.7306310753870529 2.13715139400667 10
    endloop
  endfacet
  facet normal 0.6087614290087212 -0.7933533402912347 0
    outer loop
      vertex -1.6549913136681327 2.1962476526300554 2.5
      vertex -1.6549913136681327 2.1962476526300554 10
      vertex -1.6930690571455602 2.1670295724184854 10
    endloop
  endfacet
  facet normal 0.594822786751345 -0.8038568606172146 0
    outer loop
      vertex -1.616409443804301 2.2247967345311057 2.5
      vertex -1.616409443804301 2.2247967345311057 10
      vertex -1.6549913136681327 2.1962476526300554 10
    endloop
  endfacet
  facet normal 0.5807029557109362 -0.8141155183563219 0
    outer loop
      vertex -1.5773351999653766 2.2526681217947275 2.5
      vertex -1.5773351999653766 2.2526681217947275 10
      vertex -1.616409443804301 2.2247967345311057 10
    endloop
  endfacet
  facet normal 0.5664062369248332 -0.8241261886220153 0
    outer loop
      vertex -1.537780484544554 2.2798533245263646 2.5
      vertex -1.537780484544554 2.2798533245263646 10
      vertex -1.5773351999653766 2.2526681217947275 10
    endloop
  endfacet
  facet normal 0.551936985312057 -0.8338858220671689 0
    outer loop
      vertex -1.4977573462913245 2.306344061849916 2.5
      vertex -1.4977573462913245 2.306344061849916 10
      vertex -1.537780484544554 2.2798533245263646 10
    endloop
  endfacet
  facet normal 0.53729960834682 -0.8433914458128882 0
    outer loop
      vertex -1.4572779766413135 2.332132264430171 2.5
      vertex -1.4572779766413135 2.332132264430171 10
      vertex -1.4977573462913245 2.306344061849916 10
    endloop
  endfacet
  facet normal 0.522498564715956 -0.8526401643540878 0
    outer loop
      vertex -1.416354706002649 2.357210076930809 2.5
      vertex -1.416354706002649 2.357210076930809 10
      vertex -1.4572779766413135 2.332132264430171 10
    endloop
  endfacet
  facet normal 0.5075383629607 -0.8616291604415283 0
    outer loop
      vertex -1.375 2.381569860407206 2.5
      vertex -1.375 2.381569860407206 10
      vertex -1.416354706002649 2.357210076930809 10
    endloop
  endfacet
  facet normal 0.4924235601034659 -0.8703556959399005 0
    outer loop
      vertex -1.333226455677427 2.4052041946333382 2.5
      vertex -1.333226455677427 2.4052041946333382 10
      vertex -1.375 2.381569860407206 10
    endloop
  endfacet
  facet normal 0.47715876025961707 -0.8788171126619606 0
    outer loop
      vertex -1.2910467976611997 2.4281058803620494 2.5
      vertex -1.2910467976611997 2.4281058803620494 10
      vertex -1.333226455677427 2.4052041946333382 10
    endloop
  endfacet
  facet normal 0.4617486132350289 -0.8870108331782243 0
    outer loop
      vertex -1.2484738742837536 2.4502679415180117 2.5
      vertex -1.2484738742837536 2.4502679415180117 10
      vertex -1.2910467976611997 2.4281058803620494 10
    endloop
  endfacet
  facet normal 0.4461978131098112 -0.8949343616020238 0
    outer loop
      vertex -1.205520653669963 2.4716836273227094 2.5
      vertex -1.205520653669963 2.4716836273227094 10
      vertex -1.2484738742837536 2.4502679415180117 10
    endloop
  endfacet
  facet normal 0.4305110968082917 -0.9025852843498623 0
    outer loop
      vertex -1.1622002197869234 2.4923464143507874 2.5
      vertex -1.1622002197869234 2.4923464143507874 10
      vertex -1.205520653669963 2.4716836273227094 10
    endloop
  endfacet
  facet normal 0.4146932426562347 -0.9099612708765452 0
    outer loop
      vertex -1.1185257684584506 2.512250008517152 2.5
      vertex -1.1185257684584506 2.512250008517152 10
      vertex -1.1622002197869234 2.4923464143507874 10
    endloop
  endfacet
  facet normal 0.3987490689252514 -0.9170600743851218 0
    outer loop
      vertex -1.074510603345503 2.531388346994211 2.5
      vertex -1.074510603345503 2.531388346994211 10
      vertex -1.1185257684584506 2.512250008517152 10
    endloop
  endfacet
  facet normal 0.3826834323650862 -0.9238795325112883 0
    outer loop
      vertex -1.030168131893758 2.549755600058665 2.5
      vertex -1.030168131893758 2.549755600058665 10
      vertex -1.074510603345503 2.531388346994211 10
    endloop
  endfacet
  facet normal 0.36650122672429575 -0.9304175679820252 0
    outer loop
      vertex -0.9855118612495757 2.5673461728673046 2.5
      vertex -0.9855118612495757 2.5673461728673046 10
      vertex -1.030168131893758 2.549755600058665 10
    endloop
  endfacet
  facet normal 0.35020738125947165 -0.936672189248396 0
    outer loop
      vertex -0.940555394145589 2.584154707161248 2.5
      vertex -0.940555394145589 2.584154707161248 10
      vertex -0.9855118612495757 2.5673461728673046 10
    endloop
  endfacet
  facet normal 0.3338068592337767 -0.9426414910921764 0
    outer loop
      vertex -0.8953124247571809 2.6001760828981215 2.5
      vertex -0.8953124247571809 2.6001760828981215 10
      vertex -0.940555394145589 2.584154707161248 10
    endloop
  endfacet
  facet normal 0.31730465640508154 -0.9483236552062029 0
    outer loop
      vertex -0.8497967345311054 2.615405419811672 2.5
      vertex -0.8497967345311054 2.615405419811672 10
      vertex -0.8953124247571809 2.6001760828981215 10
    endloop
  endfacet
  facet normal 0.30070579950427373 -0.9537169507482267 0
    outer loop
      vertex -0.8040221879875261 2.6298380788983473 2.5
      vertex -0.8040221879875261 2.6298380788983473 10
      vertex -0.8497967345311054 2.615405419811672 10
    endloop
  endfacet
  facet normal 0.2840153447039282 -0.9588197348681915 0
    outer loop
      vertex -0.7580027284967477 2.643469663830377 2.5
      vertex -0.7580027284967477 2.643469663830377 10
      vertex -0.8040221879875261 2.6298380788983473 10
    endloop
  endfacet
  facet normal 0.267238376078253 -0.9636304532086242 0
    outer loop
      vertex -0.711752374031932 2.6562960222949377 2.5
      vertex -0.711752374031932 2.6562960222949377 10
      vertex -0.7580027284967477 2.643469663830377 10
    endloop
  endfacet
  facet normal 0.2503800040544405 -0.968147640378108 0
    outer loop
      vertex -0.6652852128990863 2.66831324725899 2.5
      vertex -0.6652852128990863 2.66831324725899 10
      vertex -0.711752374031932 2.6562960222949377 10
    endloop
  endfacet
  facet normal 0.2334453638559071 -0.9723699203976762 0
    outer loop
      vertex -0.6186153994456287 2.679517678159397 2.5
      vertex -0.6186153994456287 2.679517678159397 10
      vertex -0.6652852128990863 2.66831324725899 10
    endloop
  endfacet
  facet normal 0.21643961393810762 -0.9762960071199323 0
    outer loop
      vertex -0.5717571497488382 2.6899059020179656 2.5
      vertex -0.5717571497488382 2.6899059020179656 10
      vertex -0.6186153994456287 2.679517678159397 10
    endloop
  endfacet
  facet normal 0.19936793441719203 -0.9799247046208306 0
    outer loop
      vertex -0.5247247372854982 2.6994747544810758 2.5
      vertex -0.5247247372854982 2.6994747544810758 10
      vertex -0.5717571497488382 2.6899059020179656 10
    endloop
  endfacet
  facet normal 0.18223552549214905 -0.9832549075639544 0
    outer loop
      vertex -0.4775324885840584 2.708221320783572 2.5
      vertex -0.4775324885840584 2.708221320783572 10
      vertex -0.5247247372854982 2.6994747544810758 10
    endloop
  endfacet
  facet normal 0.16504760586067863 -0.9862856015372312 0
    outer loop
      vertex -0.4301947788606349 2.7161429366366288 2.5
      vertex -0.4301947788606349 2.7161429366366288 10
      vertex -0.4775324885840584 2.708221320783572 10
    endloop
  endfacet
  facet normal 0.14780941112961404 -0.9890158633619163 0
    outer loop
      vertex -0.38272602764017993 2.7232371890393186 2.5
      vertex -0.38272602764017993 2.7232371890393186 10
      vertex -0.4301947788606349 2.7161429366366288 10
    endloop
  endfacet
  facet normal 0.1305261922200489 -0.9914448613738108 0
    outer loop
      vertex -0.33514069436415556 2.7295019170136356 2.5
      vertex -0.33514069436415556 2.7295019170136356 10
      vertex -0.38272602764017993 2.7232371890393186 10
    endloop
  endfacet
  facet normal 0.11320321376790188 -0.9935718556765881 0
    outer loop
      vertex -0.28745327398604703 2.7349352122627515 2.5
      vertex -0.28745327398604703 2.7349352122627515 10
      vertex -0.33514069436415556 2.7295019170136356 10
    endloop
  endfacet
  facet normal 0.0958457525202251 -0.9953961983671787 0
    outer loop
      vertex -0.23967829255605996 2.7395354197523 2.5
      vertex -0.23967829255605996 2.7395354197523 10
      vertex -0.28745327398604703 2.7349352122627515 10
    endloop
  endfacet
  facet normal 0.0784590957278437 -0.996917333733128 0
    outer loop
      vertex -0.19183030279634458 2.7433011382145165 2.5
      vertex -0.19183030279634458 2.7433011382145165 10
      vertex -0.23967829255605996 2.7395354197523 10
    endloop
  endfacet
  facet normal 0.061048539534859156 -0.9981347984218669 0
    outer loop
      vertex -0.14392387966809556 2.746231220575078 2.5
      vertex -0.14392387966809556 2.746231220575078 10
      vertex -0.19183030279634458 2.7433011382145165 10
    endloop
  endfacet
  facet normal 0.043619387365341294 -0.9990482215818575 0
    outer loop
      vertex -0.09597361593187767 2.7483247743025134 2.5
      vertex -0.09597361593187767 2.7483247743025134 10
      vertex -0.14392387966809556 2.746231220575078 10
    endloop
  endfacet
  facet normal 0.026176948307872476 -0.9996573249755574 0
    outer loop
      vertex -0.047994117702529655 2.749581161680076 2.5
      vertex -0.047994117702529655 2.749581161680076 10
      vertex -0.09597361593187767 2.7483247743025134 10
    endloop
  endfacet
  facet normal 0.008726535498371038 -0.9999619230641714 0
    outer loop
      vertex 0 2.75 2.5
      vertex 0 2.75 10
      vertex -0.047994117702529655 2.749581161680076 10
    endloop
  endfacet
  facet normal -0.008726535498371038 0.9999619230641714 0
    outer loop
      vertex 0 -2.75 2.5
      vertex 0.047994117702529655 -2.749581161680076 10
      vertex 0.047994117702529655 -2.749581161680076 2.5
    endloop
  endfacet
  facet normal -0.026176948307872476 0.9996573249755574 0
    outer loop
      vertex 0.047994117702529655 -2.749581161680076 2.5
      vertex 0.09597361593187767 -2.7483247743025134 10
      vertex 0.09597361593187767 -2.7483247743025134 2.5
    endloop
  endfacet
  facet normal -0.043619387365341294 0.9990482215818575 0
    outer loop
      vertex 0.09597361593187767 -2.7483247743025134 2.5
      vertex 0.14392387966809556 -2.746231220575078 10
      vertex 0.14392387966809556 -2.746231220575078 2.5
    endloop
  endfacet
  facet normal -0.061048539534859156 0.9981347984218669 0
    outer loop
      vertex 0.14392387966809556 -2.746231220575078 2.5
      vertex 0.19183030279634458 -2.7433011382145165 10
      vertex 0.19183030279634458 -2.7433011382145165 2.5
    endloop
  endfacet
  facet normal -0.0784590957278437 0.996917333733128 0
    outer loop
      vertex 0.19183030279634458 -2.7433011382145165 2.5
      vertex 0.23967829255605996 -2.7395354197523 10
      vertex 0.23967829255605996 -2.7395354197523 2.5
    endloop
  endfacet
  facet normal -0.0958457525202251 0.9953961983671787 0
    outer loop
      vertex 0.23967829255605996 -2.7395354197523 2.5
      vertex 0.28745327398604703 -2.7349352122627515 10
      vertex 0.28745327398604703 -2.7349352122627515 2.5
    endloop
  endfacet
  facet normal -0.11320321376790188 0.9935718556765881 0
    outer loop
      vertex 0.28745327398604703 -2.7349352122627515 2.5
      vertex 0.33514069436415556 -2.7295019170136356 10
      vertex 0.33514069436415556 -2.7295019170136356 2.5
    endloop
  endfacet
  facet normal -0.1305261922200489 0.9914448613738108 0
    outer loop
      vertex 0.33514069436415556 -2.7295019170136356 2.5
      vertex 0.38272602764017993 -2.7232371890393186 10
      vertex 0.38272602764017993 -2.7232371890393186 2.5
    endloop
  endfacet
  facet normal -0.14780941112961404 0.9890158633619163 0
    outer loop
      vertex 0.38272602764017993 -2.7232371890393186 2.5
      vertex 0.4301947788606349 -2.7161429366366288 10
      vertex 0.4301947788606349 -2.7161429366366288 2.5
    endloop
  endfacet
  facet normal -0.16504760586067863 0.9862856015372312 0
    outer loop
      vertex 0.4301947788606349 -2.7161429366366288 2.5
      vertex 0.4775324885840584 -2.708221320783572 10
      vertex 0.4775324885840584 -2.708221320783572 2.5
    endloop
  endfacet
  facet normal -0.18223552549214905 0.9832549075639544 0
    outer loop
      vertex 0.4775324885840584 -2.708221320783572 2.5
      vertex 0.5247247372854982 -2.6994747544810758 10
      vertex 0.5247247372854982 -2.6994747544810758 2.5
    endloop
  endfacet
  facet normal -0.19936793441719203 0.9799247046208306 0
    outer loop
      vertex 0.5247247372854982 -2.6994747544810758 2.5
      vertex 0.5717571497488382 -2.6899059020179656 10
      vertex 0.5717571497488382 -2.6899059020179656 2.5
    endloop
  endfacet
  facet normal -0.21643961393810762 0.9762960071199323 0
    outer loop
      vertex 0.5717571497488382 -2.6899059020179656 2.5
      vertex 0.6186153994456287 -2.679517678159397 10
      vertex 0.6186153994456287 -2.679517678159397 2.5
    endloop
  endfacet
  facet normal -0.2334453638559071 0.9723699203976762 0
    outer loop
      vertex 0.6186153994456287 -2.679517678159397 2.5
      vertex 0.6652852128990863 -2.66831324725899 10
      vertex 0.6652852128990863 -2.66831324725899 2.5
    endloop
  endfacet
  facet normal -0.2503800040544405 0.968147640378108 0
    outer loop
      vertex 0.6652852128990863 -2.66831324725899 2.5
      vertex 0.711752374031932 -2.6562960222949377 10
      vertex 0.711752374031932 -2.6562960222949377 2.5
    endloop
  endfacet
  facet normal -0.267238376078253 0.9636304532086242 0
    outer loop
      vertex 0.711752374031932 -2.6562960222949377 2.5
      vertex 0.7580027284967477 -2.643469663830377 10
      vertex 0.7580027284967477 -2.643469663830377 2.5
    endloop
  endfacet
  facet normal -0.2840153447039282 0.9588197348681915 0
    outer loop
      vertex 0.7580027284967477 -2.643469663830377 2.5
      vertex 0.8040221879875261 -2.6298380788983473 10
      vertex 0.8040221879875261 -2.6298380788983473 2.5
    endloop
  endfacet
  facet normal -0.30070579950427373 0.9537169507482267 0
    outer loop
      vertex 0.8040221879875261 -2.6298380788983473 2.5
      vertex 0.8497967345311054 -2.615405419811672 10
      vertex 0.8497967345311054 -2.615405419811672 2.5
    endloop
  endfacet
  facet normal -0.31730465640508154 0.9483236552062029 0
    outer loop
      vertex 0.8497967345311054 -2.615405419811672 2.5
      vertex 0.8953124247571809 -2.6001760828981215 10
      vertex 0.8953124247571809 -2.6001760828981215 2.5
    endloop
  endfacet
  facet normal -0.3338068592337767 0.9426414910921764 0
    outer loop
      vertex 0.8953124247571809 -2.6001760828981215 2.5
      vertex 0.940555394145589 -2.584154707161248 10
      vertex 0.940555394145589 -2.584154707161248 2.5
    endloop
  endfacet
  facet normal -0.35020738125947165 0.936672189248396 0
    outer loop
      vertex 0.940555394145589 -2.584154707161248 2.5
      vertex 0.9855118612495757 -2.5673461728673046 10
      vertex 0.9855118612495757 -2.5673461728673046 2.5
    endloop
  endfacet
  facet normal -0.36650122672429575 0.9304175679820252 0
    outer loop
      vertex 0.9855118612495757 -2.5673461728673046 2.5
      vertex 1.030168131893758 -2.549755600058665 10
      vertex 1.030168131893758 -2.549755600058665 2.5
    endloop
  endfacet
  facet normal -0.3826834323650862 0.9238795325112883 0
    outer loop
      vertex 1.030168131893758 -2.549755600058665 2.5
      vertex 1.074510603345503 -2.531388346994211 10
      vertex 1.074510603345503 -2.531388346994211 2.5
    endloop
  endfacet
  facet normal -0.3987490689252514 0.9170600743851218 0
    outer loop
      vertex 1.074510603345503 -2.531388346994211 2.5
      vertex 1.1185257684584506 -2.512250008517152 10
      vertex 1.1185257684584506 -2.512250008517152 2.5
    endloop
  endfacet
  facet normal -0.4146932426562347 0.9099612708765452 0
    outer loop
      vertex 1.1185257684584506 -2.512250008517152 2.5
      vertex 1.1622002197869234 -2.4923464143507874 10
      vertex 1.1622002197869234 -2.4923464143507874 2.5
    endloop
  endfacet
  facet normal -0.4305110968082917 0.9025852843498623 0
    outer loop
      vertex 1.1622002197869234 -2.4923464143507874 2.5
      vertex 1.205520653669963 -2.4716836273227094 10
      vertex 1.205520653669963 -2.4716836273227094 2.5
    endloop
  endfacet
  facet normal -0.4461978131098112 0.8949343616020238 0
    outer loop
      vertex 1.205520653669963 -2.4716836273227094 2.5
      vertex 1.2484738742837536 -2.4502679415180117 10
      vertex 1.2484738742837536 -2.4502679415180117 2.5
    endloop
  endfacet
  facet normal -0.4617486132350289 0.8870108331782243 0
    outer loop
      vertex 1.2484738742837536 -2.4502679415180117 2.5
      vertex 1.2910467976611997 -2.4281058803620494 10
      vertex 1.2910467976611997 -2.4281058803620494 2.5
    endloop
  endfacet
  facet normal -0.47715876025961707 0.8788171126619606 0
    outer loop
      vertex 1.2910467976611997 -2.4281058803620494 2.5
      vertex 1.333226455677427 -2.4052041946333382 10
      vertex 1.333226455677427 -2.4052041946333382 2.5
    endloop
  endfacet
  facet normal -0.4924235601034659 0.8703556959399005 0
    outer loop
      vertex 1.333226455677427 -2.4052041946333382 2.5
      vertex 1.375 -2.381569860407206 10
      vertex 1.375 -2.381569860407206 2.5
    endloop
  endfacet
  facet normal -0.5075383629607 0.8616291604415283 0
    outer loop
      vertex 1.375 -2.381569860407206 2.5
      vertex 1.416354706002649 -2.357210076930809 10
      vertex 1.416354706002649 -2.357210076930809 2.5
    endloop
  endfacet
  facet normal -0.522498564715956 0.8526401643540878 0
    outer loop
      vertex 1.416354706002649 -2.357210076930809 2.5
      vertex 1.4572779766413135 -2.332132264430171 10
      vertex 1.4572779766413135 -2.332132264430171 2.5
    endloop
  endfacet
  facet normal -0.53729960834682 0.8433914458128882 0
    outer loop
      vertex 1.4572779766413135 -2.332132264430171 2.5
      vertex 1.4977573462913245 -2.306344061849916 10
      vertex 1.4977573462913245 -2.306344061849916 2.5
    endloop
  endfacet
  facet normal -0.551936985312057 0.8338858220671689 0
    outer loop
      vertex 1.4977573462913245 -2.306344061849916 2.5
      vertex 1.537780484544554 -2.2798533245263646 10
      vertex 1.537780484544554 -2.2798533245263646 2.5
    endloop
  endfacet
  facet normal -0.5664062369248332 0.8241261886220153 0
    outer loop
      vertex 1.537780484544554 -2.2798533245263646 2.5
      vertex 1.5773351999653766 -2.2526681217947275 10
      vertex 1.5773351999653766 -2.2526681217947275 2.5
    endloop
  endfacet
  facet normal -0.5807029557109362 0.8141155183563219 0
    outer loop
      vertex 1.5773351999653766 -2.2526681217947275 2.5
      vertex 1.616409443804301 -2.2247967345311057 10
      vertex 1.616409443804301 -2.2247967345311057 2.5
    endloop
  endfacet
  facet normal -0.594822786751345 0.8038568606172146 0
    outer loop
      vertex 1.616409443804301 -2.2247967345311057 2.5
      vertex 1.6549913136681327 -2.1962476526300554 10
      vertex 1.6549913136681327 -2.1962476526300554 2.5
    endloop
  endfacet
  facet normal -0.6087614290087212 0.7933533402912347 0
    outer loop
      vertex 1.6549913136681327 -2.1962476526300554 2.5
      vertex 1.6930690571455602 -2.1670295724184854 10
      vertex 1.6930690571455602 -2.1670295724184854 2.5
    endloop
  endfacet
  facet normal -0.6225146366376167 0.782608156852416 0
    outer loop
      vertex 1.6930690571455602 -2.1670295724184854 2.5
      vertex 1.7306310753870529 -2.13715139400667 10
      vertex 1.7306310753870529 -2.13715139400667 2.5
    endloop
  endfacet
  facet normal -0.008726535498371038 0.9999619230641714 0
    outer loop
      vertex 0 -2.75 2.5
      vertex 0 -2.75 10
      vertex 0.047994117702529655 -2.749581161680076 10
    endloop
  endfacet
  facet normal -0.026176948307872476 0.9996573249755574 0
    outer loop
      vertex 0.047994117702529655 -2.749581161680076 2.5
      vertex 0.047994117702529655 -2.749581161680076 10
      vertex 0.09597361593187767 -2.7483247743025134 10
    endloop
  endfacet
  facet normal -0.043619387365341294 0.9990482215818575 0
    outer loop
      vertex 0.09597361593187767 -2.7483247743025134 2.5
      vertex 0.09597361593187767 -2.7483247743025134 10
      vertex 0.14392387966809556 -2.746231220575078 10
    endloop
  endfacet
  facet normal -0.061048539534859156 0.9981347984218669 0
    outer loop
      vertex 0.14392387966809556 -2.746231220575078 2.5
      vertex 0.14392387966809556 -2.746231220575078 10
      vertex 0.19183030279634458 -2.7433011382145165 10
    endloop
  endfacet
  facet normal -0.0784590957278437 0.996917333733128 0
    outer loop
      vertex 0.19183030279634458 -2.7433011382145165 2.5
      vertex 0.19183030279634458 -2.7433011382145165 10
      vertex 0.23967829255605996 -2.7395354197523 10
    endloop
  endfacet
  facet normal -0.0958457525202251 0.9953961983671787 0
    outer loop
      vertex 0.23967829255605996 -2.7395354197523 2.5
      vertex 0.23967829255605996 -2.7395354197523 10
      vertex 0.28745327398604703 -2.7349352122627515 10
    endloop
  endfacet
  facet normal -0.11320321376790188 0.9935718556765881 0
    outer loop
      vertex 0.28745327398604703 -2.7349352122627515 2.5
      vertex 0.28745327398604703 -2.7349352122627515 10
      vertex 0.33514069436415556 -2.7295019170136356 10
    endloop
  endfacet
  facet normal -0.1305261922200489 0.9914448613738108 0
    outer loop
      vertex 0.33514069436415556 -2.7295019170136356 2.5
      vertex 0.33514069436415556 -2.7295019170136356 10
      vertex 0.38272602764017993 -2.7232371890393186 10
    endloop
  endfacet
  facet normal -0.14780941112961404 0.9890158633619163 0
    outer loop
      vertex 0.38272602764017993 -2.7232371890393186 2.5
      vertex 0.38272602764017993 -2.7232371890393186 10
      vertex 0.4301947788606349 -2.7161429366366288 10
    endloop
  endfacet
  facet normal -0.16504760586067863 0.9862856015372312 0
    outer loop
      vertex 0.4301947788606349 -2.7161429366366288 2.5
      vertex 0.4301947788606349 -2.7161429366366288 10
      vertex 0.4775324885840584 -2.708221320783572 10
    endloop
  endfacet
  facet normal -0.18223552549214905 0.9832549075639544 0
    outer loop
      vertex 0.4775324885840584 -2.708221320783572 2.5
      vertex 0.4775324885840584 -2.708221320783572 10
      vertex 0.5247247372854982 -2.6994747544810758 10
    endloop
  endfacet
  facet normal -0.19936793441719203 0.9799247046208306 0
    outer loop
      vertex 0.5247247372854982 -2.6994747544810758 2.5
      vertex 0.5247247372854982 -2.6994747544810758 10
      vertex 0.5717571497488382 -2.6899059020179656 10
    endloop
  endfacet
  facet normal -0.21643961393810762 0.9762960071199323 0
    outer loop
      vertex 0.5717571497488382 -2.6899059020179656 2.5
      vertex 0.5717571497488382 -2.6899059020179656 10
      vertex 0.6186153994456287 -2.679517678159397 10
    endloop
  endfacet
  facet normal -0.2334453638559071 0.9723699203976762 0
    outer loop
      vertex 0.6186153994456287 -2.679517678159397 2.5
      vertex 0.6186153994456287 -2.679517678159397 10
      vertex 0.6652852128990863 -2.66831324725899 10
    endloop
  endfacet
  facet normal -0.2503800040544405 0.968147640378108 0
    outer loop
      vertex 0.6652852128990863 -2.66831324725899 2.5
      vertex 0.6652852128990863 -2.66831324725899 10
      vertex 0.711752374031932 -2.6562960222949377 10
    endloop
  endfacet
  facet normal -0.267238376078253 0.9636304532086242 0
    outer loop
      vertex 0.711752374031932 -2.6562960222949377 2.5
      vertex 0.711752374031932 -2.6562960222949377 10
      vertex 0.7580027284967477 -2.643469663830377 10
    endloop
  endfacet
  facet normal -0.2840153447039282 0.9588197348681915 0
    outer loop
      vertex 0.7580027284967477 -2.643469663830377 2.5
      vertex 0.7580027284967477 -2.643469663830377 10
      vertex 0.8040221879875261 -2.6298380788983473 10
    endloop
  endfacet
  facet normal -0.30070579950427373 0.9537169507482267 0
    outer loop
      vertex 0.8040221879875261 -2.6298380788983473 2.5
      vertex 0.8040221879875261 -2.6298380788983473 10
      vertex 0.8497967345311054 -2.615405419811672 10
    endloop
  endfacet
  facet normal -0.31730465640508154 0.9483236552062029 0
    outer loop
      vertex 0.8497967345311054 -2.615405419811672 2.5
      vertex 0.8497967345311054 -2.615405419811672 10
      vertex 0.8953124247571809 -2.6001760828981215 10
    endloop
  endfacet
  facet normal -0.3338068592337767 0.9426414910921764 0
    outer loop
      vertex 0.8953124247571809 -2.6001760828981215 2.5
      vertex 0.8953124247571809 -2.6001760828981215 10
      vertex 0.940555394145589 -2.584154707161248 10
    endloop
  endfacet
  facet normal -0.35020738125947165 0.936672189248396 0
    outer loop
      vertex 0.940555394145589 -2.584154707161248 2.5
      vertex 0.940555394145589 -2.584154707161248 10
      vertex 0.9855118612495757 -2.5673461728673046 10
    endloop
  endfacet
  facet normal -0.36650122672429575 0.9304175679820252 0
    outer loop
      vertex 0.9855118612495757 -2.5673461728673046 2.5
      vertex 0.9855118612495757 -2.5673461728673046 10
      vertex 1.030168131893758 -2.549755600058665 10
    endloop
  endfacet
  facet normal -0.3826834323650862 0.9238795325112883 0
    outer loop
      vertex 1.030168131893758 -2.549755600058665 2.5
      vertex 1.030168131893758 -2.549755600058665 10
      vertex 1.074510603345503 -2.531388346994211 10
    endloop
  endfacet
  facet normal -0.3987490689252514 0.9170600743851218 0
    outer loop
      vertex 1.074510603345503 -2.531388346994211 2.5
      vertex 1.074510603345503 -2.531388346994211 10
      vertex 1.1185257684584506 -2.512250008517152 10
    endloop
  endfacet
  facet normal -0.4146932426562347 0.9099612708765452 0
    outer loop
      vertex 1.1185257684584506 -2.512250008517152 2.5
      vertex 1.1185257684584506 -2.512250008517152 10
      vertex 1.1622002197869234 -2.4923464143507874 10
    endloop
  endfacet
  facet normal -0.4305110968082917 0.9025852843498623 0
    outer loop
      vertex 1.1622002197869234 -2.4923464143507874 2.5
      vertex 1.1622002197869234 -2.4923464143507874 10
      vertex 1.205520653669963 -2.4716836273227094 10
    endloop
  endfacet
  facet normal -0.4461978131098112 0.8949343616020238 0
    outer loop
      vertex 1.205520653669963 -2.4716836273227094 2.5
      vertex 1.205520653669963 -2.4716836273227094 10
      vertex 1.2484738742837536 -2.4502679415180117 10
    endloop
  endfacet
  facet normal -0.4617486132350289 0.8870108331782243 0
    outer loop
      vertex 1.2484738742837536 -2.4502679415180117 2.5
      vertex 1.2484738742837536 -2.4502679415180117 10
      vertex 1.2910467976611997 -2.4281058803620494 10
    endloop
  endfacet
  facet normal -0.47715876025961707 0.8788171126619606 0
    outer loop
      vertex 1.2910467976611997 -2.4281058803620494 2.5
      vertex 1.2910467976611997 -2.4281058803620494 10
      vertex 1.333226455677427 -2.4052041946333382 10
    endloop
  endfacet
  facet normal -0.4924235601034659 0.8703556959399005 0
    outer loop
      vertex 1.333226455677427 -2.4052041946333382 2.5
      vertex 1.333226455677427 -2.4052041946333382 10
      vertex 1.375 -2.381569860407206 10
    endloop
  endfacet
  facet normal -0.5075383629607 0.8616291604415283 0
    outer loop
      vertex 1.375 -2.381569860407206 2.5
      vertex 1.375 -2.381569860407206 10
      vertex 1.416354706002649 -2.357210076930809 10
    endloop
  endfacet
  facet normal -0.522498564715956 0.8526401643540878 0
    outer loop
      vertex 1.416354706002649 -2.357210076930809 2.5
      vertex 1.416354706002649 -2.357210076930809 10
      vertex 1.4572779766413135 -2.332132264430171 10
    endloop
  endfacet
  facet normal -0.53729960834682 0.8433914458128882 0
    outer loop
      vertex 1.4572779766413135 -2.332132264430171 2.5
      vertex 1.4572779766413135 -2.332132264430171 10
      vertex 1.4977573462913245 -2.306344061849916 10
    endloop
  endfacet
  facet normal -0.551936985312057 0.8338858220671689 0
    outer loop
      vertex 1.4977573462913245 -2.306344061849916 2.5
      vertex 1.4977573462913245 -2.306344061849916 10
      vertex 1.537780484544554 -2.2798533245263646 10
    endloop
  endfacet
  facet normal -0.5664062369248332 0.8241261886220153 0
    outer loop
      vertex 1.537780484544554 -2.2798533245263646 2.5
      vertex 1.537780484544554 -2.2798533245263646 10
      vertex 1.5773351999653766 -2.2526681217947275 10
    endloop
  endfacet
  facet normal -0.5807029557109362 0.8141155183563219 0
    outer loop
      vertex 1.5773351999653766 -2.2526681217947275 2.5
      vertex 1.5773351999653766 -2.2526681217947275 10
      vertex 1.616409443804301 -2.2247967345311057 10
    endloop
  endfacet
  facet normal -0.594822786751345 0.8038568606172146 0
    outer loop
      vertex 1.616409443804301 -2.2247967345311057 2.5
      vertex 1.616409443804301 -2.2247967345311057 10
      vertex 1.6549913136681327 -2.1962476526300554 10
    endloop
  endfacet
  facet normal -0.6087614290087212 0.7933533402912347 0
    outer loop
      vertex 1.6549913136681327 -2.1962476526300554 2.5
      vertex 1.6549913136681327 -2.1962476526300554 10
      vertex 1.6930690571455602 -2.1670295724184854 10
    endloop
  endfacet
  facet normal -0.6225146366376167 0.782608156852416 0
    outer loop
      vertex 1.6930690571455602 -2.1670295724184854 2.5
      vertex 1.6930690571455602 -2.1670295724184854 10
      vertex 1.7306310753870529 -2.13715139400667 10
    endloop
  endfacet
  facet normal -0.6360782202777711 0.7716245833877142 0
    outer loop
      vertex 1.7306310753870529 -2.13715139400667 2.5
      vertex 1.7306310753870529 -2.13715139400667 10
      vertex 1.7676659266379828 -2.1066222185771895 10
    endloop
  endfacet
  facet normal -0.6360782202777711 0.7716245833877142 0
    outer loop
      vertex 1.7306310753870529 -2.13715139400667 2.5
      vertex 1.7676659266379828 -2.1066222185771895 10
      vertex 1.7676659266379828 -2.1066222185771895 2.5
    endloop
  endfacet
  facet normal -0.6494480483301763 0.7604059656000373 0
    outer loop
      vertex 1.7676659266379828 -2.1066222185771895 2.5
      vertex 1.8041623297238951 -2.075451345612623 10
      vertex 1.8041623297238951 -2.075451345612623 2.5
    endloop
  endfacet
  facet normal -0.6626200482157408 0.7489557207889992 0
    outer loop
      vertex 1.8041623297238951 -2.075451345612623 2.5
      vertex 1.8401091674868602 -2.043648270062834 10
      vertex 1.8401091674868602 -2.043648270062834 2.5
    endloop
  endfacet
  facet normal -0.6755902076156629 0.7372773368101216 0
    outer loop
      vertex 1.8401091674868602 -2.043648270062834 2.5
      vertex 1.8754954901718708 -2.0112226794527186 10
      vertex 1.8754954901718708 -2.0112226794527186 2.5
    endloop
  endfacet
  facet normal -0.6883545756937507 0.7253743710122907 0
    outer loop
      vertex 1.8754954901718708 -2.0112226794527186 2.5
      vertex 1.9103105187622424 -1.9781844509312907 10
      vertex 1.9103105187622424 -1.9781844509312907 2.5
    endloop
  endfacet
  facet normal -0.7009092642998472 0.7132504491541852 0
    outer loop
      vertex 1.9103105187622424 -1.9781844509312907 2.5
      vertex 1.9445436482630059 -1.9445436482630059 10
      vertex 1.9445436482630059 -1.9445436482630059 2.5
    endloop
  endfacet
  facet normal -0.7132504491541852 0.7009092642998472 0
    outer loop
      vertex 1.9445436482630059 -1.9445436482630059 2.5
      vertex 1.9781844509312907 -1.9103105187622424 10
      vertex 1.9781844509312907 -1.9103105187622424 2.5
    endloop
  endfacet
  facet normal -0.7253743710122907 0.6883545756937507 0
    outer loop
      vertex 1.9781844509312907 -1.9103105187622424 2.5
      vertex 2.0112226794527186 -1.8754954901718708 10
      vertex 2.0112226794527186 -1.8754954901718708 2.5
    endloop
  endfacet
  facet normal -0.7372773368101216 0.6755902076156629 0
    outer loop
      vertex 2.0112226794527186 -1.8754954901718708 2.5
      vertex 2.043648270062834 -1.8401091674868602 10
      vertex 2.043648270062834 -1.8401091674868602 2.5
    endloop
  endfacet
  facet normal -0.7489557207889992 0.6626200482157408 0
    outer loop
      vertex 2.043648270062834 -1.8401091674868602 2.5
      vertex 2.075451345612623 -1.8041623297238951 10
      vertex 2.075451345612623 -1.8041623297238951 2.5
    endloop
  endfacet
  facet normal -0.7604059656000373 0.6494480483301763 0
    outer loop
      vertex 2.075451345612623 -1.8041623297238951 2.5
      vertex 2.1066222185771895 -1.7676659266379828 10
      vertex 2.1066222185771895 -1.7676659266379828 2.5
    endloop
  endfacet
  facet normal -0.6494480483301763 0.7604059656000373 0
    outer loop
      vertex 1.7676659266379828 -2.1066222185771895 2.5
      vertex 1.7676659266379828 -2.1066222185771895 10
      vertex 1.8041623297238951 -2.075451345612623 10
    endloop
  endfacet
  facet normal -0.6626200482157408 0.7489557207889992 0
    outer loop
      vertex 1.8041623297238951 -2.075451345612623 2.5
      vertex 1.8041623297238951 -2.075451345612623 10
      vertex 1.8401091674868602 -2.043648270062834 10
    endloop
  endfacet
  facet normal -0.6755902076156629 0.7372773368101216 0
    outer loop
      vertex 1.8401091674868602 -2.043648270062834 2.5
      vertex 1.8401091674868602 -2.043648270062834 10
      vertex 1.8754954901718708 -2.0112226794527186 10
    endloop
  endfacet
  facet normal -0.6883545756937507 0.7253743710122907 0
    outer loop
      vertex 1.8754954901718708 -2.0112226794527186 2.5
      vertex 1.8754954901718708 -2.0112226794527186 10
      vertex 1.9103105187622424 -1.9781844509312907 10
    endloop
  endfacet
  facet normal -0.7009092642998472 0.7132504491541852 0
    outer loop
      vertex 1.9103105187622424 -1.9781844509312907 2.5
      vertex 1.9103105187622424 -1.9781844509312907 10
      vertex 1.9445436482630059 -1.9445436482630059 10
    endloop
  endfacet
  facet normal -0.7132504491541852 0.7009092642998472 0
    outer loop
      vertex 1.9445436482630059 -1.9445436482630059 2.5
      vertex 1.9445436482630059 -1.9445436482630059 10
      vertex 1.9781844509312907 -1.9103105187622424 10
    endloop
  endfacet
  facet normal -0.7253743710122907 0.6883545756937507 0
    outer loop
      vertex 1.9781844509312907 -1.9103105187622424 2.5
      vertex 1.9781844509312907 -1.9103105187622424 10
      vertex 2.0112226794527186 -1.8754954901718708 10
    endloop
  endfacet
  facet normal -0.7372773368101216 0.6755902076156629 0
    outer loop
      vertex 2.0112226794527186 -1.8754954901718708 2.5
      vertex 2.0112226794527186 -1.8754954901718708 10
      vertex 2.043648270062834 -1.8401091674868602 10
    endloop
  endfacet
  facet normal -0.7489557207889992 0.6626200482157408 0
    outer loop
      vertex 2.043648270062834 -1.8401091674868602 2.5
      vertex 2.043648270062834 -1.8401091674868602 10
      vertex 2.075451345612623 -1.8041623297238951 10
    endloop
  endfacet
  facet normal -0.7604059656000373 0.6494480483301763 0
    outer loop
      vertex 2.075451345612623 -1.8041623297238951 2.5
      vertex 2.075451345612623 -1.8041623297238951 10
      vertex 2.1066222185771895 -1.7676659266379828 10
    endloop
  endfacet
  facet normal -0.7716245833877142 0.6360782202777711 0
    outer loop
      vertex 2.1066222185771895 -1.7676659266379828 2.5
      vertex 2.1066222185771895 -1.7676659266379828 10
      vertex 2.13715139400667 -1.7306310753870529 10
    endloop
  endfacet
  facet normal -0.7716245833877142 0.6360782202777711 0
    outer loop
      vertex 2.1066222185771895 -1.7676659266379828 2.5
      vertex 2.13715139400667 -1.7306310753870529 10
      vertex 2.13715139400667 -1.7306310753870529 2.5
    endloop
  endfacet
  facet normal -0.782608156852416 0.6225146366376167 0
    outer loop
      vertex 2.13715139400667 -1.7306310753870529 2.5
      vertex 2.1670295724184854 -1.6930690571455602 10
      vertex 2.1670295724184854 -1.6930690571455602 2.5
    endloop
  endfacet
  facet normal -0.7933533402912347 0.6087614290087212 0
    outer loop
      vertex 2.1670295724184854 -1.6930690571455602 2.5
      vertex 2.1962476526300554 -1.6549913136681327 10
      vertex 2.1962476526300554 -1.6549913136681327 2.5
    endloop
  endfacet
  facet normal -0.8038568606172146 0.594822786751345 0
    outer loop
      vertex 2.1962476526300554 -1.6549913136681327 2.5
      vertex 2.2247967345311057 -1.616409443804301 10
      vertex 2.2247967345311057 -1.616409443804301 2.5
    endloop
  endfacet
  facet normal -0.8141155183563219 0.5807029557109362 0
    outer loop
      vertex 2.2247967345311057 -1.616409443804301 2.5
      vertex 2.2526681217947275 -1.5773351999653766 10
      vertex 2.2526681217947275 -1.5773351999653766 2.5
    endloop
  endfacet
  facet normal -0.8241261886220153 0.5664062369248332 0
    outer loop
      vertex 2.2526681217947275 -1.5773351999653766 2.5
      vertex 2.2798533245263646 -1.537780484544554 10
      vertex 2.2798533245263646 -1.537780484544554 2.5
    endloop
  endfacet
  facet normal -0.8338858220671689 0.551936985312057 0
    outer loop
      vertex 2.2798533245263646 -1.537780484544554 2.5
      vertex 2.306344061849916 -1.4977573462913245 10
      vertex 2.306344061849916 -1.4977573462913245 2.5
    endloop
  endfacet
  facet normal -0.8433914458128882 0.53729960834682 0
    outer loop
      vertex 2.306344061849916 -1.4977573462913245 2.5
      vertex 2.332132264430171 -1.4572779766413135 10
      vertex 2.332132264430171 -1.4572779766413135 2.5
    endloop
  endfacet
  facet normal -0.8526401643540878 0.522498564715956 0
    outer loop
      vertex 2.332132264430171 -1.4572779766413135 2.5
      vertex 2.357210076930809 -1.416354706002649 10
      vertex 2.357210076930809 -1.416354706002649 2.5
    endloop
  endfacet
  facet normal -0.8616291604415283 0.5075383629607 0
    outer loop
      vertex 2.357210076930809 -1.416354706002649 2.5
      vertex 2.381569860407206 -1.375 10
      vertex 2.381569860407206 -1.375 2.5
    endloop
  endfacet
  facet normal -0.8703556959399005 0.4924235601034659 0
    outer loop
      vertex 2.381569860407206 -1.375 2.5
      vertex 2.4052041946333382 -1.333226455677427 10
      vertex 2.4052041946333382 -1.333226455677427 2.5
    endloop
  endfacet
  facet normal -0.8788171126619606 0.47715876025961707 0
    outer loop
      vertex 2.4052041946333382 -1.333226455677427 2.5
      vertex 2.4281058803620494 -1.2910467976611997 10
      vertex 2.4281058803620494 -1.2910467976611997 2.5
    endloop
  endfacet
  facet normal -0.8870108331782243 0.4617486132350289 0
    outer loop
      vertex 2.4281058803620494 -1.2910467976611997 2.5
      vertex 2.4502679415180117 -1.2484738742837536 10
      vertex 2.4502679415180117 -1.2484738742837536 2.5
    endloop
  endfacet
  facet normal -0.8949343616020238 0.4461978131098112 0
    outer loop
      vertex 2.4502679415180117 -1.2484738742837536 2.5
      vertex 2.4716836273227094 -1.205520653669963 10
      vertex 2.4716836273227094 -1.205520653669963 2.5
    endloop
  endfacet
  facet normal -0.9025852843498623 0.4305110968082917 0
    outer loop
      vertex 2.4716836273227094 -1.205520653669963 2.5
      vertex 2.4923464143507874 -1.1622002197869234 10
      vertex 2.4923464143507874 -1.1622002197869234 2.5
    endloop
  endfacet
  facet normal -0.9099612708765452 0.4146932426562347 0
    outer loop
      vertex 2.4923464143507874 -1.1622002197869234 2.5
      vertex 2.512250008517152 -1.1185257684584506 10
      vertex 2.512250008517152 -1.1185257684584506 2.5
    endloop
  endfacet
  facet normal -0.9170600743851218 0.3987490689252514 0
    outer loop
      vertex 2.512250008517152 -1.1185257684584506 2.5
      vertex 2.531388346994211 -1.074510603345503 10
      vertex 2.531388346994211 -1.074510603345503 2.5
    endloop
  endfacet
  facet normal -0.9238795325112883 0.3826834323650862 0
    outer loop
      vertex 2.531388346994211 -1.074510603345503 2.5
      vertex 2.549755600058665 -1.030168131893758 10
      vertex 2.549755600058665 -1.030168131893758 2.5
    endloop
  endfacet
  facet normal -0.9304175679820252 0.36650122672429575 0
    outer loop
      vertex 2.549755600058665 -1.030168131893758 2.5
      vertex 2.5673461728673046 -0.9855118612495757 10
      vertex 2.5673461728673046 -0.9855118612495757 2.5
    endloop
  endfacet
  facet normal -0.936672189248396 0.35020738125947165 0
    outer loop
      vertex 2.5673461728673046 -0.9855118612495757 2.5
      vertex 2.584154707161248 -0.940555394145589 10
      vertex 2.584154707161248 -0.940555394145589 2.5
    endloop
  endfacet
  facet normal -0.9426414910921764 0.3338068592337767 0
    outer loop
      vertex 2.584154707161248 -0.940555394145589 2.5
      vertex 2.6001760828981215 -0.8953124247571809 10
      vertex 2.6001760828981215 -0.8953124247571809 2.5
    endloop
  endfacet
  facet normal -0.9483236552062029 0.31730465640508154 0
    outer loop
      vertex 2.6001760828981215 -0.8953124247571809 2.5
      vertex 2.615405419811672 -0.8497967345311054 10
      vertex 2.615405419811672 -0.8497967345311054 2.5
    endloop
  endfacet
  facet normal -0.9537169507482267 0.30070579950427373 0
    outer loop
      vertex 2.615405419811672 -0.8497967345311054 2.5
      vertex 2.6298380788983473 -0.8040221879875261 10
      vertex 2.6298380788983473 -0.8040221879875261 2.5
    endloop
  endfacet
  facet normal -0.9588197348681915 0.2840153447039282 0
    outer loop
      vertex 2.6298380788983473 -0.8040221879875261 2.5
      vertex 2.643469663830377 -0.7580027284967477 10
      vertex 2.643469663830377 -0.7580027284967477 2.5
    endloop
  endfacet
  facet normal -0.9636304532086242 0.267238376078253 0
    outer loop
      vertex 2.643469663830377 -0.7580027284967477 2.5
      vertex 2.6562960222949377 -0.711752374031932 10
      vertex 2.6562960222949377 -0.711752374031932 2.5
    endloop
  endfacet
  facet normal -0.968147640378108 0.2503800040544405 0
    outer loop
      vertex 2.6562960222949377 -0.711752374031932 2.5
      vertex 2.66831324725899 -0.6652852128990863 10
      vertex 2.66831324725899 -0.6652852128990863 2.5
    endloop
  endfacet
  facet normal -0.9723699203976762 0.2334453638559071 0
    outer loop
      vertex 2.66831324725899 -0.6652852128990863 2.5
      vertex 2.679517678159397 -0.6186153994456287 10
      vertex 2.679517678159397 -0.6186153994456287 2.5
    endloop
  endfacet
  facet normal -0.9762960071199323 0.21643961393810762 0
    outer loop
      vertex 2.679517678159397 -0.6186153994456287 2.5
      vertex 2.6899059020179656 -0.5717571497488382 10
      vertex 2.6899059020179656 -0.5717571497488382 2.5
    endloop
  endfacet
  facet normal -0.9799247046208306 0.19936793441719203 0
    outer loop
      vertex 2.6899059020179656 -0.5717571497488382 2.5
      vertex 2.6994747544810758 -0.5247247372854982 10
      vertex 2.6994747544810758 -0.5247247372854982 2.5
    endloop
  endfacet
  facet normal -0.9832549075639544 0.18223552549214905 0
    outer loop
      vertex 2.6994747544810758 -0.5247247372854982 2.5
      vertex 2.708221320783572 -0.4775324885840584 10
      vertex 2.708221320783572 -0.4775324885840584 2.5
    endloop
  endfacet
  facet normal -0.9862856015372312 0.16504760586067863 0
    outer loop
      vertex 2.708221320783572 -0.4775324885840584 2.5
      vertex 2.7161429366366288 -0.4301947788606349 10
      vertex 2.7161429366366288 -0.4301947788606349 2.5
    endloop
  endfacet
  facet normal -0.9890158633619163 0.14780941112961404 0
    outer loop
      vertex 2.7161429366366288 -0.4301947788606349 2.5
      vertex 2.7232371890393186 -0.38272602764017993 10
      vertex 2.7232371890393186 -0.38272602764017993 2.5
    endloop
  endfacet
  facet normal -0.9914448613738108 0.1305261922200489 0
    outer loop
      vertex 2.7232371890393186 -0.38272602764017993 2.5
      vertex 2.7295019170136356 -0.33514069436415556 10
      vertex 2.7295019170136356 -0.33514069436415556 2.5
    endloop
  endfacet
  facet normal -0.9935718556765881 0.11320321376790188 0
    outer loop
      vertex 2.7295019170136356 -0.33514069436415556 2.5
      vertex 2.7349352122627515 -0.28745327398604703 10
      vertex 2.7349352122627515 -0.28745327398604703 2.5
    endloop
  endfacet
  facet normal -0.9953961983671787 0.0958457525202251 0
    outer loop
      vertex 2.7349352122627515 -0.28745327398604703 2.5
      vertex 2.7395354197523 -0.23967829255605996 10
      vertex 2.7395354197523 -0.23967829255605996 2.5
    endloop
  endfacet
  facet normal -0.996917333733128 0.0784590957278437 0
    outer loop
      vertex 2.7395354197523 -0.23967829255605996 2.5
      vertex 2.7433011382145165 -0.19183030279634458 10
      vertex 2.7433011382145165 -0.19183030279634458 2.5
    endloop
  endfacet
  facet normal -0.9981347984218669 0.061048539534859156 0
    outer loop
      vertex 2.7433011382145165 -0.19183030279634458 2.5
      vertex 2.746231220575078 -0.14392387966809556 10
      vertex 2.746231220575078 -0.14392387966809556 2.5
    endloop
  endfacet
  facet normal -0.9990482215818575 0.043619387365341294 0
    outer loop
      vertex 2.746231220575078 -0.14392387966809556 2.5
      vertex 2.7483247743025134 -0.09597361593187767 10
      vertex 2.7483247743025134 -0.09597361593187767 2.5
    endloop
  endfacet
  facet normal -0.9996573249755574 0.026176948307872476 0
    outer loop
      vertex 2.7483247743025134 -0.09597361593187767 2.5
      vertex 2.749581161680076 -0.047994117702529655 10
      vertex 2.749581161680076 -0.047994117702529655 2.5
    endloop
  endfacet
  facet normal -0.9999619230641714 0.008726535498371038 0
    outer loop
      vertex 2.749581161680076 -0.047994117702529655 2.5
      vertex 2.75 0 10
      vertex 2.75 0 2.5
    endloop
  endfacet
  facet normal -0.782608156852416 0.6225146366376167 0
    outer loop
      vertex 2.13715139400667 -1.7306310753870529 2.5
      vertex 2.13715139400667 -1.7306310753870529 10
      vertex 2.1670295724184854 -1.6930690571455602 10
    endloop
  endfacet
  facet normal -0.7933533402912347 0.6087614290087212 0
    outer loop
      vertex 2.1670295724184854 -1.6930690571455602 2.5
      vertex 2.1670295724184854 -1.6930690571455602 10
      vertex 2.1962476526300554 -1.6549913136681327 10
    endloop
  endfacet
  facet normal -0.8038568606172146 0.594822786751345 0
    outer loop
      vertex 2.1962476526300554 -1.6549913136681327 2.5
      vertex 2.1962476526300554 -1.6549913136681327 10
      vertex 2.2247967345311057 -1.616409443804301 10
    endloop
  endfacet
  facet normal -0.8141155183563219 0.5807029557109362 0
    outer loop
      vertex 2.2247967345311057 -1.616409443804301 2.5
      vertex 2.2247967345311057 -1.616409443804301 10
      vertex 2.2526681217947275 -1.5773351999653766 10
    endloop
  endfacet
  facet normal -0.8241261886220153 0.5664062369248332 0
    outer loop
      vertex 2.2526681217947275 -1.5773351999653766 2.5
      vertex 2.2526681217947275 -1.5773351999653766 10
      vertex 2.2798533245263646 -1.537780484544554 10
    endloop
  endfacet
  facet normal -0.8338858220671689 0.551936985312057 0
    outer loop
      vertex 2.2798533245263646 -1.537780484544554 2.5
      vertex 2.2798533245263646 -1.537780484544554 10
      vertex 2.306344061849916 -1.4977573462913245 10
    endloop
  endfacet
  facet normal -0.8433914458128882 0.53729960834682 0
    outer loop
      vertex 2.306344061849916 -1.4977573462913245 2.5
      vertex 2.306344061849916 -1.4977573462913245 10
      vertex 2.332132264430171 -1.4572779766413135 10
    endloop
  endfacet
  facet normal -0.8526401643540878 0.522498564715956 0
    outer loop
      vertex 2.332132264430171 -1.4572779766413135 2.5
      vertex 2.332132264430171 -1.4572779766413135 10
      vertex 2.357210076930809 -1.416354706002649 10
    endloop
  endfacet
  facet normal -0.8616291604415283 0.5075383629607 0
    outer loop
      vertex 2.357210076930809 -1.416354706002649 2.5
      vertex 2.357210076930809 -1.416354706002649 10
      vertex 2.381569860407206 -1.375 10
    endloop
  endfacet
  facet normal -0.8703556959399005 0.4924235601034659 0
    outer loop
      vertex 2.381569860407206 -1.375 2.5
      vertex 2.381569860407206 -1.375 10
      vertex 2.4052041946333382 -1.333226455677427 10
    endloop
  endfacet
  facet normal -0.8788171126619606 0.47715876025961707 0
    outer loop
      vertex 2.4052041946333382 -1.333226455677427 2.5
      vertex 2.4052041946333382 -1.333226455677427 10
      vertex 2.4281058803620494 -1.2910467976611997 10
    endloop
  endfacet
  facet normal -0.8870108331782243 0.4617486132350289 0
    outer loop
      vertex 2.4281058803620494 -1.2910467976611997 2.5
      vertex 2.4281058803620494 -1.2910467976611997 10
      vertex 2.4502679415180117 -1.2484738742837536 10
    endloop
  endfacet
  facet normal -0.8949343616020238 0.4461978131098112 0
    outer loop
      vertex 2.4502679415180117 -1.2484738742837536 2.5
      vertex 2.4502679415180117 -1.2484738742837536 10
      vertex 2.4716836273227094 -1.205520653669963 10
    endloop
  endfacet
  facet normal -0.9025852843498623 0.4305110968082917 0
    outer loop
      vertex 2.4716836273227094 -1.205520653669963 2.5
      vertex 2.4716836273227094 -1.205520653669963 10
      vertex 2.4923464143507874 -1.1622002197869234 10
    endloop
  endfacet
  facet normal -0.9099612708765452 0.4146932426562347 0
    outer loop
      vertex 2.4923464143507874 -1.1622002197869234 2.5
      vertex 2.4923464143507874 -1.1622002197869234 10
      vertex 2.512250008517152 -1.1185257684584506 10
    endloop
  endfacet
  facet normal -0.9170600743851218 0.3987490689252514 0
    outer loop
      vertex 2.512250008517152 -1.1185257684584506 2.5
      vertex 2.512250008517152 -1.1185257684584506 10
      vertex 2.531388346994211 -1.074510603345503 10
    endloop
  endfacet
  facet normal -0.9238795325112883 0.3826834323650862 0
    outer loop
      vertex 2.531388346994211 -1.074510603345503 2.5
      vertex 2.531388346994211 -1.074510603345503 10
      vertex 2.549755600058665 -1.030168131893758 10
    endloop
  endfacet
  facet normal -0.9304175679820252 0.36650122672429575 0
    outer loop
      vertex 2.549755600058665 -1.030168131893758 2.5
      vertex 2.549755600058665 -1.030168131893758 10
      vertex 2.5673461728673046 -0.9855118612495757 10
    endloop
  endfacet
  facet normal -0.936672189248396 0.35020738125947165 0
    outer loop
      vertex 2.5673461728673046 -0.9855118612495757 2.5
      vertex 2.5673461728673046 -0.9855118612495757 10
      vertex 2.584154707161248 -0.940555394145589 10
    endloop
  endfacet
  facet normal -0.9426414910921764 0.3338068592337767 0
    outer loop
      vertex 2.584154707161248 -0.940555394145589 2.5
      vertex 2.584154707161248 -0.940555394145589 10
      vertex 2.6001760828981215 -0.8953124247571809 10
    endloop
  endfacet
  facet normal -0.9483236552062029 0.31730465640508154 0
    outer loop
      vertex 2.6001760828981215 -0.8953124247571809 2.5
      vertex 2.6001760828981215 -0.8953124247571809 10
      vertex 2.615405419811672 -0.8497967345311054 10
    endloop
  endfacet
  facet normal -0.9537169507482267 0.30070579950427373 0
    outer loop
      vertex 2.615405419811672 -0.8497967345311054 2.5
      vertex 2.615405419811672 -0.8497967345311054 10
      vertex 2.6298380788983473 -0.8040221879875261 10
    endloop
  endfacet
  facet normal -0.9588197348681915 0.2840153447039282 0
    outer loop
      vertex 2.6298380788983473 -0.8040221879875261 2.5
      vertex 2.6298380788983473 -0.8040221879875261 10
      vertex 2.643469663830377 -0.7580027284967477 10
    endloop
  endfacet
  facet normal -0.9636304532086242 0.267238376078253 0
    outer loop
      vertex 2.643469663830377 -0.7580027284967477 2.5
      vertex 2.643469663830377 -0.7580027284967477 10
      vertex 2.6562960222949377 -0.711752374031932 10
    endloop
  endfacet
  facet normal -0.968147640378108 0.2503800040544405 0
    outer loop
      vertex 2.6562960222949377 -0.711752374031932 2.5
      vertex 2.6562960222949377 -0.711752374031932 10
      vertex 2.66831324725899 -0.6652852128990863 10
    endloop
  endfacet
  facet normal -0.9723699203976762 0.2334453638559071 0
    outer loop
      vertex 2.66831324725899 -0.6652852128990863 2.5
      vertex 2.66831324725899 -0.6652852128990863 10
      vertex 2.679517678159397 -0.6186153994456287 10
    endloop
  endfacet
  facet normal -0.9762960071199323 0.21643961393810762 0
    outer loop
      vertex 2.679517678159397 -0.6186153994456287 2.5
      vertex 2.679517678159397 -0.6186153994456287 10
      vertex 2.6899059020179656 -0.5717571497488382 10
    endloop
  endfacet
  facet normal -0.9799247046208306 0.19936793441719203 0
    outer loop
      vertex 2.6899059020179656 -0.5717571497488382 2.5
      vertex 2.6899059020179656 -0.5717571497488382 10
      vertex 2.6994747544810758 -0.5247247372854982 10
    endloop
  endfacet
  facet normal -0.9832549075639544 0.18223552549214905 0
    outer loop
      vertex 2.6994747544810758 -0.5247247372854982 2.5
      vertex 2.6994747544810758 -0.5247247372854982 10
      vertex 2.708221320783572 -0.4775324885840584 10
    endloop
  endfacet
  facet normal -0.9862856015372312 0.16504760586067863 0
    outer loop
      vertex 2.708221320783572 -0.4775324885840584 2.5
      vertex 2.708221320783572 -0.4775324885840584 10
      vertex 2.7161429366366288 -0.4301947788606349 10
    endloop
  endfacet
  facet normal -0.9890158633619163 0.14780941112961404 0
    outer loop
      vertex 2.7161429366366288 -0.4301947788606349 2.5
      vertex 2.7161429366366288 -0.4301947788606349 10
      vertex 2.7232371890393186 -0.38272602764017993 10
    endloop
  endfacet
  facet normal -0.9914448613738108 0.1305261922200489 0
    outer loop
      vertex 2.7232371890393186 -0.38272602764017993 2.5
      vertex 2.7232371890393186 -0.38272602764017993 10
      vertex 2.7295019170136356 -0.33514069436415556 10
    endloop
  endfacet
  facet normal -0.9935718556765881 0.11320321376790188 0
    outer loop
      vertex 2.7295019170136356 -0.33514069436415556 2.5
      vertex 2.7295019170136356 -0.33514069436415556 10
      vertex 2.7349352122627515 -0.28745327398604703 10
    endloop
  endfacet
  facet normal -0.9953961983671787 0.0958457525202251 0
    outer loop
      vertex 2.7349352122627515 -0.28745327398604703 2.5
      vertex 2.7349352122627515 -0.28745327398604703 10
      vertex 2.7395354197523 -0.23967829255605996 10
    endloop
  endfacet
  facet normal -0.996917333733128 0.0784590957278437 0
    outer loop
      vertex 2.7395354197523 -0.23967829255605996 2.5
      vertex 2.7395354197523 -0.23967829255605996 10
      vertex 2.7433011382145165 -0.19183030279634458 10
    endloop
  endfacet
  facet normal -0.9981347984218669 0.061048539534859156 0
    outer loop
      vertex 2.7433011382145165 -0.19183030279634458 2.5
      vertex 2.7433011382145165 -0.19183030279634458 10
      vertex 2.746231220575078 -0.14392387966809556 10
    endloop
  endfacet
  facet normal -0.9990482215818575 0.043619387365341294 0
    outer loop
      vertex 2.746231220575078 -0.14392387966809556 2.5
      vertex 2.746231220575078 -0.14392387966809556 10
      vertex 2.7483247743025134 -0.09597361593187767 10
    endloop
  endfacet
  facet normal -0.9996573249755574 0.026176948307872476 0
    outer loop
      vertex 2.7483247743025134 -0.09597361593187767 2.5
      vertex 2.7483247743025134 -0.09597361593187767 10
      vertex 2.749581161680076 -0.047994117702529655 10
    endloop
  endfacet
  facet normal -0.9999619230641714 0.008726535498371038 0
    outer loop
      vertex 2.749581161680076 -0.047994117702529655 2.5
      vertex 2.749581161680076 -0.047994117702529655 10
      vertex 2.75 0 10
    endloop
  endfacet
  facet normal -0.6494480483301763 -0.7604059656000373 0
    outer loop
      vertex 1.7676659266379828 2.1066222185771895 2.5
      vertex 1.8041623297238951 2.075451345612623 2.5
      vertex 1.7676659266379828 2.1066222185771895 10
    endloop
  endfacet
  facet normal -0.6755902076156629 -0.7372773368101216 0
    outer loop
      vertex 1.8754954901718708 2.0112226794527186 2.5
      vertex 1.8401091674868602 2.043648270062834 10
      vertex 1.8401091674868602 2.043648270062834 2.5
    endloop
  endfacet
  facet normal -0.6626200482157408 -0.7489557207889992 0
    outer loop
      vertex 1.8041623297238951 2.075451345612623 2.5
      vertex 1.8401091674868602 2.043648270062834 2.5
      vertex 1.8041623297238951 2.075451345612623 10
    endloop
  endfacet
  facet normal -0.7489557207889992 -0.6626200482157408 0
    outer loop
      vertex 2.075451345612623 1.8041623297238951 2.5
      vertex 2.043648270062834 1.8401091674868602 10
      vertex 2.043648270062834 1.8401091674868602 2.5
    endloop
  endfacet
  facet normal -0.7604059656000373 -0.6494480483301763 0
    outer loop
      vertex 2.075451345612623 1.8041623297238951 2.5
      vertex 2.1066222185771895 1.7676659266379828 2.5
      vertex 2.075451345612623 1.8041623297238951 10
    endloop
  endfacet
  facet normal -0.7716245833877142 -0.6360782202777711 0
    outer loop
      vertex 2.1066222185771895 1.7676659266379828 2.5
      vertex 2.13715139400667 1.7306310753870529 2.5
      vertex 2.1066222185771895 1.7676659266379828 10
    endloop
  endfacet
  facet normal -0.7009092642998472 -0.7132504491541852 0
    outer loop
      vertex 1.9103105187622424 1.9781844509312907 2.5
      vertex 1.9445436482630059 1.9445436482630059 2.5
      vertex 1.9103105187622424 1.9781844509312907 10
    endloop
  endfacet
  facet normal -0.7253743710122907 -0.6883545756937507 0
    outer loop
      vertex 1.9781844509312907 1.9103105187622424 2.5
      vertex 2.0112226794527186 1.8754954901718708 2.5
      vertex 1.9781844509312907 1.9103105187622424 10
    endloop
  endfacet
  facet normal -0.7132504491541852 -0.7009092642998472 0
    outer loop
      vertex 1.9781844509312907 1.9103105187622424 2.5
      vertex 1.9445436482630059 1.9445436482630059 10
      vertex 1.9445436482630059 1.9445436482630059 2.5
    endloop
  endfacet
  facet normal -0.6883545756937507 -0.7253743710122907 0
    outer loop
      vertex 1.8754954901718708 2.0112226794527186 2.5
      vertex 1.9103105187622424 1.9781844509312907 2.5
      vertex 1.8754954901718708 2.0112226794527186 10
    endloop
  endfacet
  facet normal -0.7372773368101216 -0.6755902076156629 0
    outer loop
      vertex 2.0112226794527186 1.8754954901718708 2.5
      vertex 2.043648270062834 1.8401091674868602 2.5
      vertex 2.0112226794527186 1.8754954901718708 10
    endloop
  endfacet
  facet normal -0.6360782202777711 -0.7716245833877142 0
    outer loop
      vertex 1.7676659266379828 2.1066222185771895 2.5
      vertex 1.7676659266379828 2.1066222185771895 10
      vertex 1.7306310753870529 2.13715139400667 10
    endloop
  endfacet
  facet normal -0.6494480483301763 -0.7604059656000373 0
    outer loop
      vertex 1.8041623297238951 2.075451345612623 2.5
      vertex 1.8041623297238951 2.075451345612623 10
      vertex 1.7676659266379828 2.1066222185771895 10
    endloop
  endfacet
  facet normal -0.6626200482157408 -0.7489557207889992 0
    outer loop
      vertex 1.8401091674868602 2.043648270062834 2.5
      vertex 1.8401091674868602 2.043648270062834 10
      vertex 1.8041623297238951 2.075451345612623 10
    endloop
  endfacet
  facet normal -0.7372773368101216 -0.6755902076156629 0
    outer loop
      vertex 2.043648270062834 1.8401091674868602 2.5
      vertex 2.043648270062834 1.8401091674868602 10
      vertex 2.0112226794527186 1.8754954901718708 10
    endloop
  endfacet
  facet normal -0.7604059656000373 -0.6494480483301763 0
    outer loop
      vertex 2.1066222185771895 1.7676659266379828 2.5
      vertex 2.1066222185771895 1.7676659266379828 10
      vertex 2.075451345612623 1.8041623297238951 10
    endloop
  endfacet
  facet normal -0.7489557207889992 -0.6626200482157408 0
    outer loop
      vertex 2.075451345612623 1.8041623297238951 2.5
      vertex 2.075451345612623 1.8041623297238951 10
      vertex 2.043648270062834 1.8401091674868602 10
    endloop
  endfacet
  facet normal -0.6883545756937507 -0.7253743710122907 0
    outer loop
      vertex 1.9103105187622424 1.9781844509312907 2.5
      vertex 1.9103105187622424 1.9781844509312907 10
      vertex 1.8754954901718708 2.0112226794527186 10
    endloop
  endfacet
  facet normal -0.7132504491541852 -0.7009092642998472 0
    outer loop
      vertex 1.9781844509312907 1.9103105187622424 2.5
      vertex 1.9781844509312907 1.9103105187622424 10
      vertex 1.9445436482630059 1.9445436482630059 10
    endloop
  endfacet
  facet normal -0.7009092642998472 -0.7132504491541852 0
    outer loop
      vertex 1.9445436482630059 1.9445436482630059 2.5
      vertex 1.9445436482630059 1.9445436482630059 10
      vertex 1.9103105187622424 1.9781844509312907 10
    endloop
  endfacet
  facet normal -0.6755902076156629 -0.7372773368101216 0
    outer loop
      vertex 1.8754954901718708 2.0112226794527186 2.5
      vertex 1.8754954901718708 2.0112226794527186 10
      vertex 1.8401091674868602 2.043648270062834 10
    endloop
  endfacet
  facet normal -0.7253743710122907 -0.6883545756937507 0
    outer loop
      vertex 2.0112226794527186 1.8754954901718708 2.5
      vertex 2.0112226794527186 1.8754954901718708 10
      vertex 1.9781844509312907 1.9103105187622424 10
    endloop
  endfacet
  facet normal -0.008726535498371038 -0.9999619230641714 0
    outer loop
      vertex 0 2.75 2.5
      vertex 0.047994117702529655 2.749581161680076 2.5
      vertex 0 2.75 10
    endloop
  endfacet
  facet normal -0.026176948307872476 -0.9996573249755574 0
    outer loop
      vertex 0.047994117702529655 2.749581161680076 2.5
      vertex 0.09597361593187767 2.7483247743025134 2.5
      vertex 0.047994117702529655 2.749581161680076 10
    endloop
  endfacet
  facet normal -0.043619387365341294 -0.9990482215818575 0
    outer loop
      vertex 0.09597361593187767 2.7483247743025134 2.5
      vertex 0.14392387966809556 2.746231220575078 2.5
      vertex 0.09597361593187767 2.7483247743025134 10
    endloop
  endfacet
  facet normal -0.061048539534859156 -0.9981347984218669 0
    outer loop
      vertex 0.14392387966809556 2.746231220575078 2.5
      vertex 0.19183030279634458 2.7433011382145165 2.5
      vertex 0.14392387966809556 2.746231220575078 10
    endloop
  endfacet
  facet normal -0.0784590957278437 -0.996917333733128 0
    outer loop
      vertex 0.19183030279634458 2.7433011382145165 2.5
      vertex 0.23967829255605996 2.7395354197523 2.5
      vertex 0.19183030279634458 2.7433011382145165 10
    endloop
  endfacet
  facet normal -0.0958457525202251 -0.9953961983671787 0
    outer loop
      vertex 0.23967829255605996 2.7395354197523 2.5
      vertex 0.28745327398604703 2.7349352122627515 2.5
      vertex 0.23967829255605996 2.7395354197523 10
    endloop
  endfacet
  facet normal -0.11320321376790188 -0.9935718556765881 0
    outer loop
      vertex 0.28745327398604703 2.7349352122627515 2.5
      vertex 0.33514069436415556 2.7295019170136356 2.5
      vertex 0.28745327398604703 2.7349352122627515 10
    endloop
  endfacet
  facet normal -0.1305261922200489 -0.9914448613738108 0
    outer loop
      vertex 0.33514069436415556 2.7295019170136356 2.5
      vertex 0.38272602764017993 2.7232371890393186 2.5
      vertex 0.33514069436415556 2.7295019170136356 10
    endloop
  endfacet
  facet normal -0.14780941112961404 -0.9890158633619163 0
    outer loop
      vertex 0.38272602764017993 2.7232371890393186 2.5
      vertex 0.4301947788606349 2.7161429366366288 2.5
      vertex 0.38272602764017993 2.7232371890393186 10
    endloop
  endfacet
  facet normal -0.16504760586067863 -0.9862856015372312 0
    outer loop
      vertex 0.4301947788606349 2.7161429366366288 2.5
      vertex 0.4775324885840584 2.708221320783572 2.5
      vertex 0.4301947788606349 2.7161429366366288 10
    endloop
  endfacet
  facet normal -0.18223552549214905 -0.9832549075639544 0
    outer loop
      vertex 0.4775324885840584 2.708221320783572 2.5
      vertex 0.5247247372854982 2.6994747544810758 2.5
      vertex 0.4775324885840584 2.708221320783572 10
    endloop
  endfacet
  facet normal -0.267238376078253 -0.9636304532086242 0
    outer loop
      vertex 0.711752374031932 2.6562960222949377 2.5
      vertex 0.7580027284967477 2.643469663830377 2.5
      vertex 0.711752374031932 2.6562960222949377 10
    endloop
  endfacet
  facet normal -0.2840153447039282 -0.9588197348681915 0
    outer loop
      vertex 0.8040221879875261 2.6298380788983473 2.5
      vertex 0.7580027284967477 2.643469663830377 10
      vertex 0.7580027284967477 2.643469663830377 2.5
    endloop
  endfacet
  facet normal -0.30070579950427373 -0.9537169507482267 0
    outer loop
      vertex 0.8040221879875261 2.6298380788983473 2.5
      vertex 0.8497967345311054 2.615405419811672 2.5
      vertex 0.8040221879875261 2.6298380788983473 10
    endloop
  endfacet
  facet normal -0.31730465640508154 -0.9483236552062029 0
    outer loop
      vertex 0.8497967345311054 2.615405419811672 2.5
      vertex 0.8953124247571809 2.6001760828981215 2.5
      vertex 0.8497967345311054 2.615405419811672 10
    endloop
  endfacet
  facet normal -0.3338068592337767 -0.9426414910921764 0
    outer loop
      vertex 0.8953124247571809 2.6001760828981215 2.5
      vertex 0.940555394145589 2.584154707161248 2.5
      vertex 0.8953124247571809 2.6001760828981215 10
    endloop
  endfacet
  facet normal -0.35020738125947165 -0.936672189248396 0
    outer loop
      vertex 0.940555394145589 2.584154707161248 2.5
      vertex 0.9855118612495757 2.5673461728673046 2.5
      vertex 0.940555394145589 2.584154707161248 10
    endloop
  endfacet
  facet normal -0.36650122672429575 -0.9304175679820252 0
    outer loop
      vertex 0.9855118612495757 2.5673461728673046 2.5
      vertex 1.030168131893758 2.549755600058665 2.5
      vertex 0.9855118612495757 2.5673461728673046 10
    endloop
  endfacet
  facet normal -0.3826834323650862 -0.9238795325112883 0
    outer loop
      vertex 1.074510603345503 2.531388346994211 2.5
      vertex 1.030168131893758 2.549755600058665 10
      vertex 1.030168131893758 2.549755600058665 2.5
    endloop
  endfacet
  facet normal -0.19936793441719203 -0.9799247046208306 0
    outer loop
      vertex 0.5247247372854982 2.6994747544810758 2.5
      vertex 0.5717571497488382 2.6899059020179656 2.5
      vertex 0.5247247372854982 2.6994747544810758 10
    endloop
  endfacet
  facet normal -0.21643961393810762 -0.9762960071199323 0
    outer loop
      vertex 0.5717571497488382 2.6899059020179656 2.5
      vertex 0.6186153994456287 2.679517678159397 2.5
      vertex 0.5717571497488382 2.6899059020179656 10
    endloop
  endfacet
  facet normal -0.2334453638559071 -0.9723699203976762 0
    outer loop
      vertex 0.6186153994456287 2.679517678159397 2.5
      vertex 0.6652852128990863 2.66831324725899 2.5
      vertex 0.6186153994456287 2.679517678159397 10
    endloop
  endfacet
  facet normal -0.2503800040544405 -0.968147640378108 0
    outer loop
      vertex 0.6652852128990863 2.66831324725899 2.5
      vertex 0.711752374031932 2.6562960222949377 2.5
      vertex 0.6652852128990863 2.66831324725899 10
    endloop
  endfacet
  facet normal -0.4146932426562347 -0.9099612708765452 0
    outer loop
      vertex 1.1185257684584506 2.512250008517152 2.5
      vertex 1.1622002197869234 2.4923464143507874 2.5
      vertex 1.1185257684584506 2.512250008517152 10
    endloop
  endfacet
  facet normal -0.4305110968082917 -0.9025852843498623 0
    outer loop
      vertex 1.1622002197869234 2.4923464143507874 2.5
      vertex 1.205520653669963 2.4716836273227094 2.5
      vertex 1.1622002197869234 2.4923464143507874 10
    endloop
  endfacet
  facet normal -0.3987490689252514 -0.9170600743851218 0
    outer loop
      vertex 1.074510603345503 2.531388346994211 2.5
      vertex 1.1185257684584506 2.512250008517152 2.5
      vertex 1.074510603345503 2.531388346994211 10
    endloop
  endfacet
  facet normal -0.4461978131098112 -0.8949343616020238 0
    outer loop
      vertex 1.205520653669963 2.4716836273227094 2.5
      vertex 1.2484738742837536 2.4502679415180117 2.5
      vertex 1.205520653669963 2.4716836273227094 10
    endloop
  endfacet
  facet normal -0.4617486132350289 -0.8870108331782243 0
    outer loop
      vertex 1.2910467976611997 2.4281058803620494 2.5
      vertex 1.2484738742837536 2.4502679415180117 10
      vertex 1.2484738742837536 2.4502679415180117 2.5
    endloop
  endfacet
  facet normal -0.47715876025961707 -0.8788171126619606 0
    outer loop
      vertex 1.2910467976611997 2.4281058803620494 2.5
      vertex 1.333226455677427 2.4052041946333382 2.5
      vertex 1.2910467976611997 2.4281058803620494 10
    endloop
  endfacet
  facet normal -0.5075383629607 -0.8616291604415283 0
    outer loop
      vertex 1.375 2.381569860407206 2.5
      vertex 1.416354706002649 2.357210076930809 2.5
      vertex 1.375 2.381569860407206 10
    endloop
  endfacet
  facet normal -0.522498564715956 -0.8526401643540878 0
    outer loop
      vertex 1.416354706002649 2.357210076930809 2.5
      vertex 1.4572779766413135 2.332132264430171 2.5
      vertex 1.416354706002649 2.357210076930809 10
    endloop
  endfacet
  facet normal -0.5807029557109362 -0.8141155183563219 0
    outer loop
      vertex 1.616409443804301 2.2247967345311057 2.5
      vertex 1.5773351999653766 2.2526681217947275 10
      vertex 1.5773351999653766 2.2526681217947275 2.5
    endloop
  endfacet
  facet normal -0.53729960834682 -0.8433914458128882 0
    outer loop
      vertex 1.4572779766413135 2.332132264430171 2.5
      vertex 1.4977573462913245 2.306344061849916 2.5
      vertex 1.4572779766413135 2.332132264430171 10
    endloop
  endfacet
  facet normal -0.551936985312057 -0.8338858220671689 0
    outer loop
      vertex 1.4977573462913245 2.306344061849916 2.5
      vertex 1.537780484544554 2.2798533245263646 2.5
      vertex 1.4977573462913245 2.306344061849916 10
    endloop
  endfacet
  facet normal -0.5664062369248332 -0.8241261886220153 0
    outer loop
      vertex 1.537780484544554 2.2798533245263646 2.5
      vertex 1.5773351999653766 2.2526681217947275 2.5
      vertex 1.537780484544554 2.2798533245263646 10
    endloop
  endfacet
  facet normal -0.4924235601034659 -0.8703556959399005 0
    outer loop
      vertex 1.333226455677427 2.4052041946333382 2.5
      vertex 1.375 2.381569860407206 2.5
      vertex 1.333226455677427 2.4052041946333382 10
    endloop
  endfacet
  facet normal -0.594822786751345 -0.8038568606172146 0
    outer loop
      vertex 1.616409443804301 2.2247967345311057 2.5
      vertex 1.6549913136681327 2.1962476526300554 2.5
      vertex 1.616409443804301 2.2247967345311057 10
    endloop
  endfacet
  facet normal -0.6087614290087212 -0.7933533402912347 0
    outer loop
      vertex 1.6549913136681327 2.1962476526300554 2.5
      vertex 1.6930690571455602 2.1670295724184854 2.5
      vertex 1.6549913136681327 2.1962476526300554 10
    endloop
  endfacet
  facet normal -0.6225146366376167 -0.782608156852416 0
    outer loop
      vertex 1.6930690571455602 2.1670295724184854 2.5
      vertex 1.7306310753870529 2.13715139400667 2.5
      vertex 1.6930690571455602 2.1670295724184854 10
    endloop
  endfacet
  facet normal -0.6360782202777711 -0.7716245833877142 0
    outer loop
      vertex 1.7676659266379828 2.1066222185771895 2.5
      vertex 1.7306310753870529 2.13715139400667 10
      vertex 1.7306310753870529 2.13715139400667 2.5
    endloop
  endfacet
  facet normal -0.008726535498371038 -0.9999619230641714 0
    outer loop
      vertex 0.047994117702529655 2.749581161680076 2.5
      vertex 0.047994117702529655 2.749581161680076 10
      vertex 0 2.75 10
    endloop
  endfacet
  facet normal -0.026176948307872476 -0.9996573249755574 0
    outer loop
      vertex 0.09597361593187767 2.7483247743025134 2.5
      vertex 0.09597361593187767 2.7483247743025134 10
      vertex 0.047994117702529655 2.749581161680076 10
    endloop
  endfacet
  facet normal -0.043619387365341294 -0.9990482215818575 0
    outer loop
      vertex 0.14392387966809556 2.746231220575078 2.5
      vertex 0.14392387966809556 2.746231220575078 10
      vertex 0.09597361593187767 2.7483247743025134 10
    endloop
  endfacet
  facet normal -0.061048539534859156 -0.9981347984218669 0
    outer loop
      vertex 0.19183030279634458 2.7433011382145165 2.5
      vertex 0.19183030279634458 2.7433011382145165 10
      vertex 0.14392387966809556 2.746231220575078 10
    endloop
  endfacet
  facet normal -0.0784590957278437 -0.996917333733128 0
    outer loop
      vertex 0.23967829255605996 2.7395354197523 2.5
      vertex 0.23967829255605996 2.7395354197523 10
      vertex 0.19183030279634458 2.7433011382145165 10
    endloop
  endfacet
  facet normal -0.0958457525202251 -0.9953961983671787 0
    outer loop
      vertex 0.28745327398604703 2.7349352122627515 2.5
      vertex 0.28745327398604703 2.7349352122627515 10
      vertex 0.23967829255605996 2.7395354197523 10
    endloop
  endfacet
  facet normal -0.11320321376790188 -0.9935718556765881 0
    outer loop
      vertex 0.33514069436415556 2.7295019170136356 2.5
      vertex 0.33514069436415556 2.7295019170136356 10
      vertex 0.28745327398604703 2.7349352122627515 10
    endloop
  endfacet
  facet normal -0.1305261922200489 -0.9914448613738108 0
    outer loop
      vertex 0.38272602764017993 2.7232371890393186 2.5
      vertex 0.38272602764017993 2.7232371890393186 10
      vertex 0.33514069436415556 2.7295019170136356 10
    endloop
  endfacet
  facet normal -0.14780941112961404 -0.9890158633619163 0
    outer loop
      vertex 0.4301947788606349 2.7161429366366288 2.5
      vertex 0.4301947788606349 2.7161429366366288 10
      vertex 0.38272602764017993 2.7232371890393186 10
    endloop
  endfacet
  facet normal -0.16504760586067863 -0.9862856015372312 0
    outer loop
      vertex 0.4775324885840584 2.708221320783572 2.5
      vertex 0.4775324885840584 2.708221320783572 10
      vertex 0.4301947788606349 2.7161429366366288 10
    endloop
  endfacet
  facet normal -0.18223552549214905 -0.9832549075639544 0
    outer loop
      vertex 0.5247247372854982 2.6994747544810758 2.5
      vertex 0.5247247372854982 2.6994747544810758 10
      vertex 0.4775324885840584 2.708221320783572 10
    endloop
  endfacet
  facet normal -0.267238376078253 -0.9636304532086242 0
    outer loop
      vertex 0.7580027284967477 2.643469663830377 2.5
      vertex 0.7580027284967477 2.643469663830377 10
      vertex 0.711752374031932 2.6562960222949377 10
    endloop
  endfacet
  facet normal -0.2840153447039282 -0.9588197348681915 0
    outer loop
      vertex 0.8040221879875261 2.6298380788983473 2.5
      vertex 0.8040221879875261 2.6298380788983473 10
      vertex 0.7580027284967477 2.643469663830377 10
    endloop
  endfacet
  facet normal -0.30070579950427373 -0.9537169507482267 0
    outer loop
      vertex 0.8497967345311054 2.615405419811672 2.5
      vertex 0.8497967345311054 2.615405419811672 10
      vertex 0.8040221879875261 2.6298380788983473 10
    endloop
  endfacet
  facet normal -0.3338068592337767 -0.9426414910921764 0
    outer loop
      vertex 0.940555394145589 2.584154707161248 2.5
      vertex 0.940555394145589 2.584154707161248 10
      vertex 0.8953124247571809 2.6001760828981215 10
    endloop
  endfacet
  facet normal -0.31730465640508154 -0.9483236552062029 0
    outer loop
      vertex 0.8953124247571809 2.6001760828981215 2.5
      vertex 0.8953124247571809 2.6001760828981215 10
      vertex 0.8497967345311054 2.615405419811672 10
    endloop
  endfacet
  facet normal -0.35020738125947165 -0.936672189248396 0
    outer loop
      vertex 0.9855118612495757 2.5673461728673046 2.5
      vertex 0.9855118612495757 2.5673461728673046 10
      vertex 0.940555394145589 2.584154707161248 10
    endloop
  endfacet
  facet normal -0.36650122672429575 -0.9304175679820252 0
    outer loop
      vertex 1.030168131893758 2.549755600058665 2.5
      vertex 1.030168131893758 2.549755600058665 10
      vertex 0.9855118612495757 2.5673461728673046 10
    endloop
  endfacet
  facet normal -0.3826834323650862 -0.9238795325112883 0
    outer loop
      vertex 1.074510603345503 2.531388346994211 2.5
      vertex 1.074510603345503 2.531388346994211 10
      vertex 1.030168131893758 2.549755600058665 10
    endloop
  endfacet
  facet normal -0.19936793441719203 -0.9799247046208306 0
    outer loop
      vertex 0.5717571497488382 2.6899059020179656 2.5
      vertex 0.5717571497488382 2.6899059020179656 10
      vertex 0.5247247372854982 2.6994747544810758 10
    endloop
  endfacet
  facet normal -0.21643961393810762 -0.9762960071199323 0
    outer loop
      vertex 0.6186153994456287 2.679517678159397 2.5
      vertex 0.6186153994456287 2.679517678159397 10
      vertex 0.5717571497488382 2.6899059020179656 10
    endloop
  endfacet
  facet normal -0.2334453638559071 -0.9723699203976762 0
    outer loop
      vertex 0.6652852128990863 2.66831324725899 2.5
      vertex 0.6652852128990863 2.66831324725899 10
      vertex 0.6186153994456287 2.679517678159397 10
    endloop
  endfacet
  facet normal -0.2503800040544405 -0.968147640378108 0
    outer loop
      vertex 0.711752374031932 2.6562960222949377 2.5
      vertex 0.711752374031932 2.6562960222949377 10
      vertex 0.6652852128990863 2.66831324725899 10
    endloop
  endfacet
  facet normal -0.3987490689252514 -0.9170600743851218 0
    outer loop
      vertex 1.1185257684584506 2.512250008517152 2.5
      vertex 1.1185257684584506 2.512250008517152 10
      vertex 1.074510603345503 2.531388346994211 10
    endloop
  endfacet
  facet normal -0.4146932426562347 -0.9099612708765452 0
    outer loop
      vertex 1.1622002197869234 2.4923464143507874 2.5
      vertex 1.1622002197869234 2.4923464143507874 10
      vertex 1.1185257684584506 2.512250008517152 10
    endloop
  endfacet
  facet normal -0.4305110968082917 -0.9025852843498623 0
    outer loop
      vertex 1.205520653669963 2.4716836273227094 2.5
      vertex 1.205520653669963 2.4716836273227094 10
      vertex 1.1622002197869234 2.4923464143507874 10
    endloop
  endfacet
  facet normal -0.4461978131098112 -0.8949343616020238 0
    outer loop
      vertex 1.2484738742837536 2.4502679415180117 2.5
      vertex 1.2484738742837536 2.4502679415180117 10
      vertex 1.205520653669963 2.4716836273227094 10
    endloop
  endfacet
  facet normal -0.4617486132350289 -0.8870108331782243 0
    outer loop
      vertex 1.2910467976611997 2.4281058803620494 2.5
      vertex 1.2910467976611997 2.4281058803620494 10
      vertex 1.2484738742837536 2.4502679415180117 10
    endloop
  endfacet
  facet normal -0.47715876025961707 -0.8788171126619606 0
    outer loop
      vertex 1.333226455677427 2.4052041946333382 2.5
      vertex 1.333226455677427 2.4052041946333382 10
      vertex 1.2910467976611997 2.4281058803620494 10
    endloop
  endfacet
  facet normal -0.4924235601034659 -0.8703556959399005 0
    outer loop
      vertex 1.375 2.381569860407206 2.5
      vertex 1.375 2.381569860407206 10
      vertex 1.333226455677427 2.4052041946333382 10
    endloop
  endfacet
  facet normal -0.5075383629607 -0.8616291604415283 0
    outer loop
      vertex 1.416354706002649 2.357210076930809 2.5
      vertex 1.416354706002649 2.357210076930809 10
      vertex 1.375 2.381569860407206 10
    endloop
  endfacet
  facet normal -0.522498564715956 -0.8526401643540878 0
    outer loop
      vertex 1.4572779766413135 2.332132264430171 2.5
      vertex 1.4572779766413135 2.332132264430171 10
      vertex 1.416354706002649 2.357210076930809 10
    endloop
  endfacet
  facet normal -0.53729960834682 -0.8433914458128882 0
    outer loop
      vertex 1.4977573462913245 2.306344061849916 2.5
      vertex 1.4977573462913245 2.306344061849916 10
      vertex 1.4572779766413135 2.332132264430171 10
    endloop
  endfacet
  facet normal -0.551936985312057 -0.8338858220671689 0
    outer loop
      vertex 1.537780484544554 2.2798533245263646 2.5
      vertex 1.537780484544554 2.2798533245263646 10
      vertex 1.4977573462913245 2.306344061849916 10
    endloop
  endfacet
  facet normal -0.5664062369248332 -0.8241261886220153 0
    outer loop
      vertex 1.5773351999653766 2.2526681217947275 2.5
      vertex 1.5773351999653766 2.2526681217947275 10
      vertex 1.537780484544554 2.2798533245263646 10
    endloop
  endfacet
  facet normal -0.5807029557109362 -0.8141155183563219 0
    outer loop
      vertex 1.616409443804301 2.2247967345311057 2.5
      vertex 1.616409443804301 2.2247967345311057 10
      vertex 1.5773351999653766 2.2526681217947275 10
    endloop
  endfacet
  facet normal -0.594822786751345 -0.8038568606172146 0
    outer loop
      vertex 1.6549913136681327 2.1962476526300554 2.5
      vertex 1.6549913136681327 2.1962476526300554 10
      vertex 1.616409443804301 2.2247967345311057 10
    endloop
  endfacet
  facet normal -0.6087614290087212 -0.7933533402912347 0
    outer loop
      vertex 1.6930690571455602 2.1670295724184854 2.5
      vertex 1.6930690571455602 2.1670295724184854 10
      vertex 1.6549913136681327 2.1962476526300554 10
    endloop
  endfacet
  facet normal -0.6225146366376167 -0.782608156852416 0
    outer loop
      vertex 1.7306310753870529 2.13715139400667 2.5
      vertex 1.7306310753870529 2.13715139400667 10
      vertex 1.6930690571455602 2.1670295724184854 10
    endloop
  endfacet
  facet normal -0.9636304532086242 -0.267238376078253 0
    outer loop
      vertex 2.6562960222949377 0.711752374031932 2.5
      vertex 2.643469663830377 0.7580027284967477 10
      vertex 2.643469663830377 0.7580027284967477 2.5
    endloop
  endfacet
  facet normal -0.9588197348681915 -0.2840153447039282 0
    outer loop
      vertex 2.6298380788983473 0.8040221879875261 2.5
      vertex 2.643469663830377 0.7580027284967477 2.5
      vertex 2.6298380788983473 0.8040221879875261 10
    endloop
  endfacet
  facet normal -0.9426414910921764 -0.3338068592337767 0
    outer loop
      vertex 2.6001760828981215 0.8953124247571809 2.5
      vertex 2.584154707161248 0.940555394145589 10
      vertex 2.584154707161248 0.940555394145589 2.5
    endloop
  endfacet
  facet normal -0.9537169507482267 -0.30070579950427373 0
    outer loop
      vertex 2.6298380788983473 0.8040221879875261 2.5
      vertex 2.615405419811672 0.8497967345311054 10
      vertex 2.615405419811672 0.8497967345311054 2.5
    endloop
  endfacet
  facet normal -0.9483236552062029 -0.31730465640508154 0
    outer loop
      vertex 2.615405419811672 0.8497967345311054 2.5
      vertex 2.6001760828981215 0.8953124247571809 10
      vertex 2.6001760828981215 0.8953124247571809 2.5
    endloop
  endfacet
  facet normal -0.936672189248396 -0.35020738125947165 0
    outer loop
      vertex 2.584154707161248 0.940555394145589 2.5
      vertex 2.5673461728673046 0.9855118612495757 10
      vertex 2.5673461728673046 0.9855118612495757 2.5
    endloop
  endfacet
  facet normal -0.9304175679820252 -0.36650122672429575 0
    outer loop
      vertex 2.5673461728673046 0.9855118612495757 2.5
      vertex 2.549755600058665 1.030168131893758 10
      vertex 2.549755600058665 1.030168131893758 2.5
    endloop
  endfacet
  facet normal -0.9238795325112883 -0.3826834323650862 0
    outer loop
      vertex 2.531388346994211 1.074510603345503 2.5
      vertex 2.549755600058665 1.030168131893758 2.5
      vertex 2.531388346994211 1.074510603345503 10
    endloop
  endfacet
  facet normal -0.9999619230641714 -0.008726535498371038 0
    outer loop
      vertex 2.75 0 2.5
      vertex 2.749581161680076 0.047994117702529655 10
      vertex 2.749581161680076 0.047994117702529655 2.5
    endloop
  endfacet
  facet normal -0.9996573249755574 -0.026176948307872476 0
    outer loop
      vertex 2.749581161680076 0.047994117702529655 2.5
      vertex 2.7483247743025134 0.09597361593187767 10
      vertex 2.7483247743025134 0.09597361593187767 2.5
    endloop
  endfacet
  facet normal -0.9990482215818575 -0.043619387365341294 0
    outer loop
      vertex 2.7483247743025134 0.09597361593187767 2.5
      vertex 2.746231220575078 0.14392387966809556 10
      vertex 2.746231220575078 0.14392387966809556 2.5
    endloop
  endfacet
  facet normal -0.9981347984218669 -0.061048539534859156 0
    outer loop
      vertex 2.746231220575078 0.14392387966809556 2.5
      vertex 2.7433011382145165 0.19183030279634458 10
      vertex 2.7433011382145165 0.19183030279634458 2.5
    endloop
  endfacet
  facet normal -0.996917333733128 -0.0784590957278437 0
    outer loop
      vertex 2.7433011382145165 0.19183030279634458 2.5
      vertex 2.7395354197523 0.23967829255605996 10
      vertex 2.7395354197523 0.23967829255605996 2.5
    endloop
  endfacet
  facet normal -0.9953961983671787 -0.0958457525202251 0
    outer loop
      vertex 2.7395354197523 0.23967829255605996 2.5
      vertex 2.7349352122627515 0.28745327398604703 10
      vertex 2.7349352122627515 0.28745327398604703 2.5
    endloop
  endfacet
  facet normal -0.9935718556765881 -0.11320321376790188 0
    outer loop
      vertex 2.7349352122627515 0.28745327398604703 2.5
      vertex 2.7295019170136356 0.33514069436415556 10
      vertex 2.7295019170136356 0.33514069436415556 2.5
    endloop
  endfacet
  facet normal -0.9914448613738108 -0.1305261922200489 0
    outer loop
      vertex 2.7295019170136356 0.33514069436415556 2.5
      vertex 2.7232371890393186 0.38272602764017993 10
      vertex 2.7232371890393186 0.38272602764017993 2.5
    endloop
  endfacet
  facet normal -0.9890158633619163 -0.14780941112961404 0
    outer loop
      vertex 2.7232371890393186 0.38272602764017993 2.5
      vertex 2.7161429366366288 0.4301947788606349 10
      vertex 2.7161429366366288 0.4301947788606349 2.5
    endloop
  endfacet
  facet normal -0.9862856015372312 -0.16504760586067863 0
    outer loop
      vertex 2.7161429366366288 0.4301947788606349 2.5
      vertex 2.708221320783572 0.4775324885840584 10
      vertex 2.708221320783572 0.4775324885840584 2.5
    endloop
  endfacet
  facet normal -0.9832549075639544 -0.18223552549214905 0
    outer loop
      vertex 2.708221320783572 0.4775324885840584 2.5
      vertex 2.6994747544810758 0.5247247372854982 10
      vertex 2.6994747544810758 0.5247247372854982 2.5
    endloop
  endfacet
  facet normal -0.9799247046208306 -0.19936793441719203 0
    outer loop
      vertex 2.6899059020179656 0.5717571497488382 2.5
      vertex 2.6994747544810758 0.5247247372854982 2.5
      vertex 2.6899059020179656 0.5717571497488382 10
    endloop
  endfacet
  facet normal -0.9762960071199323 -0.21643961393810762 0
    outer loop
      vertex 2.6899059020179656 0.5717571497488382 2.5
      vertex 2.679517678159397 0.6186153994456287 10
      vertex 2.679517678159397 0.6186153994456287 2.5
    endloop
  endfacet
  facet normal -0.9723699203976762 -0.2334453638559071 0
    outer loop
      vertex 2.679517678159397 0.6186153994456287 2.5
      vertex 2.66831324725899 0.6652852128990863 10
      vertex 2.66831324725899 0.6652852128990863 2.5
    endloop
  endfacet
  facet normal -0.968147640378108 -0.2503800040544405 0
    outer loop
      vertex 2.66831324725899 0.6652852128990863 2.5
      vertex 2.6562960222949377 0.711752374031932 10
      vertex 2.6562960222949377 0.711752374031932 2.5
    endloop
  endfacet
  facet normal -0.8703556959399005 -0.4924235601034659 0
    outer loop
      vertex 2.381569860407206 1.375 2.5
      vertex 2.4052041946333382 1.333226455677427 2.5
      vertex 2.381569860407206 1.375 10
    endloop
  endfacet
  facet normal -0.8526401643540878 -0.522498564715956 0
    outer loop
      vertex 2.357210076930809 1.416354706002649 2.5
      vertex 2.332132264430171 1.4572779766413135 10
      vertex 2.332132264430171 1.4572779766413135 2.5
    endloop
  endfacet
  facet normal -0.8616291604415283 -0.5075383629607 0
    outer loop
      vertex 2.357210076930809 1.416354706002649 2.5
      vertex 2.381569860407206 1.375 2.5
      vertex 2.357210076930809 1.416354706002649 10
    endloop
  endfacet
  facet normal -0.8338858220671689 -0.551936985312057 0
    outer loop
      vertex 2.306344061849916 1.4977573462913245 2.5
      vertex 2.2798533245263646 1.537780484544554 10
      vertex 2.2798533245263646 1.537780484544554 2.5
    endloop
  endfacet
  facet normal -0.8433914458128882 -0.53729960834682 0
    outer loop
      vertex 2.332132264430171 1.4572779766413135 2.5
      vertex 2.306344061849916 1.4977573462913245 10
      vertex 2.306344061849916 1.4977573462913245 2.5
    endloop
  endfacet
  facet normal -0.8241261886220153 -0.5664062369248332 0
    outer loop
      vertex 2.2798533245263646 1.537780484544554 2.5
      vertex 2.2526681217947275 1.5773351999653766 10
      vertex 2.2526681217947275 1.5773351999653766 2.5
    endloop
  endfacet
  facet normal -0.9170600743851218 -0.3987490689252514 0
    outer loop
      vertex 2.531388346994211 1.074510603345503 2.5
      vertex 2.512250008517152 1.1185257684584506 10
      vertex 2.512250008517152 1.1185257684584506 2.5
    endloop
  endfacet
  facet normal -0.9025852843498623 -0.4305110968082917 0
    outer loop
      vertex 2.4716836273227094 1.205520653669963 2.5
      vertex 2.4923464143507874 1.1622002197869234 2.5
      vertex 2.4716836273227094 1.205520653669963 10
    endloop
  endfacet
  facet normal -0.9099612708765452 -0.4146932426562347 0
    outer loop
      vertex 2.512250008517152 1.1185257684584506 2.5
      vertex 2.4923464143507874 1.1622002197869234 10
      vertex 2.4923464143507874 1.1622002197869234 2.5
    endloop
  endfacet
  facet normal -0.8788171126619606 -0.47715876025961707 0
    outer loop
      vertex 2.4281058803620494 1.2910467976611997 2.5
      vertex 2.4052041946333382 1.333226455677427 10
      vertex 2.4052041946333382 1.333226455677427 2.5
    endloop
  endfacet
  facet normal -0.8870108331782243 -0.4617486132350289 0
    outer loop
      vertex 2.4281058803620494 1.2910467976611997 2.5
      vertex 2.4502679415180117 1.2484738742837536 2.5
      vertex 2.4281058803620494 1.2910467976611997 10
    endloop
  endfacet
  facet normal -0.8949343616020238 -0.4461978131098112 0
    outer loop
      vertex 2.4716836273227094 1.205520653669963 2.5
      vertex 2.4502679415180117 1.2484738742837536 10
      vertex 2.4502679415180117 1.2484738742837536 2.5
    endloop
  endfacet
  facet normal -0.782608156852416 -0.6225146366376167 0
    outer loop
      vertex 2.1670295724184854 1.6930690571455602 2.5
      vertex 2.13715139400667 1.7306310753870529 10
      vertex 2.13715139400667 1.7306310753870529 2.5
    endloop
  endfacet
  facet normal -0.7933533402912347 -0.6087614290087212 0
    outer loop
      vertex 2.1670295724184854 1.6930690571455602 2.5
      vertex 2.1962476526300554 1.6549913136681327 2.5
      vertex 2.1670295724184854 1.6930690571455602 10
    endloop
  endfacet
  facet normal -0.8038568606172146 -0.594822786751345 0
    outer loop
      vertex 2.2247967345311057 1.616409443804301 2.5
      vertex 2.1962476526300554 1.6549913136681327 10
      vertex 2.1962476526300554 1.6549913136681327 2.5
    endloop
  endfacet
  facet normal -0.8141155183563219 -0.5807029557109362 0
    outer loop
      vertex 2.2247967345311057 1.616409443804301 2.5
      vertex 2.2526681217947275 1.5773351999653766 2.5
      vertex 2.2247967345311057 1.616409443804301 10
    endloop
  endfacet
  facet normal -0.9636304532086242 -0.267238376078253 0
    outer loop
      vertex 2.6562960222949377 0.711752374031932 2.5
      vertex 2.6562960222949377 0.711752374031932 10
      vertex 2.643469663830377 0.7580027284967477 10
    endloop
  endfacet
  facet normal -0.9588197348681915 -0.2840153447039282 0
    outer loop
      vertex 2.643469663830377 0.7580027284967477 2.5
      vertex 2.643469663830377 0.7580027284967477 10
      vertex 2.6298380788983473 0.8040221879875261 10
    endloop
  endfacet
  facet normal -0.9537169507482267 -0.30070579950427373 0
    outer loop
      vertex 2.6298380788983473 0.8040221879875261 2.5
      vertex 2.6298380788983473 0.8040221879875261 10
      vertex 2.615405419811672 0.8497967345311054 10
    endloop
  endfacet
  facet normal -0.9483236552062029 -0.31730465640508154 0
    outer loop
      vertex 2.615405419811672 0.8497967345311054 2.5
      vertex 2.615405419811672 0.8497967345311054 10
      vertex 2.6001760828981215 0.8953124247571809 10
    endloop
  endfacet
  facet normal -0.9426414910921764 -0.3338068592337767 0
    outer loop
      vertex 2.6001760828981215 0.8953124247571809 2.5
      vertex 2.6001760828981215 0.8953124247571809 10
      vertex 2.584154707161248 0.940555394145589 10
    endloop
  endfacet
  facet normal -0.936672189248396 -0.35020738125947165 0
    outer loop
      vertex 2.584154707161248 0.940555394145589 2.5
      vertex 2.584154707161248 0.940555394145589 10
      vertex 2.5673461728673046 0.9855118612495757 10
    endloop
  endfacet
  facet normal -0.9238795325112883 -0.3826834323650862 0
    outer loop
      vertex 2.549755600058665 1.030168131893758 2.5
      vertex 2.549755600058665 1.030168131893758 10
      vertex 2.531388346994211 1.074510603345503 10
    endloop
  endfacet
  facet normal -0.9304175679820252 -0.36650122672429575 0
    outer loop
      vertex 2.5673461728673046 0.9855118612495757 2.5
      vertex 2.5673461728673046 0.9855118612495757 10
      vertex 2.549755600058665 1.030168131893758 10
    endloop
  endfacet
  facet normal -0.9999619230641714 -0.008726535498371038 0
    outer loop
      vertex 2.75 0 2.5
      vertex 2.75 0 10
      vertex 2.749581161680076 0.047994117702529655 10
    endloop
  endfacet
  facet normal -0.9996573249755574 -0.026176948307872476 0
    outer loop
      vertex 2.749581161680076 0.047994117702529655 2.5
      vertex 2.749581161680076 0.047994117702529655 10
      vertex 2.7483247743025134 0.09597361593187767 10
    endloop
  endfacet
  facet normal -0.9990482215818575 -0.043619387365341294 0
    outer loop
      vertex 2.7483247743025134 0.09597361593187767 2.5
      vertex 2.7483247743025134 0.09597361593187767 10
      vertex 2.746231220575078 0.14392387966809556 10
    endloop
  endfacet
  facet normal -0.9981347984218669 -0.061048539534859156 0
    outer loop
      vertex 2.746231220575078 0.14392387966809556 2.5
      vertex 2.746231220575078 0.14392387966809556 10
      vertex 2.7433011382145165 0.19183030279634458 10
    endloop
  endfacet
  facet normal -0.996917333733128 -0.0784590957278437 0
    outer loop
      vertex 2.7433011382145165 0.19183030279634458 2.5
      vertex 2.7433011382145165 0.19183030279634458 10
      vertex 2.7395354197523 0.23967829255605996 10
    endloop
  endfacet
  facet normal -0.9953961983671787 -0.0958457525202251 0
    outer loop
      vertex 2.7395354197523 0.23967829255605996 2.5
      vertex 2.7395354197523 0.23967829255605996 10
      vertex 2.7349352122627515 0.28745327398604703 10
    endloop
  endfacet
  facet normal -0.9935718556765881 -0.11320321376790188 0
    outer loop
      vertex 2.7349352122627515 0.28745327398604703 2.5
      vertex 2.7349352122627515 0.28745327398604703 10
      vertex 2.7295019170136356 0.33514069436415556 10
    endloop
  endfacet
  facet normal -0.9914448613738108 -0.1305261922200489 0
    outer loop
      vertex 2.7295019170136356 0.33514069436415556 2.5
      vertex 2.7295019170136356 0.33514069436415556 10
      vertex 2.7232371890393186 0.38272602764017993 10
    endloop
  endfacet
  facet normal -0.9890158633619163 -0.14780941112961404 0
    outer loop
      vertex 2.7232371890393186 0.38272602764017993 2.5
      vertex 2.7232371890393186 0.38272602764017993 10
      vertex 2.7161429366366288 0.4301947788606349 10
    endloop
  endfacet
  facet normal -0.9862856015372312 -0.16504760586067863 0
    outer loop
      vertex 2.7161429366366288 0.4301947788606349 2.5
      vertex 2.7161429366366288 0.4301947788606349 10
      vertex 2.708221320783572 0.4775324885840584 10
    endloop
  endfacet
  facet normal -0.9832549075639544 -0.18223552549214905 0
    outer loop
      vertex 2.708221320783572 0.4775324885840584 2.5
      vertex 2.708221320783572 0.4775324885840584 10
      vertex 2.6994747544810758 0.5247247372854982 10
    endloop
  endfacet
  facet normal -0.9762960071199323 -0.21643961393810762 0
    outer loop
      vertex 2.6899059020179656 0.5717571497488382 2.5
      vertex 2.6899059020179656 0.5717571497488382 10
      vertex 2.679517678159397 0.6186153994456287 10
    endloop
  endfacet
  facet normal -0.9799247046208306 -0.19936793441719203 0
    outer loop
      vertex 2.6994747544810758 0.5247247372854982 2.5
      vertex 2.6994747544810758 0.5247247372854982 10
      vertex 2.6899059020179656 0.5717571497488382 10
    endloop
  endfacet
  facet normal -0.9723699203976762 -0.2334453638559071 0
    outer loop
      vertex 2.679517678159397 0.6186153994456287 2.5
      vertex 2.679517678159397 0.6186153994456287 10
      vertex 2.66831324725899 0.6652852128990863 10
    endloop
  endfacet
  facet normal -0.968147640378108 -0.2503800040544405 0
    outer loop
      vertex 2.66831324725899 0.6652852128990863 2.5
      vertex 2.66831324725899 0.6652852128990863 10
      vertex 2.6562960222949377 0.711752374031932 10
    endloop
  endfacet
  facet normal -0.8141155183563219 -0.5807029557109362 0
    outer loop
      vertex 2.2526681217947275 1.5773351999653766 2.5
      vertex 2.2526681217947275 1.5773351999653766 10
      vertex 2.2247967345311057 1.616409443804301 10
    endloop
  endfacet
  facet normal -0.8616291604415283 -0.5075383629607 0
    outer loop
      vertex 2.381569860407206 1.375 2.5
      vertex 2.381569860407206 1.375 10
      vertex 2.357210076930809 1.416354706002649 10
    endloop
  endfacet
  facet normal -0.8526401643540878 -0.522498564715956 0
    outer loop
      vertex 2.357210076930809 1.416354706002649 2.5
      vertex 2.357210076930809 1.416354706002649 10
      vertex 2.332132264430171 1.4572779766413135 10
    endloop
  endfacet
  facet normal -0.8433914458128882 -0.53729960834682 0
    outer loop
      vertex 2.332132264430171 1.4572779766413135 2.5
      vertex 2.332132264430171 1.4572779766413135 10
      vertex 2.306344061849916 1.4977573462913245 10
    endloop
  endfacet
  facet normal -0.8338858220671689 -0.551936985312057 0
    outer loop
      vertex 2.306344061849916 1.4977573462913245 2.5
      vertex 2.306344061849916 1.4977573462913245 10
      vertex 2.2798533245263646 1.537780484544554 10
    endloop
  endfacet
  facet normal -0.8241261886220153 -0.5664062369248332 0
    outer loop
      vertex 2.2798533245263646 1.537780484544554 2.5
      vertex 2.2798533245263646 1.537780484544554 10
      vertex 2.2526681217947275 1.5773351999653766 10
    endloop
  endfacet
  facet normal -0.9025852843498623 -0.4305110968082917 0
    outer loop
      vertex 2.4923464143507874 1.1622002197869234 2.5
      vertex 2.4923464143507874 1.1622002197869234 10
      vertex 2.4716836273227094 1.205520653669963 10
    endloop
  endfacet
  facet normal -0.9099612708765452 -0.4146932426562347 0
    outer loop
      vertex 2.512250008517152 1.1185257684584506 2.5
      vertex 2.512250008517152 1.1185257684584506 10
      vertex 2.4923464143507874 1.1622002197869234 10
    endloop
  endfacet
  facet normal -0.8788171126619606 -0.47715876025961707 0
    outer loop
      vertex 2.4281058803620494 1.2910467976611997 2.5
      vertex 2.4281058803620494 1.2910467976611997 10
      vertex 2.4052041946333382 1.333226455677427 10
    endloop
  endfacet
  facet normal -0.8870108331782243 -0.4617486132350289 0
    outer loop
      vertex 2.4502679415180117 1.2484738742837536 2.5
      vertex 2.4502679415180117 1.2484738742837536 10
      vertex 2.4281058803620494 1.2910467976611997 10
    endloop
  endfacet
  facet normal -0.8949343616020238 -0.4461978131098112 0
    outer loop
      vertex 2.4716836273227094 1.205520653669963 2.5
      vertex 2.4716836273227094 1.205520653669963 10
      vertex 2.4502679415180117 1.2484738742837536 10
    endloop
  endfacet
  facet normal -0.9170600743851218 -0.3987490689252514 0
    outer loop
      vertex 2.531388346994211 1.074510603345503 2.5
      vertex 2.531388346994211 1.074510603345503 10
      vertex 2.512250008517152 1.1185257684584506 10
    endloop
  endfacet
  facet normal -0.8703556959399005 -0.4924235601034659 0
    outer loop
      vertex 2.4052041946333382 1.333226455677427 2.5
      vertex 2.4052041946333382 1.333226455677427 10
      vertex 2.381569860407206 1.375 10
    endloop
  endfacet
  facet normal -0.782608156852416 -0.6225146366376167 0
    outer loop
      vertex 2.1670295724184854 1.6930690571455602 2.5
      vertex 2.1670295724184854 1.6930690571455602 10
      vertex 2.13715139400667 1.7306310753870529 10
    endloop
  endfacet
  facet normal -0.7933533402912347 -0.6087614290087212 0
    outer loop
      vertex 2.1962476526300554 1.6549913136681327 2.5
      vertex 2.1962476526300554 1.6549913136681327 10
      vertex 2.1670295724184854 1.6930690571455602 10
    endloop
  endfacet
  facet normal -0.8038568606172146 -0.594822786751345 0
    outer loop
      vertex 2.2247967345311057 1.616409443804301 2.5
      vertex 2.2247967345311057 1.616409443804301 10
      vertex 2.1962476526300554 1.6549913136681327 10
    endloop
  endfacet
  facet normal -0.7716245833877142 -0.6360782202777711 0
    outer loop
      vertex 2.13715139400667 1.7306310753870529 2.5
      vertex 2.13715139400667 1.7306310753870529 10
      vertex 2.1066222185771895 1.7676659266379828 10
    endloop
  endfacet
  facet normal 0.711289132518214 0.6749881834491516 -0.19610895483251414
    outer loop
      vertex -1.9781844509312907 -1.9103105187622424 2.5
      vertex -2.3378543511006162 -2.257639703991741 0
      vertex -2.376899530262304 -2.21649467020312 0
    endloop
  endfacet
  facet normal 0.6994006316202145 0.6872990865145565 -0.19610895483251423
    outer loop
      vertex -1.9445436482630059 -1.9445436482630059 2.5
      vertex -2.29809703885628 -2.29809703885628 0
      vertex -2.3378543511006162 -2.257639703991741 0
    endloop
  endfacet
  facet normal 0.6872990865145565 0.6994006316202145 -0.19610895483251423
    outer loop
      vertex -1.9445436482630059 -1.9445436482630059 2.5
      vertex -2.257639703991741 -2.3378543511006162 0
      vertex -2.29809703885628 -2.29809703885628 0
    endloop
  endfacet
  facet normal 0.6749881834491516 0.711289132518214 -0.19610895483251414
    outer loop
      vertex -1.9103105187622424 -1.9781844509312907 2.5
      vertex -2.21649467020312 -2.376899530262304 0
      vertex -2.257639703991741 -2.3378543511006162 0
    endloop
  endfacet
  facet normal 0.8617523401538857 0.46789334476331285 -0.19610895483251425
    outer loop
      vertex -2.4052041946333382 -1.333226455677427 2.5
      vertex -2.842514048203036 -1.5756312658005955 0
      vertex -2.8695796767915125 -1.525782579054145 0
    endloop
  endfacet
  facet normal 0.8534552262763782 0.4828617344292617 -0.19610895483251406
    outer loop
      vertex -2.381569860407206 -1.375 2.5
      vertex -2.8145825622994254 -1.625 0
      vertex -2.842514048203036 -1.5756312658005955 0
    endloop
  endfacet
  facet normal 0.8697869559205963 0.45278243025197173 -0.19610895483251406
    outer loop
      vertex -2.4281058803620494 -1.2910467976611997 2.5
      vertex -2.8695796767915125 -1.525782579054145 0
      vertex -2.895771203612196 -1.475469124153527 0
    endloop
  endfacet
  facet normal 0.8850589841394376 0.42215148042920075 -0.19610895483251414
    outer loop
      vertex -2.4716836273227094 -1.205520653669963 2.5
      vertex -2.921080650472293 -1.4247062270645015 0
      vertex -2.9455003078691124 -1.373509350657273 0
    endloop
  endfacet
  facet normal 0.877556626154724 0.4375335938261623 -0.19610895483251425
    outer loop
      vertex -2.4502679415180117 -1.2484738742837536 2.5
      vertex -2.895771203612196 -1.475469124153527 0
      vertex -2.921080650472293 -1.4247062270645015 0
    endloop
  endfacet
  facet normal 0.8922917445838258 0.4066407756018223 -0.19610895483251412
    outer loop
      vertex -2.4923464143507874 -1.1622002197869234 2.5
      vertex -2.9455003078691124 -1.373509350657273 0
      vertex -2.969022737338453 -1.3218940899963507 0
    endloop
  endfacet
  facet normal 0.8992527043189867 0.3910062040549843 -0.19610895483251423
    outer loop
      vertex -2.512250008517152 -1.1185257684584506 2.5
      vertex -2.969022737338453 -1.3218940899963507 0
      vertex -2.991640773720431 -1.2698761675901398 0
    endloop
  endfacet
  facet normal 0.9123508235975879 0.35938454685100474 -0.19610895483251434
    outer loop
      vertex -2.549755600058665 -1.030168131893758 2.5
      vertex -3.0133475273420594 -1.217471428601714 0
      vertex -3.0341363861159056 -1.164695836022226 0
    endloop
  endfacet
  facet normal 0.918483993327003 0.34340709345699444 -0.19610895483251428
    outer loop
      vertex -2.5673461728673046 -0.9855118612495757 2.5
      vertex -3.0341363861159056 -1.164695836022226 0
      vertex -3.0540010175542025 -1.1115654658084233 0
    endloop
  endfacet
  facet normal 0.9059397429691577 0.37525252823062416 -0.1961089548325142
    outer loop
      vertex -2.531388346994211 -1.074510603345503 2.5
      vertex -2.991640773720431 -1.2698761675901398 0
      vertex -3.0133475273420594 -1.217471428601714 0
    endloop
  endfacet
  facet normal 0.7779480937666347 0.5969405675939258 -0.196108954832514
    outer loop
      vertex -2.1670295724184854 -1.6930690571455602 2.5
      vertex -2.5610349492218463 -2.0008997948083893 0
      vertex -2.5955654076537016 -1.955898825244157 0
    endloop
  endfacet
  facet normal 0.7674115590993262 0.6104267169736597 -0.19610895483251395
    outer loop
      vertex -2.13715139400667 -1.7306310753870529 2.5
      vertex -2.525724374735155 -2.0452912709119717 0
      vertex -2.5610349492218463 -2.0008997948083893 0
    endloop
  endfacet
  facet normal 0.8081233983666175 0.5554078238977986 -0.1961089548325142
    outer loop
      vertex -2.2526681217947275 -1.5773351999653766 2.5
      vertex -2.6622441439392235 -1.8641234181408997 0
      vertex -2.694372110803885 -1.8173769362799275 0
    endloop
  endfacet
  facet normal 0.8270145649457619 0.5268663845815854 -0.19610895483251417
    outer loop
      vertex -2.306344061849916 -1.4977573462913245 2.5
      vertex -2.7256793458226283 -1.770076863798838 0
      vertex -2.7561563125083843 -1.7222376087579159 0
    endloop
  endfacet
  facet normal 0.8360836929036419 0.5123527459622984 -0.19610895483251414
    outer loop
      vertex -2.332132264430171 -1.4572779766413135 2.5
      vertex -2.7561563125083843 -1.7222376087579159 0
      vertex -2.785793727281865 -1.673873743457676 0
    endloop
  endfacet
  facet normal 0.8176935203399202 0.5412195345962741 -0.19610895483251406
    outer loop
      vertex -2.2798533245263646 -1.537780484544554 2.5
      vertex -2.694372110803885 -1.8173769362799275 0
      vertex -2.7256793458226283 -1.770076863798838 0
    endloop
  endfacet
  facet normal 0.7983071141776984 0.5694269305958177 -0.19610895483251412
    outer loop
      vertex -2.2247967345311057 -1.616409443804301 2.5
      vertex -2.629305231718579 -1.9103020699505378 0
      vertex -2.6622441439392235 -1.8641234181408997 0
    endloop
  endfacet
  facet normal 0.7882476579084292 0.5832725843346103 -0.19610895483251406
    outer loop
      vertex -2.1962476526300554 -1.6549913136681327 2.5
      vertex -2.5955654076537016 -1.955898825244157 0
      vertex -2.629305231718579 -1.9103020699505378 0
    endloop
  endfacet
  facet normal 0.7456404875161516 0.6368371386871015 -0.1961089548325141
    outer loop
      vertex -2.075451345612623 -1.8041623297238951 2.5
      vertex -2.452806135724009 -2.1321918442191485 0
      vertex -2.4896444401366784 -2.0890597314812527 0
    endloop
  endfacet
  facet normal 0.7229609678560408 0.6624716724443059 -0.1961089548325142
    outer loop
      vertex -2.0112226794527186 -1.8754954901718708 2.5
      vertex -2.376899530262304 -2.21649467020312 0
      vertex -2.4152206828015315 -2.1746744706662895 0
    endloop
  endfacet
  facet normal 0.7344125822795882 0.6497533661505157 -0.19610895483251425
    outer loop
      vertex -2.043648270062834 -1.8401091674868602 2.5
      vertex -2.4152206828015315 -2.1746744706662895 0
      vertex -2.452806135724009 -2.1321918442191485 0
    endloop
  endfacet
  facet normal 0.7566412634370315 0.623726924462069 -0.19610895483251414
    outer loop
      vertex -2.1066222185771895 -1.7676659266379828 2.5
      vertex -2.4896444401366784 -2.0890597314812527 0
      vertex -2.525724374735155 -2.0452912709119717 0
    endloop
  endfacet
  facet normal 0.8448981416693443 0.4976830397333101 -0.19610895483251406
    outer loop
      vertex -2.357210076930809 -1.416354706002649 2.5
      vertex -2.785793727281865 -1.673873743457676 0
      vertex -2.8145825622994254 -1.625 0
    endloop
  endfacet
  facet normal 0.8922917445838269 0.4066407756018197 -0.1961089548325142
    outer loop
      vertex -2.4923464143507874 -1.1622002197869234 2.5
      vertex -2.969022737338453 -1.3218940899963507 0
      vertex -2.512250008517152 -1.1185257684584506 2.5
    endloop
  endfacet
  facet normal 0.8992527043189857 0.39100620405498643 -0.19610895483251414
    outer loop
      vertex -2.512250008517152 -1.1185257684584506 2.5
      vertex -2.991640773720431 -1.2698761675901398 0
      vertex -2.531388346994211 -1.074510603345503 2.5
    endloop
  endfacet
  facet normal 0.9059397429691604 0.3752525282306179 -0.19610895483251434
    outer loop
      vertex -2.549755600058665 -1.030168131893758 2.5
      vertex -2.531388346994211 -1.074510603345503 2.5
      vertex -3.0133475273420594 -1.217471428601714 0
    endloop
  endfacet
  facet normal 0.8176935203399234 0.5412195345962693 -0.19610895483251423
    outer loop
      vertex -2.2798533245263646 -1.537780484544554 2.5
      vertex -2.7256793458226283 -1.770076863798838 0
      vertex -2.306344061849916 -1.4977573462913245 2.5
    endloop
  endfacet
  facet normal 0.8081233983666156 0.5554078238978015 -0.1961089548325141
    outer loop
      vertex -2.2526681217947275 -1.5773351999653766 2.5
      vertex -2.694372110803885 -1.8173769362799275 0
      vertex -2.2798533245263646 -1.537780484544554 2.5
    endloop
  endfacet
  facet normal 0.7456404875161545 0.6368371386870981 -0.1961089548325142
    outer loop
      vertex -2.1066222185771895 -1.7676659266379828 2.5
      vertex -2.075451345612623 -1.8041623297238951 2.5
      vertex -2.4896444401366784 -2.0890597314812527 0
    endloop
  endfacet
  facet normal 0.722960967856042 0.6624716724443045 -0.1961089548325143
    outer loop
      vertex -2.043648270062834 -1.8401091674868602 2.5
      vertex -2.0112226794527186 -1.8754954901718708 2.5
      vertex -2.4152206828015315 -2.1746744706662895 0
    endloop
  endfacet
  facet normal 0.7344125822795818 0.6497533661505227 -0.1961089548325141
    outer loop
      vertex -2.043648270062834 -1.8401091674868602 2.5
      vertex -2.452806135724009 -2.1321918442191485 0
      vertex -2.075451345612623 -1.8041623297238951 2.5
    endloop
  endfacet
  facet normal 0.7882476579084271 0.5832725843346129 -0.19610895483251403
    outer loop
      vertex -2.1962476526300554 -1.6549913136681327 2.5
      vertex -2.629305231718579 -1.9103020699505378 0
      vertex -2.2247967345311057 -1.616409443804301 2.5
    endloop
  endfacet
  facet normal 0.7674115590993282 0.6104267169736571 -0.19610895483251414
    outer loop
      vertex -2.13715139400667 -1.7306310753870529 2.5
      vertex -2.5610349492218463 -2.0008997948083893 0
      vertex -2.1670295724184854 -1.6930690571455602 2.5
    endloop
  endfacet
  facet normal 0.7779480937666343 0.5969405675939262 -0.19610895483251412
    outer loop
      vertex -2.1962476526300554 -1.6549913136681327 2.5
      vertex -2.1670295724184854 -1.6930690571455602 2.5
      vertex -2.5955654076537016 -1.955898825244157 0
    endloop
  endfacet
  facet normal 0.7983071141777018 0.5694269305958126 -0.19610895483251417
    outer loop
      vertex -2.2526681217947275 -1.5773351999653766 2.5
      vertex -2.2247967345311057 -1.616409443804301 2.5
      vertex -2.6622441439392235 -1.8641234181408997 0
    endloop
  endfacet
  facet normal 0.7566412634370271 0.6237269244620742 -0.19610895483251403
    outer loop
      vertex -2.13715139400667 -1.7306310753870529 2.5
      vertex -2.1066222185771895 -1.7676659266379828 2.5
      vertex -2.525724374735155 -2.0452912709119717 0
    endloop
  endfacet
  facet normal 0.869786955920601 0.4527824302519628 -0.19610895483251423
    outer loop
      vertex -2.4502679415180117 -1.2484738742837536 2.5
      vertex -2.4281058803620494 -1.2910467976611997 2.5
      vertex -2.895771203612196 -1.475469124153527 0
    endloop
  endfacet
  facet normal 0.8534552262763804 0.482861734429258 -0.19610895483251423
    outer loop
      vertex -2.4052041946333382 -1.333226455677427 2.5
      vertex -2.381569860407206 -1.375 2.5
      vertex -2.842514048203036 -1.5756312658005955 0
    endloop
  endfacet
  facet normal 0.8617523401538811 0.46789334476332173 -0.196108954832514
    outer loop
      vertex -2.4052041946333382 -1.333226455677427 2.5
      vertex -2.8695796767915125 -1.525782579054145 0
      vertex -2.4281058803620494 -1.2910467976611997 2.5
    endloop
  endfacet
  facet normal 0.8270145649457613 0.5268663845815864 -0.19610895483251417
    outer loop
      vertex -2.306344061849916 -1.4977573462913245 2.5
      vertex -2.7561563125083843 -1.7222376087579159 0
      vertex -2.332132264430171 -1.4572779766413135 2.5
    endloop
  endfacet
  facet normal 0.8360836929036385 0.5123527459623042 -0.19610895483251406
    outer loop
      vertex -2.332132264430171 -1.4572779766413135 2.5
      vertex -2.785793727281865 -1.673873743457676 0
      vertex -2.357210076930809 -1.416354706002649 2.5
    endloop
  endfacet
  facet normal 0.8448981416693458 0.4976830397333074 -0.19610895483251412
    outer loop
      vertex -2.381569860407206 -1.375 2.5
      vertex -2.357210076930809 -1.416354706002649 2.5
      vertex -2.8145825622994254 -1.625 0
    endloop
  endfacet
  facet normal 0.8775566261547212 0.4375335938261679 -0.19610895483251412
    outer loop
      vertex -2.4502679415180117 -1.2484738742837536 2.5
      vertex -2.921080650472293 -1.4247062270645015 0
      vertex -2.4716836273227094 -1.205520653669963 2.5
    endloop
  endfacet
  facet normal 0.8850589841394391 0.4221514804291973 -0.19610895483251417
    outer loop
      vertex -2.4923464143507874 -1.1622002197869234 2.5
      vertex -2.4716836273227094 -1.205520653669963 2.5
      vertex -2.9455003078691124 -1.373509350657273 0
    endloop
  endfacet
  facet normal 0.9351977815523509 0.2948667278857696 -0.19610895483251417
    outer loop
      vertex -2.615405419811672 -0.8497967345311054 2.5
      vertex -3.090933677959249 -1.004305231718579 0
      vertex -3.107990456879865 -0.9502080403488945 0
    endloop
  endfacet
  facet normal 0.9402014803803814 0.2785003664719995 -0.19610895483251414
    outer loop
      vertex -2.6298380788983473 -0.8040221879875261 2.5
      vertex -3.107990456879865 -0.9502080403488945 0
      vertex -3.1241005117995364 -0.8958214064052473 0
    endloop
  endfacet
  facet normal 0.9449187847295547 0.26204917114869936 -0.19610895483251412
    outer loop
      vertex -2.643469663830377 -0.7580027284967477 2.5
      vertex -3.1241005117995364 -0.8958214064052473 0
      vertex -3.139258935439472 -0.8411618965831924 0
    endloop
  endfacet
  facet normal 0.9534885499211455 0.2289123478621676 -0.1961089548325142
    outer loop
      vertex -2.66831324725899 -0.6652852128990863 2.5
      vertex -3.1534611103969885 -0.7862461606989202 0
      vertex -3.1667027105520145 -0.7310909266175613 0
    endloop
  endfacet
  facet normal 0.9573384003300697 0.21223681369630995 -0.19610895483251417
    outer loop
      vertex -2.679517678159397 -0.6186153994456287 2.5
      vertex -3.1667027105520145 -0.7310909266175613 0
      vertex -3.1789797023848685 -0.6757129951577179 0
    endloop
  endfacet
  facet normal 0.9493482576632637 0.24551815310934583 -0.19610895483251417
    outer loop
      vertex -2.6562960222949377 -0.711752374031932 2.5
      vertex -3.139258935439472 -0.8411618965831924 0
      vertex -3.1534611103969885 -0.7862461606989202 0
    endloop
  endfacet
  facet normal 0.9608966361883092 0.19549663014101037 -0.19610895483251417
    outer loop
      vertex -2.6899059020179656 -0.5717571497488382 2.5
      vertex -3.1789797023848685 -0.6757129951577179 0
      vertex -3.190288346204908 -0.6201292349737706 0
    endloop
  endfacet
  facet normal 0.9641621736227514 0.1786968964183489 -0.19610895483251428
    outer loop
      vertex -2.6994747544810758 -0.5247247372854982 2.5
      vertex -3.190288346204908 -0.6201292349737706 0
      vertex -3.200625197289676 -0.5643565774175235 0
    endloop
  endfacet
  facet normal 0.9243373839345013 0.3273250349356449 -0.19610895483251423
    outer loop
      vertex -2.584154707161248 -0.940555394145589 2.5
      vertex -3.0540010175542025 -1.1115654658084233 0
      vertex -3.0729353706977798 -1.0580965019857593 0
    endloop
  endfacet
  facet normal 0.9299092124205967 0.31114327003778286 -0.19610895483251406
    outer loop
      vertex -2.6001760828981215 -0.8953124247571809 2.5
      vertex -3.0729353706977798 -1.0580965019857593 0
      vertex -3.090933677959249 -1.004305231718579 0
    endloop
  endfacet
  facet normal 0.9721930958245476 0.12799164920251996 -0.19610895483251414
    outer loop
      vertex -2.7232371890393186 -0.38272602764017993 2.5
      vertex -3.2183712234101036 -0.4523125781202127 0
      vertex -3.2257749928342965 -0.3960753660667293 0
    endloop
  endfacet
  facet normal 0.9742787883895906 0.111005046410559 -0.1961089548325141
    outer loop
      vertex -2.7295019170136356 -0.33514069436415556 2.5
      vertex -3.2257749928342965 -0.3960753660667293 0
      vertex -3.2321961599468882 -0.3397175056198738 0
    endloop
  endfacet
  facet normal 0.9760677061976396 0.09398463040613074 -0.1961089548325142
    outer loop
      vertex -2.7349352122627515 -0.28745327398604703 2.5
      vertex -3.2321961599468882 -0.3397175056198738 0
      vertex -3.237632768798173 -0.28325616392988906 0
    endloop
  endfacet
  facet normal 0.9671340179190573 0.16184272988997586 -0.1961089548325142
    outer loop
      vertex -2.708221320783572 -0.4775324885840584 2.5
      vertex -3.200625197289676 -0.5643565774175235 0
      vertex -3.209987106934198 -0.5084120113807503 0
    endloop
  endfacet
  facet normal 0.9698112638246698 0.14493926449825734 -0.19610895483251425
    outer loop
      vertex -2.7161429366366288 -0.4301947788606349 2.5
      vertex -3.209987106934198 -0.5084120113807503 0
      vertex -3.2183712234101036 -0.4523125781202127 0
    endloop
  endfacet
  facet normal 0.9775593043270021 0.07693558577281624 -0.19610895483251425
    outer loop
      vertex -2.7395354197523 -0.23967829255605996 2.5
      vertex -3.237632768798173 -0.28325616392988906 0
      vertex -3.2420831633444287 -0.22670853966840723 0
    endloop
  endfacet
  facet normal 0.9787531284224356 0.05986310581480253 -0.1961089548325142
    outer loop
      vertex -2.7433011382145165 -0.19183030279634458 2.5
      vertex -3.2420831633444287 -0.22670853966840723 0
      vertex -3.245545987952365 -0.17009185778956745 0
    endloop
  endfacet
  facet normal 0.9796488148335577 0.04277239097484259 -0.19610895483251425
    outer loop
      vertex -2.746231220575078 -0.14392387966809556 2.5
      vertex -3.245545987952365 -0.17009185778956745 0
      vertex -3.2480201878120614 -0.11342336428312814 0
    endloop
  endfacet
  facet normal 0.9802460907256105 0.025668647250239485 -0.1961089548325142
    outer loop
      vertex -2.7483247743025134 -0.09597361593187767 2.5
      vertex -3.2480201878120614 -0.11342336428312814 0
      vertex -3.2495050092582716 -0.056720320921171415 0
    endloop
  endfacet
  facet normal 0.9805447741625709 0.008557084607035442 -0.19610895483251414
    outer loop
      vertex -2.749581161680076 -0.047994117702529655 2.5
      vertex -3.2495050092582716 -0.056720320921171415 0
      vertex -3.25 0 0
    endloop
  endfacet
  facet normal 0.9402014803803812 0.2785003664720003 -0.19610895483251414
    outer loop
      vertex -2.643469663830377 -0.7580027284967477 2.5
      vertex -2.6298380788983473 -0.8040221879875261 2.5
      vertex -3.1241005117995364 -0.8958214064052473 0
    endloop
  endfacet
  facet normal 0.9184839933270029 0.34340709345699466 -0.19610895483251425
    outer loop
      vertex -2.5673461728673046 -0.9855118612495757 2.5
      vertex -3.0540010175542025 -1.1115654658084233 0
      vertex -2.584154707161248 -0.940555394145589 2.5
    endloop
  endfacet
  facet normal 0.9243373839344992 0.32732503493565096 -0.19610895483251412
    outer loop
      vertex -2.584154707161248 -0.940555394145589 2.5
      vertex -3.0729353706977798 -1.0580965019857593 0
      vertex -2.6001760828981215 -0.8953124247571809 2.5
    endloop
  endfacet
  facet normal 0.9123508235975867 0.359384546851008 -0.19610895483251425
    outer loop
      vertex -2.549755600058665 -1.030168131893758 2.5
      vertex -3.0341363861159056 -1.164695836022226 0
      vertex -2.5673461728673046 -0.9855118612495757 2.5
    endloop
  endfacet
  facet normal 0.9299092124205977 0.31114327003777953 -0.19610895483251417
    outer loop
      vertex -2.6001760828981215 -0.8953124247571809 2.5
      vertex -3.090933677959249 -1.004305231718579 0
      vertex -2.615405419811672 -0.8497967345311054 2.5
    endloop
  endfacet
  facet normal 0.9351977815523509 0.2948667278857691 -0.19610895483251417
    outer loop
      vertex -2.615405419811672 -0.8497967345311054 2.5
      vertex -3.107990456879865 -0.9502080403488945 0
      vertex -2.6298380788983473 -0.8040221879875261 2.5
    endloop
  endfacet
  facet normal 0.9449187847295555 0.26204917114869647 -0.1961089548325142
    outer loop
      vertex -2.643469663830377 -0.7580027284967477 2.5
      vertex -3.139258935439472 -0.8411618965831924 0
      vertex -2.6562960222949377 -0.711752374031932 2.5
    endloop
  endfacet
  facet normal 0.9493482576632638 0.2455181531093457 -0.19610895483251423
    outer loop
      vertex -2.6562960222949377 -0.711752374031932 2.5
      vertex -3.1534611103969885 -0.7862461606989202 0
      vertex -2.66831324725899 -0.6652852128990863 2.5
    endloop
  endfacet
  facet normal 0.9534885499211451 0.22891234786216957 -0.1961089548325142
    outer loop
      vertex -2.66831324725899 -0.6652852128990863 2.5
      vertex -3.1667027105520145 -0.7310909266175613 0
      vertex -2.679517678159397 -0.6186153994456287 2.5
    endloop
  endfacet
  facet normal 0.9608966361883103 0.19549663014100438 -0.19610895483251425
    outer loop
      vertex -2.6994747544810758 -0.5247247372854982 2.5
      vertex -2.6899059020179656 -0.5717571497488382 2.5
      vertex -3.190288346204908 -0.6201292349737706 0
    endloop
  endfacet
  facet normal 0.9573384003300693 0.21223681369631134 -0.19610895483251414
    outer loop
      vertex -2.679517678159397 -0.6186153994456287 2.5
      vertex -3.1789797023848685 -0.6757129951577179 0
      vertex -2.6899059020179656 -0.5717571497488382 2.5
    endloop
  endfacet
  facet normal 0.9641621736227505 0.1786968964183544 -0.19610895483251417
    outer loop
      vertex -2.6994747544810758 -0.5247247372854982 2.5
      vertex -3.200625197289676 -0.5643565774175235 0
      vertex -2.708221320783572 -0.4775324885840584 2.5
    endloop
  endfacet
  facet normal 0.9671340179190577 0.16184272988997248 -0.19610895483251425
    outer loop
      vertex -2.708221320783572 -0.4775324885840584 2.5
      vertex -3.209987106934198 -0.5084120113807503 0
      vertex -2.7161429366366288 -0.4301947788606349 2.5
    endloop
  endfacet
  facet normal 0.9698112638246688 0.14493926449826333 -0.19610895483251414
    outer loop
      vertex -2.7161429366366288 -0.4301947788606349 2.5
      vertex -3.2183712234101036 -0.4523125781202127 0
      vertex -2.7232371890393186 -0.38272602764017993 2.5
    endloop
  endfacet
  facet normal 0.9721930958245475 0.12799164920252148 -0.19610895483251412
    outer loop
      vertex -2.7232371890393186 -0.38272602764017993 2.5
      vertex -3.2257749928342965 -0.3960753660667293 0
      vertex -2.7295019170136356 -0.33514069436415556 2.5
    endloop
  endfacet
  facet normal 0.9742787883895911 0.11100504641055338 -0.1961089548325142
    outer loop
      vertex -2.7295019170136356 -0.33514069436415556 2.5
      vertex -3.2321961599468882 -0.3397175056198738 0
      vertex -2.7349352122627515 -0.28745327398604703 2.5
    endloop
  endfacet
  facet normal 0.97606770619764 0.09398463040612663 -0.19610895483251428
    outer loop
      vertex -2.7349352122627515 -0.28745327398604703 2.5
      vertex -3.237632768798173 -0.28325616392988906 0
      vertex -2.7395354197523 -0.23967829255605996 2.5
    endloop
  endfacet
  facet normal 0.9775593043270019 0.07693558577282043 -0.19610895483251417
    outer loop
      vertex -2.7395354197523 -0.23967829255605996 2.5
      vertex -3.2420831633444287 -0.22670853966840723 0
      vertex -2.7433011382145165 -0.19183030279634458 2.5
    endloop
  endfacet
  facet normal 0.9787531284224356 0.05986310581480185 -0.1961089548325142
    outer loop
      vertex -2.7433011382145165 -0.19183030279634458 2.5
      vertex -3.245545987952365 -0.17009185778956745 0
      vertex -2.746231220575078 -0.14392387966809556 2.5
    endloop
  endfacet
  facet normal 0.9796488148335576 0.042772390974844664 -0.19610895483251417
    outer loop
      vertex -2.746231220575078 -0.14392387966809556 2.5
      vertex -3.2480201878120614 -0.11342336428312814 0
      vertex -2.7483247743025134 -0.09597361593187767 2.5
    endloop
  endfacet
  facet normal 0.9802460907256103 0.025668647250242264 -0.19610895483251412
    outer loop
      vertex -2.7483247743025134 -0.09597361593187767 2.5
      vertex -3.2495050092582716 -0.056720320921171415 0
      vertex -2.749581161680076 -0.047994117702529655 2.5
    endloop
  endfacet
  facet normal 0.9805447741625708 0.008557084607033348 -0.19610895483251417
    outer loop
      vertex -2.749581161680076 -0.047994117702529655 2.5
      vertex -3.25 0 0
      vertex -2.75 0 2.5
    endloop
  endfacet
  facet normal 0.6104267169736597 0.7674115590993262 -0.19610895483251395
    outer loop
      vertex -1.7306310753870529 -2.13715139400667 2.5
      vertex -2.0008997948083893 -2.5610349492218463 0
      vertex -2.0452912709119717 -2.525724374735155 0
    endloop
  endfacet
  facet normal 0.5969405675939258 0.7779480937666347 -0.196108954832514
    outer loop
      vertex -1.6930690571455602 -2.1670295724184854 2.5
      vertex -1.955898825244157 -2.5955654076537016 0
      vertex -2.0008997948083893 -2.5610349492218463 0
    endloop
  endfacet
  facet normal 0.6624716724443059 0.7229609678560408 -0.1961089548325142
    outer loop
      vertex -1.8754954901718708 -2.0112226794527186 2.5
      vertex -2.1746744706662895 -2.4152206828015315 0
      vertex -2.21649467020312 -2.376899530262304 0
    endloop
  endfacet
  facet normal 0.6368371386871015 0.7456404875161516 -0.1961089548325141
    outer loop
      vertex -1.8041623297238951 -2.075451345612623 2.5
      vertex -2.0890597314812527 -2.4896444401366784 0
      vertex -2.1321918442191485 -2.452806135724009 0
    endloop
  endfacet
  facet normal 0.6497533661505157 0.7344125822795882 -0.19610895483251425
    outer loop
      vertex -1.8401091674868602 -2.043648270062834 2.5
      vertex -2.1321918442191485 -2.452806135724009 0
      vertex -2.1746744706662895 -2.4152206828015315 0
    endloop
  endfacet
  facet normal 0.623726924462069 0.7566412634370315 -0.19610895483251414
    outer loop
      vertex -1.7676659266379828 -2.1066222185771895 2.5
      vertex -2.0452912709119717 -2.525724374735155 0
      vertex -2.0890597314812527 -2.4896444401366784 0
    endloop
  endfacet
  facet normal 0.5554078238977986 0.8081233983666175 -0.1961089548325142
    outer loop
      vertex -1.5773351999653766 -2.2526681217947275 2.5
      vertex -1.8173769362799275 -2.694372110803885 0
      vertex -1.8641234181408997 -2.6622441439392235 0
    endloop
  endfacet
  facet normal 0.5832725843346103 0.7882476579084292 -0.19610895483251406
    outer loop
      vertex -1.6549913136681327 -2.1962476526300554 2.5
      vertex -1.9103020699505378 -2.629305231718579 0
      vertex -1.955898825244157 -2.5955654076537016 0
    endloop
  endfacet
  facet normal 0.5694269305958177 0.7983071141776984 -0.19610895483251412
    outer loop
      vertex -1.616409443804301 -2.2247967345311057 2.5
      vertex -1.8641234181408997 -2.6622441439392235 0
      vertex -1.9103020699505378 -2.629305231718579 0
    endloop
  endfacet
  facet normal 0.5268663845815854 0.8270145649457619 -0.19610895483251417
    outer loop
      vertex -1.4977573462913245 -2.306344061849916 2.5
      vertex -1.7222376087579159 -2.7561563125083843 0
      vertex -1.770076863798838 -2.7256793458226283 0
    endloop
  endfacet
  facet normal 0.5412195345962741 0.8176935203399202 -0.19610895483251406
    outer loop
      vertex -1.537780484544554 -2.2798533245263646 2.5
      vertex -1.770076863798838 -2.7256793458226283 0
      vertex -1.8173769362799275 -2.694372110803885 0
    endloop
  endfacet
  facet normal 0.5123527459622984 0.8360836929036419 -0.19610895483251414
    outer loop
      vertex -1.4572779766413135 -2.332132264430171 2.5
      vertex -1.673873743457676 -2.785793727281865 0
      vertex -1.7222376087579159 -2.7561563125083843 0
    endloop
  endfacet
  facet normal 0.4828617344292617 0.8534552262763782 -0.19610895483251406
    outer loop
      vertex -1.375 -2.381569860407206 2.5
      vertex -1.5756312658005955 -2.842514048203036 0
      vertex -1.625 -2.8145825622994254 0
    endloop
  endfacet
  facet normal 0.46789334476331285 0.8617523401538857 -0.19610895483251425
    outer loop
      vertex -1.333226455677427 -2.4052041946333382 2.5
      vertex -1.525782579054145 -2.8695796767915125 0
      vertex -1.5756312658005955 -2.842514048203036 0
    endloop
  endfacet
  facet normal 0.45278243025197173 0.8697869559205963 -0.19610895483251406
    outer loop
      vertex -1.2910467976611997 -2.4281058803620494 2.5
      vertex -1.475469124153527 -2.895771203612196 0
      vertex -1.525782579054145 -2.8695796767915125 0
    endloop
  endfacet
  facet normal 0.4375335938261623 0.877556626154724 -0.19610895483251425
    outer loop
      vertex -1.2484738742837536 -2.4502679415180117 2.5
      vertex -1.4247062270645015 -2.921080650472293 0
      vertex -1.475469124153527 -2.895771203612196 0
    endloop
  endfacet
  facet normal 0.42215148042920075 0.8850589841394376 -0.19610895483251414
    outer loop
      vertex -1.205520653669963 -2.4716836273227094 2.5
      vertex -1.373509350657273 -2.9455003078691124 0
      vertex -1.4247062270645015 -2.921080650472293 0
    endloop
  endfacet
  facet normal 0.4066407756018223 0.8922917445838258 -0.19610895483251412
    outer loop
      vertex -1.1622002197869234 -2.4923464143507874 2.5
      vertex -1.3218940899963507 -2.969022737338453 0
      vertex -1.373509350657273 -2.9455003078691124 0
    endloop
  endfacet
  facet normal 0.3910062040549843 0.8992527043189867 -0.19610895483251423
    outer loop
      vertex -1.1185257684584506 -2.512250008517152 2.5
      vertex -1.2698761675901398 -2.991640773720431 0
      vertex -1.3218940899963507 -2.969022737338453 0
    endloop
  endfacet
  facet normal 0.35938454685100474 0.9123508235975879 -0.19610895483251434
    outer loop
      vertex -1.030168131893758 -2.549755600058665 2.5
      vertex -1.164695836022226 -3.0341363861159056 0
      vertex -1.217471428601714 -3.0133475273420594 0
    endloop
  endfacet
  facet normal 0.37525252823062416 0.9059397429691577 -0.1961089548325142
    outer loop
      vertex -1.074510603345503 -2.531388346994211 2.5
      vertex -1.217471428601714 -3.0133475273420594 0
      vertex -1.2698761675901398 -2.991640773720431 0
    endloop
  endfacet
  facet normal 0.34340709345699444 0.918483993327003 -0.19610895483251428
    outer loop
      vertex -0.9855118612495757 -2.5673461728673046 2.5
      vertex -1.1115654658084233 -3.0540010175542025 0
      vertex -1.164695836022226 -3.0341363861159056 0
    endloop
  endfacet
  facet normal 0.4976830397333101 0.8448981416693443 -0.19610895483251406
    outer loop
      vertex -1.416354706002649 -2.357210076930809 2.5
      vertex -1.625 -2.8145825622994254 0
      vertex -1.673873743457676 -2.785793727281865 0
    endloop
  endfacet
  facet normal 0.6624716724443045 0.722960967856042 -0.1961089548325143
    outer loop
      vertex -1.8401091674868602 -2.043648270062834 2.5
      vertex -2.1746744706662895 -2.4152206828015315 0
      vertex -1.8754954901718708 -2.0112226794527186 2.5
    endloop
  endfacet
  facet normal 0.6368371386870981 0.7456404875161545 -0.1961089548325142
    outer loop
      vertex -1.8041623297238951 -2.075451345612623 2.5
      vertex -1.7676659266379828 -2.1066222185771895 2.5
      vertex -2.0890597314812527 -2.4896444401366784 0
    endloop
  endfacet
  facet normal 0.6497533661505227 0.7344125822795818 -0.1961089548325141
    outer loop
      vertex -1.8401091674868602 -2.043648270062834 2.5
      vertex -1.8041623297238951 -2.075451345612623 2.5
      vertex -2.1321918442191485 -2.452806135724009 0
    endloop
  endfacet
  facet normal 0.5554078238978015 0.8081233983666156 -0.1961089548325141
    outer loop
      vertex -1.5773351999653766 -2.2526681217947275 2.5
      vertex -1.537780484544554 -2.2798533245263646 2.5
      vertex -1.8173769362799275 -2.694372110803885 0
    endloop
  endfacet
  facet normal 0.5412195345962693 0.8176935203399234 -0.19610895483251423
    outer loop
      vertex -1.537780484544554 -2.2798533245263646 2.5
      vertex -1.4977573462913245 -2.306344061849916 2.5
      vertex -1.770076863798838 -2.7256793458226283 0
    endloop
  endfacet
  facet normal 0.6104267169736571 0.7674115590993282 -0.19610895483251414
    outer loop
      vertex -1.7306310753870529 -2.13715139400667 2.5
      vertex -1.6930690571455602 -2.1670295724184854 2.5
      vertex -2.0008997948083893 -2.5610349492218463 0
    endloop
  endfacet
  facet normal 0.5832725843346129 0.7882476579084271 -0.19610895483251403
    outer loop
      vertex -1.6549913136681327 -2.1962476526300554 2.5
      vertex -1.616409443804301 -2.2247967345311057 2.5
      vertex -1.9103020699505378 -2.629305231718579 0
    endloop
  endfacet
  facet normal 0.5969405675939262 0.7779480937666343 -0.19610895483251412
    outer loop
      vertex -1.6930690571455602 -2.1670295724184854 2.5
      vertex -1.6549913136681327 -2.1962476526300554 2.5
      vertex -1.955898825244157 -2.5955654076537016 0
    endloop
  endfacet
  facet normal 0.6237269244620742 0.7566412634370271 -0.19610895483251403
    outer loop
      vertex -1.7306310753870529 -2.13715139400667 2.5
      vertex -2.0452912709119717 -2.525724374735155 0
      vertex -1.7676659266379828 -2.1066222185771895 2.5
    endloop
  endfacet
  facet normal 0.5694269305958126 0.7983071141777018 -0.19610895483251417
    outer loop
      vertex -1.5773351999653766 -2.2526681217947275 2.5
      vertex -1.8641234181408997 -2.6622441439392235 0
      vertex -1.616409443804301 -2.2247967345311057 2.5
    endloop
  endfacet
  facet normal 0.4066407756018197 0.8922917445838269 -0.1961089548325142
    outer loop
      vertex -1.1622002197869234 -2.4923464143507874 2.5
      vertex -1.1185257684584506 -2.512250008517152 2.5
      vertex -1.3218940899963507 -2.969022737338453 0
    endloop
  endfacet
  facet normal 0.39100620405498643 0.8992527043189857 -0.19610895483251414
    outer loop
      vertex -1.1185257684584506 -2.512250008517152 2.5
      vertex -1.074510603345503 -2.531388346994211 2.5
      vertex -1.2698761675901398 -2.991640773720431 0
    endloop
  endfacet
  facet normal 0.3752525282306179 0.9059397429691604 -0.19610895483251434
    outer loop
      vertex -1.030168131893758 -2.549755600058665 2.5
      vertex -1.217471428601714 -3.0133475273420594 0
      vertex -1.074510603345503 -2.531388346994211 2.5
    endloop
  endfacet
  facet normal 0.5268663845815864 0.8270145649457613 -0.19610895483251417
    outer loop
      vertex -1.4977573462913245 -2.306344061849916 2.5
      vertex -1.4572779766413135 -2.332132264430171 2.5
      vertex -1.7222376087579159 -2.7561563125083843 0
    endloop
  endfacet
  facet normal 0.5123527459623042 0.8360836929036385 -0.19610895483251406
    outer loop
      vertex -1.4572779766413135 -2.332132264430171 2.5
      vertex -1.416354706002649 -2.357210076930809 2.5
      vertex -1.673873743457676 -2.785793727281865 0
    endloop
  endfacet
  facet normal 0.4976830397333074 0.8448981416693458 -0.19610895483251412
    outer loop
      vertex -1.416354706002649 -2.357210076930809 2.5
      vertex -1.375 -2.381569860407206 2.5
      vertex -1.625 -2.8145825622994254 0
    endloop
  endfacet
  facet normal 0.482861734429258 0.8534552262763804 -0.19610895483251423
    outer loop
      vertex -1.375 -2.381569860407206 2.5
      vertex -1.333226455677427 -2.4052041946333382 2.5
      vertex -1.5756312658005955 -2.842514048203036 0
    endloop
  endfacet
  facet normal 0.4527824302519628 0.869786955920601 -0.19610895483251423
    outer loop
      vertex -1.2484738742837536 -2.4502679415180117 2.5
      vertex -1.475469124153527 -2.895771203612196 0
      vertex -1.2910467976611997 -2.4281058803620494 2.5
    endloop
  endfacet
  facet normal 0.46789334476332173 0.8617523401538811 -0.196108954832514
    outer loop
      vertex -1.333226455677427 -2.4052041946333382 2.5
      vertex -1.2910467976611997 -2.4281058803620494 2.5
      vertex -1.525782579054145 -2.8695796767915125 0
    endloop
  endfacet
  facet normal 0.4375335938261679 0.8775566261547212 -0.19610895483251412
    outer loop
      vertex -1.2484738742837536 -2.4502679415180117 2.5
      vertex -1.205520653669963 -2.4716836273227094 2.5
      vertex -1.4247062270645015 -2.921080650472293 0
    endloop
  endfacet
  facet normal 0.4221514804291973 0.8850589841394391 -0.19610895483251417
    outer loop
      vertex -1.205520653669963 -2.4716836273227094 2.5
      vertex -1.1622002197869234 -2.4923464143507874 2.5
      vertex -1.373509350657273 -2.9455003078691124 0
    endloop
  endfacet
  facet normal 0.2948667278857696 0.9351977815523509 -0.19610895483251417
    outer loop
      vertex -0.8497967345311054 -2.615405419811672 2.5
      vertex -0.9502080403488945 -3.107990456879865 0
      vertex -1.004305231718579 -3.090933677959249 0
    endloop
  endfacet
  facet normal 0.2785003664719995 0.9402014803803814 -0.19610895483251414
    outer loop
      vertex -0.8040221879875261 -2.6298380788983473 2.5
      vertex -0.8958214064052473 -3.1241005117995364 0
      vertex -0.9502080403488945 -3.107990456879865 0
    endloop
  endfacet
  facet normal 0.26204917114869936 0.9449187847295547 -0.19610895483251412
    outer loop
      vertex -0.7580027284967477 -2.643469663830377 2.5
      vertex -0.8411618965831924 -3.139258935439472 0
      vertex -0.8958214064052473 -3.1241005117995364 0
    endloop
  endfacet
  facet normal 0.3273250349356449 0.9243373839345013 -0.19610895483251423
    outer loop
      vertex -0.940555394145589 -2.584154707161248 2.5
      vertex -1.0580965019857593 -3.0729353706977798 0
      vertex -1.1115654658084233 -3.0540010175542025 0
    endloop
  endfacet
  facet normal 0.31114327003778286 0.9299092124205967 -0.19610895483251406
    outer loop
      vertex -0.8953124247571809 -2.6001760828981215 2.5
      vertex -1.004305231718579 -3.090933677959249 0
      vertex -1.0580965019857593 -3.0729353706977798 0
    endloop
  endfacet
  facet normal 0.24551815310934583 0.9493482576632637 -0.19610895483251417
    outer loop
      vertex -0.711752374031932 -2.6562960222949377 2.5
      vertex -0.7862461606989202 -3.1534611103969885 0
      vertex -0.8411618965831924 -3.139258935439472 0
    endloop
  endfacet
  facet normal 0.2289123478621676 0.9534885499211455 -0.1961089548325142
    outer loop
      vertex -0.6652852128990863 -2.66831324725899 2.5
      vertex -0.7310909266175613 -3.1667027105520145 0
      vertex -0.7862461606989202 -3.1534611103969885 0
    endloop
  endfacet
  facet normal 0.21223681369630995 0.9573384003300697 -0.19610895483251417
    outer loop
      vertex -0.6186153994456287 -2.679517678159397 2.5
      vertex -0.6757129951577179 -3.1789797023848685 0
      vertex -0.7310909266175613 -3.1667027105520145 0
    endloop
  endfacet
  facet normal 0.19549663014101037 0.9608966361883092 -0.19610895483251417
    outer loop
      vertex -0.5717571497488382 -2.6899059020179656 2.5
      vertex -0.6201292349737706 -3.190288346204908 0
      vertex -0.6757129951577179 -3.1789797023848685 0
    endloop
  endfacet
  facet normal 0.1786968964183489 0.9641621736227514 -0.19610895483251428
    outer loop
      vertex -0.5247247372854982 -2.6994747544810758 2.5
      vertex -0.5643565774175235 -3.200625197289676 0
      vertex -0.6201292349737706 -3.190288346204908 0
    endloop
  endfacet
  facet normal 0.12799164920251996 0.9721930958245476 -0.19610895483251414
    outer loop
      vertex -0.38272602764017993 -2.7232371890393186 2.5
      vertex -0.3960753660667293 -3.2257749928342965 0
      vertex -0.4523125781202127 -3.2183712234101036 0
    endloop
  endfacet
  facet normal 0.16184272988997586 0.9671340179190573 -0.1961089548325142
    outer loop
      vertex -0.4775324885840584 -2.708221320783572 2.5
      vertex -0.5084120113807503 -3.209987106934198 0
      vertex -0.5643565774175235 -3.200625197289676 0
    endloop
  endfacet
  facet normal 0.14493926449825734 0.9698112638246698 -0.19610895483251425
    outer loop
      vertex -0.4301947788606349 -2.7161429366366288 2.5
      vertex -0.4523125781202127 -3.2183712234101036 0
      vertex -0.5084120113807503 -3.209987106934198 0
    endloop
  endfacet
  facet normal 0.111005046410559 0.9742787883895906 -0.1961089548325141
    outer loop
      vertex -0.33514069436415556 -2.7295019170136356 2.5
      vertex -0.3397175056198738 -3.2321961599468882 0
      vertex -0.3960753660667293 -3.2257749928342965 0
    endloop
  endfacet
  facet normal 0.09398463040613074 0.9760677061976396 -0.1961089548325142
    outer loop
      vertex -0.28745327398604703 -2.7349352122627515 2.5
      vertex -0.28325616392988906 -3.237632768798173 0
      vertex -0.3397175056198738 -3.2321961599468882 0
    endloop
  endfacet
  facet normal 0.07693558577281624 0.9775593043270021 -0.19610895483251425
    outer loop
      vertex -0.23967829255605996 -2.7395354197523 2.5
      vertex -0.22670853966840723 -3.2420831633444287 0
      vertex -0.28325616392988906 -3.237632768798173 0
    endloop
  endfacet
  facet normal 0.05986310581480253 0.9787531284224356 -0.1961089548325142
    outer loop
      vertex -0.19183030279634458 -2.7433011382145165 2.5
      vertex -0.17009185778956745 -3.245545987952365 0
      vertex -0.22670853966840723 -3.2420831633444287 0
    endloop
  endfacet
  facet normal 0.04277239097484259 0.9796488148335577 -0.19610895483251425
    outer loop
      vertex -0.14392387966809556 -2.746231220575078 2.5
      vertex -0.11342336428312814 -3.2480201878120614 0
      vertex -0.17009185778956745 -3.245545987952365 0
    endloop
  endfacet
  facet normal 0.025668647250239485 0.9802460907256105 -0.1961089548325142
    outer loop
      vertex -0.09597361593187767 -2.7483247743025134 2.5
      vertex -0.056720320921171415 -3.2495050092582716 0
      vertex -0.11342336428312814 -3.2480201878120614 0
    endloop
  endfacet
  facet normal 0.00855708460703544 0.9805447741625709 -0.19610895483251417
    outer loop
      vertex 0 -2.75 2.5
      vertex 0 -3.25 0
      vertex -0.056720320921171415 -3.2495050092582716 0
    endloop
  endfacet
  facet normal 0.34340709345699466 0.9184839933270029 -0.19610895483251425
    outer loop
      vertex -0.9855118612495757 -2.5673461728673046 2.5
      vertex -0.940555394145589 -2.584154707161248 2.5
      vertex -1.1115654658084233 -3.0540010175542025 0
    endloop
  endfacet
  facet normal 0.359384546851008 0.9123508235975867 -0.19610895483251425
    outer loop
      vertex -1.030168131893758 -2.549755600058665 2.5
      vertex -0.9855118612495757 -2.5673461728673046 2.5
      vertex -1.164695836022226 -3.0341363861159056 0
    endloop
  endfacet
  facet normal 0.32732503493565096 0.9243373839344992 -0.19610895483251412
    outer loop
      vertex -0.940555394145589 -2.584154707161248 2.5
      vertex -0.8953124247571809 -2.6001760828981215 2.5
      vertex -1.0580965019857593 -3.0729353706977798 0
    endloop
  endfacet
  facet normal 0.2785003664720003 0.9402014803803812 -0.19610895483251414
    outer loop
      vertex -0.7580027284967477 -2.643469663830377 2.5
      vertex -0.8958214064052473 -3.1241005117995364 0
      vertex -0.8040221879875261 -2.6298380788983473 2.5
    endloop
  endfacet
  facet normal 0.31114327003777953 0.9299092124205977 -0.19610895483251417
    outer loop
      vertex -0.8953124247571809 -2.6001760828981215 2.5
      vertex -0.8497967345311054 -2.615405419811672 2.5
      vertex -1.004305231718579 -3.090933677959249 0
    endloop
  endfacet
  facet normal 0.2948667278857691 0.9351977815523509 -0.19610895483251417
    outer loop
      vertex -0.8497967345311054 -2.615405419811672 2.5
      vertex -0.8040221879875261 -2.6298380788983473 2.5
      vertex -0.9502080403488945 -3.107990456879865 0
    endloop
  endfacet
  facet normal 0.26204917114869647 0.9449187847295555 -0.1961089548325142
    outer loop
      vertex -0.7580027284967477 -2.643469663830377 2.5
      vertex -0.711752374031932 -2.6562960222949377 2.5
      vertex -0.8411618965831924 -3.139258935439472 0
    endloop
  endfacet
  facet normal 0.2455181531093457 0.9493482576632638 -0.19610895483251423
    outer loop
      vertex -0.711752374031932 -2.6562960222949377 2.5
      vertex -0.6652852128990863 -2.66831324725899 2.5
      vertex -0.7862461606989202 -3.1534611103969885 0
    endloop
  endfacet
  facet normal 0.22891234786216957 0.9534885499211451 -0.1961089548325142
    outer loop
      vertex -0.6652852128990863 -2.66831324725899 2.5
      vertex -0.6186153994456287 -2.679517678159397 2.5
      vertex -0.7310909266175613 -3.1667027105520145 0
    endloop
  endfacet
  facet normal 0.21223681369631134 0.9573384003300693 -0.19610895483251414
    outer loop
      vertex -0.6186153994456287 -2.679517678159397 2.5
      vertex -0.5717571497488382 -2.6899059020179656 2.5
      vertex -0.6757129951577179 -3.1789797023848685 0
    endloop
  endfacet
  facet normal 0.19549663014100438 0.9608966361883103 -0.19610895483251428
    outer loop
      vertex -0.5717571497488382 -2.6899059020179656 2.5
      vertex -0.5247247372854982 -2.6994747544810758 2.5
      vertex -0.6201292349737706 -3.190288346204908 0
    endloop
  endfacet
  facet normal 0.1786968964183544 0.9641621736227505 -0.19610895483251417
    outer loop
      vertex -0.5247247372854982 -2.6994747544810758 2.5
      vertex -0.4775324885840584 -2.708221320783572 2.5
      vertex -0.5643565774175235 -3.200625197289676 0
    endloop
  endfacet
  facet normal 0.16184272988997248 0.9671340179190577 -0.19610895483251425
    outer loop
      vertex -0.4775324885840584 -2.708221320783572 2.5
      vertex -0.4301947788606349 -2.7161429366366288 2.5
      vertex -0.5084120113807503 -3.209987106934198 0
    endloop
  endfacet
  facet normal 0.14493926449826333 0.9698112638246688 -0.19610895483251414
    outer loop
      vertex -0.4301947788606349 -2.7161429366366288 2.5
      vertex -0.38272602764017993 -2.7232371890393186 2.5
      vertex -0.4523125781202127 -3.2183712234101036 0
    endloop
  endfacet
  facet normal 0.12799164920252148 0.9721930958245475 -0.19610895483251412
    outer loop
      vertex -0.38272602764017993 -2.7232371890393186 2.5
      vertex -0.33514069436415556 -2.7295019170136356 2.5
      vertex -0.3960753660667293 -3.2257749928342965 0
    endloop
  endfacet
  facet normal 0.11100504641055338 0.9742787883895911 -0.1961089548325142
    outer loop
      vertex -0.33514069436415556 -2.7295019170136356 2.5
      vertex -0.28745327398604703 -2.7349352122627515 2.5
      vertex -0.3397175056198738 -3.2321961599468882 0
    endloop
  endfacet
  facet normal 0.09398463040612663 0.97606770619764 -0.19610895483251428
    outer loop
      vertex -0.28745327398604703 -2.7349352122627515 2.5
      vertex -0.23967829255605996 -2.7395354197523 2.5
      vertex -0.28325616392988906 -3.237632768798173 0
    endloop
  endfacet
  facet normal 0.07693558577282043 0.9775593043270019 -0.19610895483251417
    outer loop
      vertex -0.23967829255605996 -2.7395354197523 2.5
      vertex -0.19183030279634458 -2.7433011382145165 2.5
      vertex -0.22670853966840723 -3.2420831633444287 0
    endloop
  endfacet
  facet normal 0.05986310581480185 0.9787531284224356 -0.1961089548325142
    outer loop
      vertex -0.19183030279634458 -2.7433011382145165 2.5
      vertex -0.14392387966809556 -2.746231220575078 2.5
      vertex -0.17009185778956745 -3.245545987952365 0
    endloop
  endfacet
  facet normal 0.042772390974844664 0.9796488148335576 -0.19610895483251417
    outer loop
      vertex -0.14392387966809556 -2.746231220575078 2.5
      vertex -0.09597361593187767 -2.7483247743025134 2.5
      vertex -0.11342336428312814 -3.2480201878120614 0
    endloop
  endfacet
  facet normal 0.025668647250242264 0.9802460907256103 -0.19610895483251412
    outer loop
      vertex -0.09597361593187767 -2.7483247743025134 2.5
      vertex -0.047994117702529655 -2.749581161680076 2.5
      vertex -0.056720320921171415 -3.2495050092582716 0
    endloop
  endfacet
  facet normal 0.008557084607033348 0.9805447741625708 -0.1961089548325141
    outer loop
      vertex -0.047994117702529655 -2.749581161680076 2.5
      vertex 0 -2.75 2.5
      vertex -0.056720320921171415 -3.2495050092582716 0
    endloop
  endfacet
  facet normal 0.7112891325182179 0.6749881834491473 -0.19610895483251425
    outer loop
      vertex -2.0112226794527186 -1.8754954901718708 2.5
      vertex -1.9781844509312907 -1.9103105187622424 2.5
      vertex -2.376899530262304 -2.21649467020312 0
    endloop
  endfacet
  facet normal 0.6994006316202114 0.6872990865145597 -0.19610895483251417
    outer loop
      vertex -1.9445436482630059 -1.9445436482630059 2.5
      vertex -2.3378543511006162 -2.257639703991741 0
      vertex -1.9781844509312907 -1.9103105187622424 2.5
    endloop
  endfacet
  facet normal 0.6872990865145597 0.6994006316202114 -0.19610895483251417
    outer loop
      vertex -1.9445436482630059 -1.9445436482630059 2.5
      vertex -1.9103105187622424 -1.9781844509312907 2.5
      vertex -2.257639703991741 -2.3378543511006162 0
    endloop
  endfacet
  facet normal 0.6749881834491473 0.7112891325182179 -0.19610895483251425
    outer loop
      vertex -1.9103105187622424 -1.9781844509312907 2.5
      vertex -1.8754954901718708 -2.0112226794527186 2.5
      vertex -2.21649467020312 -2.376899530262304 0
    endloop
  endfacet
  facet normal 0.9805447741625709 -0.008557084607035442 -0.19610895483251414
    outer loop
      vertex -2.749581161680076 0.047994117702529655 2.5
      vertex -3.25 0 0
      vertex -3.2495050092582716 0.056720320921171415 0
    endloop
  endfacet
  facet normal 0.9802460907256105 -0.025668647250239485 -0.1961089548325142
    outer loop
      vertex -2.7483247743025134 0.09597361593187767 2.5
      vertex -3.2495050092582716 0.056720320921171415 0
      vertex -3.2480201878120614 0.11342336428312814 0
    endloop
  endfacet
  facet normal 0.9796488148335577 -0.04277239097484259 -0.19610895483251425
    outer loop
      vertex -2.746231220575078 0.14392387966809556 2.5
      vertex -3.2480201878120614 0.11342336428312814 0
      vertex -3.245545987952365 0.17009185778956745 0
    endloop
  endfacet
  facet normal 0.9787531284224356 -0.05986310581480253 -0.1961089548325142
    outer loop
      vertex -2.7433011382145165 0.19183030279634458 2.5
      vertex -3.245545987952365 0.17009185778956745 0
      vertex -3.2420831633444287 0.22670853966840723 0
    endloop
  endfacet
  facet normal 0.9775593043270021 -0.07693558577281624 -0.19610895483251425
    outer loop
      vertex -2.7395354197523 0.23967829255605996 2.5
      vertex -3.2420831633444287 0.22670853966840723 0
      vertex -3.237632768798173 0.28325616392988906 0
    endloop
  endfacet
  facet normal 0.9760677061976396 -0.09398463040613074 -0.1961089548325142
    outer loop
      vertex -2.7349352122627515 0.28745327398604703 2.5
      vertex -3.237632768798173 0.28325616392988906 0
      vertex -3.2321961599468882 0.3397175056198738 0
    endloop
  endfacet
  facet normal 0.9742787883895906 -0.111005046410559 -0.1961089548325141
    outer loop
      vertex -2.7295019170136356 0.33514069436415556 2.5
      vertex -3.2321961599468882 0.3397175056198738 0
      vertex -3.2257749928342965 0.3960753660667293 0
    endloop
  endfacet
  facet normal 0.9721930958245476 -0.12799164920251996 -0.19610895483251414
    outer loop
      vertex -2.7232371890393186 0.38272602764017993 2.5
      vertex -3.2257749928342965 0.3960753660667293 0
      vertex -3.2183712234101036 0.4523125781202127 0
    endloop
  endfacet
  facet normal 0.9698112638246698 -0.14493926449825734 -0.19610895483251425
    outer loop
      vertex -2.7161429366366288 0.4301947788606349 2.5
      vertex -3.2183712234101036 0.4523125781202127 0
      vertex -3.209987106934198 0.5084120113807503 0
    endloop
  endfacet
  facet normal 0.9671340179190573 -0.16184272988997586 -0.1961089548325142
    outer loop
      vertex -2.708221320783572 0.4775324885840584 2.5
      vertex -3.209987106934198 0.5084120113807503 0
      vertex -3.200625197289676 0.5643565774175235 0
    endloop
  endfacet
  facet normal 0.9641621736227514 -0.1786968964183489 -0.19610895483251428
    outer loop
      vertex -2.6994747544810758 0.5247247372854982 2.5
      vertex -3.200625197289676 0.5643565774175235 0
      vertex -3.190288346204908 0.6201292349737706 0
    endloop
  endfacet
  facet normal 0.9608966361883092 -0.19549663014101037 -0.19610895483251417
    outer loop
      vertex -2.6899059020179656 0.5717571497488382 2.5
      vertex -3.190288346204908 0.6201292349737706 0
      vertex -3.1789797023848685 0.6757129951577179 0
    endloop
  endfacet
  facet normal 0.9573384003300697 -0.21223681369630995 -0.19610895483251417
    outer loop
      vertex -2.679517678159397 0.6186153994456287 2.5
      vertex -3.1789797023848685 0.6757129951577179 0
      vertex -3.1667027105520145 0.7310909266175613 0
    endloop
  endfacet
  facet normal 0.9534885499211455 -0.2289123478621676 -0.1961089548325142
    outer loop
      vertex -2.66831324725899 0.6652852128990863 2.5
      vertex -3.1667027105520145 0.7310909266175613 0
      vertex -3.1534611103969885 0.7862461606989202 0
    endloop
  endfacet
  facet normal 0.9493482576632637 -0.24551815310934583 -0.19610895483251417
    outer loop
      vertex -2.6562960222949377 0.711752374031932 2.5
      vertex -3.1534611103969885 0.7862461606989202 0
      vertex -3.139258935439472 0.8411618965831924 0
    endloop
  endfacet
  facet normal 0.9449187847295547 -0.26204917114869936 -0.19610895483251412
    outer loop
      vertex -2.643469663830377 0.7580027284967477 2.5
      vertex -3.139258935439472 0.8411618965831924 0
      vertex -3.1241005117995364 0.8958214064052473 0
    endloop
  endfacet
  facet normal 0.9402014803803814 -0.2785003664719995 -0.19610895483251414
    outer loop
      vertex -2.6298380788983473 0.8040221879875261 2.5
      vertex -3.1241005117995364 0.8958214064052473 0
      vertex -3.107990456879865 0.9502080403488945 0
    endloop
  endfacet
  facet normal 0.9351977815523509 -0.2948667278857696 -0.19610895483251417
    outer loop
      vertex -2.615405419811672 0.8497967345311054 2.5
      vertex -3.107990456879865 0.9502080403488945 0
      vertex -3.090933677959249 1.004305231718579 0
    endloop
  endfacet
  facet normal 0.9299092124205967 -0.31114327003778286 -0.19610895483251406
    outer loop
      vertex -2.6001760828981215 0.8953124247571809 2.5
      vertex -3.090933677959249 1.004305231718579 0
      vertex -3.0729353706977798 1.0580965019857593 0
    endloop
  endfacet
  facet normal 0.9243373839345013 -0.3273250349356449 -0.19610895483251423
    outer loop
      vertex -2.584154707161248 0.940555394145589 2.5
      vertex -3.0729353706977798 1.0580965019857593 0
      vertex -3.0540010175542025 1.1115654658084233 0
    endloop
  endfacet
  facet normal 0.9805447741625708 -0.008557084607033348 -0.19610895483251417
    outer loop
      vertex -2.75 0 2.5
      vertex -3.25 0 0
      vertex -2.749581161680076 0.047994117702529655 2.5
    endloop
  endfacet
  facet normal 0.9802460907256103 -0.025668647250242264 -0.19610895483251412
    outer loop
      vertex -2.749581161680076 0.047994117702529655 2.5
      vertex -3.2495050092582716 0.056720320921171415 0
      vertex -2.7483247743025134 0.09597361593187767 2.5
    endloop
  endfacet
  facet normal 0.9796488148335576 -0.042772390974844664 -0.1961089548325142
    outer loop
      vertex -2.7483247743025134 0.09597361593187767 2.5
      vertex -3.2480201878120614 0.11342336428312814 0
      vertex -2.746231220575078 0.14392387966809556 2.5
    endloop
  endfacet
  facet normal 0.9787531284224356 -0.05986310581480185 -0.1961089548325142
    outer loop
      vertex -2.746231220575078 0.14392387966809556 2.5
      vertex -3.245545987952365 0.17009185778956745 0
      vertex -2.7433011382145165 0.19183030279634458 2.5
    endloop
  endfacet
  facet normal 0.9775593043270019 -0.07693558577282043 -0.19610895483251417
    outer loop
      vertex -2.7433011382145165 0.19183030279634458 2.5
      vertex -3.2420831633444287 0.22670853966840723 0
      vertex -2.7395354197523 0.23967829255605996 2.5
    endloop
  endfacet
  facet normal 0.97606770619764 -0.09398463040612663 -0.19610895483251425
    outer loop
      vertex -2.7395354197523 0.23967829255605996 2.5
      vertex -3.237632768798173 0.28325616392988906 0
      vertex -2.7349352122627515 0.28745327398604703 2.5
    endloop
  endfacet
  facet normal 0.9742787883895911 -0.11100504641055338 -0.1961089548325142
    outer loop
      vertex -2.7349352122627515 0.28745327398604703 2.5
      vertex -3.2321961599468882 0.3397175056198738 0
      vertex -2.7295019170136356 0.33514069436415556 2.5
    endloop
  endfacet
  facet normal 0.9721930958245475 -0.12799164920252148 -0.19610895483251412
    outer loop
      vertex -2.7295019170136356 0.33514069436415556 2.5
      vertex -3.2257749928342965 0.3960753660667293 0
      vertex -2.7232371890393186 0.38272602764017993 2.5
    endloop
  endfacet
  facet normal 0.9698112638246688 -0.14493926449826333 -0.19610895483251412
    outer loop
      vertex -2.7232371890393186 0.38272602764017993 2.5
      vertex -3.2183712234101036 0.4523125781202127 0
      vertex -2.7161429366366288 0.4301947788606349 2.5
    endloop
  endfacet
  facet normal 0.9671340179190577 -0.16184272988997248 -0.19610895483251425
    outer loop
      vertex -2.7161429366366288 0.4301947788606349 2.5
      vertex -3.209987106934198 0.5084120113807503 0
      vertex -2.708221320783572 0.4775324885840584 2.5
    endloop
  endfacet
  facet normal 0.9641621736227505 -0.1786968964183544 -0.19610895483251417
    outer loop
      vertex -2.708221320783572 0.4775324885840584 2.5
      vertex -3.200625197289676 0.5643565774175235 0
      vertex -2.6994747544810758 0.5247247372854982 2.5
    endloop
  endfacet
  facet normal 0.9608966361883103 -0.19549663014100438 -0.19610895483251425
    outer loop
      vertex -2.6994747544810758 0.5247247372854982 2.5
      vertex -3.190288346204908 0.6201292349737706 0
      vertex -2.6899059020179656 0.5717571497488382 2.5
    endloop
  endfacet
  facet normal 0.9573384003300693 -0.21223681369631134 -0.19610895483251414
    outer loop
      vertex -2.6899059020179656 0.5717571497488382 2.5
      vertex -3.1789797023848685 0.6757129951577179 0
      vertex -2.679517678159397 0.6186153994456287 2.5
    endloop
  endfacet
  facet normal 0.9534885499211451 -0.22891234786216957 -0.1961089548325142
    outer loop
      vertex -2.679517678159397 0.6186153994456287 2.5
      vertex -3.1667027105520145 0.7310909266175613 0
      vertex -2.66831324725899 0.6652852128990863 2.5
    endloop
  endfacet
  facet normal 0.9493482576632638 -0.2455181531093457 -0.19610895483251425
    outer loop
      vertex -2.66831324725899 0.6652852128990863 2.5
      vertex -3.1534611103969885 0.7862461606989202 0
      vertex -2.6562960222949377 0.711752374031932 2.5
    endloop
  endfacet
  facet normal 0.9449187847295555 -0.26204917114869647 -0.1961089548325142
    outer loop
      vertex -2.6562960222949377 0.711752374031932 2.5
      vertex -3.139258935439472 0.8411618965831924 0
      vertex -2.643469663830377 0.7580027284967477 2.5
    endloop
  endfacet
  facet normal 0.9402014803803812 -0.2785003664720003 -0.19610895483251414
    outer loop
      vertex -2.643469663830377 0.7580027284967477 2.5
      vertex -3.1241005117995364 0.8958214064052473 0
      vertex -2.6298380788983473 0.8040221879875261 2.5
    endloop
  endfacet
  facet normal 0.9351977815523509 -0.2948667278857691 -0.19610895483251417
    outer loop
      vertex -2.6298380788983473 0.8040221879875261 2.5
      vertex -3.107990456879865 0.9502080403488945 0
      vertex -2.615405419811672 0.8497967345311054 2.5
    endloop
  endfacet
  facet normal 0.9299092124205977 -0.31114327003777953 -0.19610895483251414
    outer loop
      vertex -2.615405419811672 0.8497967345311054 2.5
      vertex -3.090933677959249 1.004305231718579 0
      vertex -2.6001760828981215 0.8953124247571809 2.5
    endloop
  endfacet
  facet normal 0.9243373839344992 -0.32732503493565096 -0.19610895483251412
    outer loop
      vertex -2.6001760828981215 0.8953124247571809 2.5
      vertex -3.0729353706977798 1.0580965019857593 0
      vertex -2.584154707161248 0.940555394145589 2.5
    endloop
  endfacet
  facet normal 0.9184839933270029 -0.34340709345699466 -0.19610895483251425
    outer loop
      vertex -2.584154707161248 0.940555394145589 2.5
      vertex -3.0540010175542025 1.1115654658084233 0
      vertex -2.5673461728673046 0.9855118612495757 2.5
    endloop
  endfacet
  facet normal 0.9123508235975867 -0.359384546851008 -0.19610895483251423
    outer loop
      vertex -2.5673461728673046 0.9855118612495757 2.5
      vertex -3.0341363861159056 1.164695836022226 0
      vertex -2.549755600058665 1.030168131893758 2.5
    endloop
  endfacet
  facet normal 0.918483993327003 -0.34340709345699444 -0.19610895483251428
    outer loop
      vertex -2.5673461728673046 0.9855118612495757 2.5
      vertex -3.0540010175542025 1.1115654658084233 0
      vertex -3.0341363861159056 1.164695836022226 0
    endloop
  endfacet
  facet normal 0.9123508235975879 -0.35938454685100474 -0.19610895483251434
    outer loop
      vertex -2.549755600058665 1.030168131893758 2.5
      vertex -3.0341363861159056 1.164695836022226 0
      vertex -3.0133475273420594 1.217471428601714 0
    endloop
  endfacet
  facet normal 0.9059397429691577 -0.37525252823062416 -0.1961089548325142
    outer loop
      vertex -2.531388346994211 1.074510603345503 2.5
      vertex -3.0133475273420594 1.217471428601714 0
      vertex -2.991640773720431 1.2698761675901398 0
    endloop
  endfacet
  facet normal 0.8992527043189867 -0.3910062040549843 -0.19610895483251423
    outer loop
      vertex -2.512250008517152 1.1185257684584506 2.5
      vertex -2.991640773720431 1.2698761675901398 0
      vertex -2.969022737338453 1.3218940899963507 0
    endloop
  endfacet
  facet normal 0.8922917445838258 -0.4066407756018223 -0.19610895483251412
    outer loop
      vertex -2.4923464143507874 1.1622002197869234 2.5
      vertex -2.969022737338453 1.3218940899963507 0
      vertex -2.9455003078691124 1.373509350657273 0
    endloop
  endfacet
  facet normal 0.8850589841394376 -0.42215148042920075 -0.19610895483251414
    outer loop
      vertex -2.4716836273227094 1.205520653669963 2.5
      vertex -2.9455003078691124 1.373509350657273 0
      vertex -2.921080650472293 1.4247062270645015 0
    endloop
  endfacet
  facet normal 0.877556626154724 -0.4375335938261623 -0.19610895483251425
    outer loop
      vertex -2.4502679415180117 1.2484738742837536 2.5
      vertex -2.921080650472293 1.4247062270645015 0
      vertex -2.895771203612196 1.475469124153527 0
    endloop
  endfacet
  facet normal 0.8697869559205963 -0.45278243025197173 -0.19610895483251406
    outer loop
      vertex -2.4281058803620494 1.2910467976611997 2.5
      vertex -2.895771203612196 1.475469124153527 0
      vertex -2.8695796767915125 1.525782579054145 0
    endloop
  endfacet
  facet normal 0.8617523401538857 -0.46789334476331285 -0.19610895483251425
    outer loop
      vertex -2.4052041946333382 1.333226455677427 2.5
      vertex -2.8695796767915125 1.525782579054145 0
      vertex -2.842514048203036 1.5756312658005955 0
    endloop
  endfacet
  facet normal 0.8534552262763782 -0.4828617344292617 -0.19610895483251406
    outer loop
      vertex -2.381569860407206 1.375 2.5
      vertex -2.842514048203036 1.5756312658005955 0
      vertex -2.8145825622994254 1.625 0
    endloop
  endfacet
  facet normal 0.8448981416693443 -0.4976830397333101 -0.19610895483251406
    outer loop
      vertex -2.357210076930809 1.416354706002649 2.5
      vertex -2.8145825622994254 1.625 0
      vertex -2.785793727281865 1.673873743457676 0
    endloop
  endfacet
  facet normal 0.8360836929036419 -0.5123527459622984 -0.19610895483251414
    outer loop
      vertex -2.332132264430171 1.4572779766413135 2.5
      vertex -2.785793727281865 1.673873743457676 0
      vertex -2.7561563125083843 1.7222376087579159 0
    endloop
  endfacet
  facet normal 0.8270145649457619 -0.5268663845815854 -0.19610895483251417
    outer loop
      vertex -2.306344061849916 1.4977573462913245 2.5
      vertex -2.7561563125083843 1.7222376087579159 0
      vertex -2.7256793458226283 1.770076863798838 0
    endloop
  endfacet
  facet normal 0.8176935203399202 -0.5412195345962741 -0.19610895483251406
    outer loop
      vertex -2.2798533245263646 1.537780484544554 2.5
      vertex -2.7256793458226283 1.770076863798838 0
      vertex -2.694372110803885 1.8173769362799275 0
    endloop
  endfacet
  facet normal 0.8081233983666175 -0.5554078238977986 -0.1961089548325142
    outer loop
      vertex -2.2526681217947275 1.5773351999653766 2.5
      vertex -2.694372110803885 1.8173769362799275 0
      vertex -2.6622441439392235 1.8641234181408997 0
    endloop
  endfacet
  facet normal 0.7983071141776984 -0.5694269305958177 -0.19610895483251412
    outer loop
      vertex -2.2247967345311057 1.616409443804301 2.5
      vertex -2.6622441439392235 1.8641234181408997 0
      vertex -2.629305231718579 1.9103020699505378 0
    endloop
  endfacet
  facet normal 0.7882476579084292 -0.5832725843346103 -0.19610895483251406
    outer loop
      vertex -2.1962476526300554 1.6549913136681327 2.5
      vertex -2.629305231718579 1.9103020699505378 0
      vertex -2.5955654076537016 1.955898825244157 0
    endloop
  endfacet
  facet normal 0.7779480937666347 -0.5969405675939258 -0.196108954832514
    outer loop
      vertex -2.1670295724184854 1.6930690571455602 2.5
      vertex -2.5955654076537016 1.955898825244157 0
      vertex -2.5610349492218463 2.0008997948083893 0
    endloop
  endfacet
  facet normal 0.7674115590993262 -0.6104267169736597 -0.19610895483251395
    outer loop
      vertex -2.13715139400667 1.7306310753870529 2.5
      vertex -2.5610349492218463 2.0008997948083893 0
      vertex -2.525724374735155 2.0452912709119717 0
    endloop
  endfacet
  facet normal 0.7566412634370315 -0.623726924462069 -0.19610895483251414
    outer loop
      vertex -2.1066222185771895 1.7676659266379828 2.5
      vertex -2.525724374735155 2.0452912709119717 0
      vertex -2.4896444401366784 2.0890597314812527 0
    endloop
  endfacet
  facet normal 0.7456404875161516 -0.6368371386871015 -0.1961089548325141
    outer loop
      vertex -2.075451345612623 1.8041623297238951 2.5
      vertex -2.4896444401366784 2.0890597314812527 0
      vertex -2.452806135724009 2.1321918442191485 0
    endloop
  endfacet
  facet normal 0.7344125822795882 -0.6497533661505157 -0.19610895483251425
    outer loop
      vertex -2.043648270062834 1.8401091674868602 2.5
      vertex -2.452806135724009 2.1321918442191485 0
      vertex -2.4152206828015315 2.1746744706662895 0
    endloop
  endfacet
  facet normal 0.7229609678560408 -0.6624716724443059 -0.1961089548325142
    outer loop
      vertex -2.0112226794527186 1.8754954901718708 2.5
      vertex -2.4152206828015315 2.1746744706662895 0
      vertex -2.376899530262304 2.21649467020312 0
    endloop
  endfacet
  facet normal 0.9059397429691604 -0.3752525282306179 -0.19610895483251434
    outer loop
      vertex -2.549755600058665 1.030168131893758 2.5
      vertex -3.0133475273420594 1.217471428601714 0
      vertex -2.531388346994211 1.074510603345503 2.5
    endloop
  endfacet
  facet normal 0.8992527043189857 -0.39100620405498643 -0.19610895483251414
    outer loop
      vertex -2.531388346994211 1.074510603345503 2.5
      vertex -2.991640773720431 1.2698761675901398 0
      vertex -2.512250008517152 1.1185257684584506 2.5
    endloop
  endfacet
  facet normal 0.8922917445838269 -0.4066407756018197 -0.19610895483251423
    outer loop
      vertex -2.512250008517152 1.1185257684584506 2.5
      vertex -2.969022737338453 1.3218940899963507 0
      vertex -2.4923464143507874 1.1622002197869234 2.5
    endloop
  endfacet
  facet normal 0.8850589841394391 -0.4221514804291973 -0.19610895483251417
    outer loop
      vertex -2.4923464143507874 1.1622002197869234 2.5
      vertex -2.9455003078691124 1.373509350657273 0
      vertex -2.4716836273227094 1.205520653669963 2.5
    endloop
  endfacet
  facet normal 0.8775566261547212 -0.4375335938261679 -0.19610895483251412
    outer loop
      vertex -2.4716836273227094 1.205520653669963 2.5
      vertex -2.921080650472293 1.4247062270645015 0
      vertex -2.4502679415180117 1.2484738742837536 2.5
    endloop
  endfacet
  facet normal 0.869786955920601 -0.4527824302519628 -0.19610895483251423
    outer loop
      vertex -2.4502679415180117 1.2484738742837536 2.5
      vertex -2.895771203612196 1.475469124153527 0
      vertex -2.4281058803620494 1.2910467976611997 2.5
    endloop
  endfacet
  facet normal 0.8617523401538811 -0.46789334476332173 -0.196108954832514
    outer loop
      vertex -2.4281058803620494 1.2910467976611997 2.5
      vertex -2.8695796767915125 1.525782579054145 0
      vertex -2.4052041946333382 1.333226455677427 2.5
    endloop
  endfacet
  facet normal 0.8534552262763804 -0.482861734429258 -0.19610895483251423
    outer loop
      vertex -2.4052041946333382 1.333226455677427 2.5
      vertex -2.842514048203036 1.5756312658005955 0
      vertex -2.381569860407206 1.375 2.5
    endloop
  endfacet
  facet normal 0.8448981416693458 -0.4976830397333074 -0.19610895483251412
    outer loop
      vertex -2.381569860407206 1.375 2.5
      vertex -2.8145825622994254 1.625 0
      vertex -2.357210076930809 1.416354706002649 2.5
    endloop
  endfacet
  facet normal 0.8360836929036385 -0.5123527459623042 -0.19610895483251406
    outer loop
      vertex -2.357210076930809 1.416354706002649 2.5
      vertex -2.785793727281865 1.673873743457676 0
      vertex -2.332132264430171 1.4572779766413135 2.5
    endloop
  endfacet
  facet normal 0.8270145649457613 -0.5268663845815864 -0.19610895483251417
    outer loop
      vertex -2.332132264430171 1.4572779766413135 2.5
      vertex -2.7561563125083843 1.7222376087579159 0
      vertex -2.306344061849916 1.4977573462913245 2.5
    endloop
  endfacet
  facet normal 0.8176935203399234 -0.5412195345962693 -0.19610895483251423
    outer loop
      vertex -2.306344061849916 1.4977573462913245 2.5
      vertex -2.7256793458226283 1.770076863798838 0
      vertex -2.2798533245263646 1.537780484544554 2.5
    endloop
  endfacet
  facet normal 0.8081233983666156 -0.5554078238978015 -0.1961089548325141
    outer loop
      vertex -2.2798533245263646 1.537780484544554 2.5
      vertex -2.694372110803885 1.8173769362799275 0
      vertex -2.2526681217947275 1.5773351999653766 2.5
    endloop
  endfacet
  facet normal 0.7983071141777018 -0.5694269305958126 -0.19610895483251417
    outer loop
      vertex -2.2526681217947275 1.5773351999653766 2.5
      vertex -2.6622441439392235 1.8641234181408997 0
      vertex -2.2247967345311057 1.616409443804301 2.5
    endloop
  endfacet
  facet normal 0.7882476579084271 -0.5832725843346129 -0.19610895483251403
    outer loop
      vertex -2.2247967345311057 1.616409443804301 2.5
      vertex -2.629305231718579 1.9103020699505378 0
      vertex -2.1962476526300554 1.6549913136681327 2.5
    endloop
  endfacet
  facet normal 0.7779480937666343 -0.5969405675939262 -0.19610895483251412
    outer loop
      vertex -2.1962476526300554 1.6549913136681327 2.5
      vertex -2.5955654076537016 1.955898825244157 0
      vertex -2.1670295724184854 1.6930690571455602 2.5
    endloop
  endfacet
  facet normal 0.7674115590993282 -0.6104267169736571 -0.19610895483251414
    outer loop
      vertex -2.1670295724184854 1.6930690571455602 2.5
      vertex -2.5610349492218463 2.0008997948083893 0
      vertex -2.13715139400667 1.7306310753870529 2.5
    endloop
  endfacet
  facet normal 0.7566412634370271 -0.6237269244620742 -0.19610895483251403
    outer loop
      vertex -2.13715139400667 1.7306310753870529 2.5
      vertex -2.525724374735155 2.0452912709119717 0
      vertex -2.1066222185771895 1.7676659266379828 2.5
    endloop
  endfacet
  facet normal 0.7456404875161545 -0.6368371386870981 -0.1961089548325142
    outer loop
      vertex -2.1066222185771895 1.7676659266379828 2.5
      vertex -2.4896444401366784 2.0890597314812527 0
      vertex -2.075451345612623 1.8041623297238951 2.5
    endloop
  endfacet
  facet normal 0.7344125822795818 -0.6497533661505227 -0.19610895483251412
    outer loop
      vertex -2.075451345612623 1.8041623297238951 2.5
      vertex -2.452806135724009 2.1321918442191485 0
      vertex -2.043648270062834 1.8401091674868602 2.5
    endloop
  endfacet
  facet normal 0.722960967856042 -0.6624716724443045 -0.1961089548325143
    outer loop
      vertex -2.043648270062834 1.8401091674868602 2.5
      vertex -2.4152206828015315 2.1746744706662895 0
      vertex -2.0112226794527186 1.8754954901718708 2.5
    endloop
  endfacet
  facet normal 0.711289132518214 -0.6749881834491516 -0.19610895483251414
    outer loop
      vertex -1.9781844509312907 1.9103105187622424 2.5
      vertex -2.376899530262304 2.21649467020312 0
      vertex -2.3378543511006162 2.257639703991741 0
    endloop
  endfacet
  facet normal 0.6994006316202145 -0.6872990865145565 -0.19610895483251423
    outer loop
      vertex -1.9445436482630059 1.9445436482630059 2.5
      vertex -2.3378543511006162 2.257639703991741 0
      vertex -2.29809703885628 2.29809703885628 0
    endloop
  endfacet
  facet normal 0.6872990865145565 -0.6994006316202145 -0.19610895483251423
    outer loop
      vertex -1.9445436482630059 1.9445436482630059 2.5
      vertex -2.29809703885628 2.29809703885628 0
      vertex -2.257639703991741 2.3378543511006162 0
    endloop
  endfacet
  facet normal 0.6749881834491516 -0.711289132518214 -0.19610895483251414
    outer loop
      vertex -1.9103105187622424 1.9781844509312907 2.5
      vertex -2.257639703991741 2.3378543511006162 0
      vertex -2.21649467020312 2.376899530262304 0
    endloop
  endfacet
  facet normal 0.7112891325182179 -0.6749881834491473 -0.19610895483251425
    outer loop
      vertex -2.0112226794527186 1.8754954901718708 2.5
      vertex -2.376899530262304 2.21649467020312 0
      vertex -1.9781844509312907 1.9103105187622424 2.5
    endloop
  endfacet
  facet normal 0.6994006316202114 -0.6872990865145597 -0.19610895483251417
    outer loop
      vertex -1.9781844509312907 1.9103105187622424 2.5
      vertex -2.3378543511006162 2.257639703991741 0
      vertex -1.9445436482630059 1.9445436482630059 2.5
    endloop
  endfacet
  facet normal 0.6872990865145597 -0.6994006316202114 -0.19610895483251417
    outer loop
      vertex -1.9445436482630059 1.9445436482630059 2.5
      vertex -2.257639703991741 2.3378543511006162 0
      vertex -1.9103105187622424 1.9781844509312907 2.5
    endloop
  endfacet
  facet normal 0.6749881834491473 -0.7112891325182179 -0.19610895483251425
    outer loop
      vertex -1.9103105187622424 1.9781844509312907 2.5
      vertex -2.21649467020312 2.376899530262304 0
      vertex -1.8754954901718708 2.0112226794527186 2.5
    endloop
  endfacet
  facet normal 0.6624716724443059 -0.7229609678560408 -0.1961089548325142
    outer loop
      vertex -1.8754954901718708 2.0112226794527186 2.5
      vertex -2.21649467020312 2.376899530262304 0
      vertex -2.1746744706662895 2.4152206828015315 0
    endloop
  endfacet
  facet normal 0.6497533661505157 -0.7344125822795882 -0.19610895483251425
    outer loop
      vertex -1.8401091674868602 2.043648270062834 2.5
      vertex -2.1746744706662895 2.4152206828015315 0
      vertex -2.1321918442191485 2.452806135724009 0
    endloop
  endfacet
  facet normal 0.6368371386871015 -0.7456404875161516 -0.1961089548325141
    outer loop
      vertex -1.8041623297238951 2.075451345612623 2.5
      vertex -2.1321918442191485 2.452806135724009 0
      vertex -2.0890597314812527 2.4896444401366784 0
    endloop
  endfacet
  facet normal 0.623726924462069 -0.7566412634370315 -0.19610895483251414
    outer loop
      vertex -1.7676659266379828 2.1066222185771895 2.5
      vertex -2.0890597314812527 2.4896444401366784 0
      vertex -2.0452912709119717 2.525724374735155 0
    endloop
  endfacet
  facet normal 0.6104267169736597 -0.7674115590993262 -0.19610895483251395
    outer loop
      vertex -1.7306310753870529 2.13715139400667 2.5
      vertex -2.0452912709119717 2.525724374735155 0
      vertex -2.0008997948083893 2.5610349492218463 0
    endloop
  endfacet
  facet normal 0.5969405675939258 -0.7779480937666347 -0.196108954832514
    outer loop
      vertex -1.6930690571455602 2.1670295724184854 2.5
      vertex -2.0008997948083893 2.5610349492218463 0
      vertex -1.955898825244157 2.5955654076537016 0
    endloop
  endfacet
  facet normal 0.5832725843346103 -0.7882476579084292 -0.19610895483251406
    outer loop
      vertex -1.6549913136681327 2.1962476526300554 2.5
      vertex -1.955898825244157 2.5955654076537016 0
      vertex -1.9103020699505378 2.629305231718579 0
    endloop
  endfacet
  facet normal 0.5694269305958177 -0.7983071141776984 -0.19610895483251412
    outer loop
      vertex -1.616409443804301 2.2247967345311057 2.5
      vertex -1.9103020699505378 2.629305231718579 0
      vertex -1.8641234181408997 2.6622441439392235 0
    endloop
  endfacet
  facet normal 0.5554078238977986 -0.8081233983666175 -0.1961089548325142
    outer loop
      vertex -1.5773351999653766 2.2526681217947275 2.5
      vertex -1.8641234181408997 2.6622441439392235 0
      vertex -1.8173769362799275 2.694372110803885 0
    endloop
  endfacet
  facet normal 0.5412195345962741 -0.8176935203399202 -0.19610895483251406
    outer loop
      vertex -1.537780484544554 2.2798533245263646 2.5
      vertex -1.8173769362799275 2.694372110803885 0
      vertex -1.770076863798838 2.7256793458226283 0
    endloop
  endfacet
  facet normal 0.5268663845815854 -0.8270145649457619 -0.19610895483251417
    outer loop
      vertex -1.4977573462913245 2.306344061849916 2.5
      vertex -1.770076863798838 2.7256793458226283 0
      vertex -1.7222376087579159 2.7561563125083843 0
    endloop
  endfacet
  facet normal 0.5123527459622984 -0.8360836929036419 -0.19610895483251414
    outer loop
      vertex -1.4572779766413135 2.332132264430171 2.5
      vertex -1.7222376087579159 2.7561563125083843 0
      vertex -1.673873743457676 2.785793727281865 0
    endloop
  endfacet
  facet normal 0.4976830397333101 -0.8448981416693443 -0.19610895483251406
    outer loop
      vertex -1.416354706002649 2.357210076930809 2.5
      vertex -1.673873743457676 2.785793727281865 0
      vertex -1.625 2.8145825622994254 0
    endloop
  endfacet
  facet normal 0.4828617344292617 -0.8534552262763782 -0.19610895483251406
    outer loop
      vertex -1.375 2.381569860407206 2.5
      vertex -1.625 2.8145825622994254 0
      vertex -1.5756312658005955 2.842514048203036 0
    endloop
  endfacet
  facet normal 0.46789334476331285 -0.8617523401538857 -0.19610895483251425
    outer loop
      vertex -1.333226455677427 2.4052041946333382 2.5
      vertex -1.5756312658005955 2.842514048203036 0
      vertex -1.525782579054145 2.8695796767915125 0
    endloop
  endfacet
  facet normal 0.45278243025197173 -0.8697869559205963 -0.19610895483251406
    outer loop
      vertex -1.2910467976611997 2.4281058803620494 2.5
      vertex -1.525782579054145 2.8695796767915125 0
      vertex -1.475469124153527 2.895771203612196 0
    endloop
  endfacet
  facet normal 0.4375335938261623 -0.877556626154724 -0.19610895483251425
    outer loop
      vertex -1.2484738742837536 2.4502679415180117 2.5
      vertex -1.475469124153527 2.895771203612196 0
      vertex -1.4247062270645015 2.921080650472293 0
    endloop
  endfacet
  facet normal 0.42215148042920075 -0.8850589841394376 -0.19610895483251414
    outer loop
      vertex -1.205520653669963 2.4716836273227094 2.5
      vertex -1.4247062270645015 2.921080650472293 0
      vertex -1.373509350657273 2.9455003078691124 0
    endloop
  endfacet
  facet normal 0.4066407756018223 -0.8922917445838258 -0.19610895483251412
    outer loop
      vertex -1.1622002197869234 2.4923464143507874 2.5
      vertex -1.373509350657273 2.9455003078691124 0
      vertex -1.3218940899963507 2.969022737338453 0
    endloop
  endfacet
  facet normal 0.3910062040549843 -0.8992527043189867 -0.19610895483251423
    outer loop
      vertex -1.1185257684584506 2.512250008517152 2.5
      vertex -1.3218940899963507 2.969022737338453 0
      vertex -1.2698761675901398 2.991640773720431 0
    endloop
  endfacet
  facet normal 0.37525252823062416 -0.9059397429691577 -0.1961089548325142
    outer loop
      vertex -1.074510603345503 2.531388346994211 2.5
      vertex -1.2698761675901398 2.991640773720431 0
      vertex -1.217471428601714 3.0133475273420594 0
    endloop
  endfacet
  facet normal 0.35938454685100474 -0.9123508235975879 -0.19610895483251434
    outer loop
      vertex -1.030168131893758 2.549755600058665 2.5
      vertex -1.217471428601714 3.0133475273420594 0
      vertex -1.164695836022226 3.0341363861159056 0
    endloop
  endfacet
  facet normal 0.34340709345699444 -0.918483993327003 -0.19610895483251428
    outer loop
      vertex -0.9855118612495757 2.5673461728673046 2.5
      vertex -1.164695836022226 3.0341363861159056 0
      vertex -1.1115654658084233 3.0540010175542025 0
    endloop
  endfacet
  facet normal 0.6624716724443045 -0.722960967856042 -0.1961089548325143
    outer loop
      vertex -1.8754954901718708 2.0112226794527186 2.5
      vertex -2.1746744706662895 2.4152206828015315 0
      vertex -1.8401091674868602 2.043648270062834 2.5
    endloop
  endfacet
  facet normal 0.6497533661505227 -0.7344125822795818 -0.1961089548325141
    outer loop
      vertex -1.8401091674868602 2.043648270062834 2.5
      vertex -2.1321918442191485 2.452806135724009 0
      vertex -1.8041623297238951 2.075451345612623 2.5
    endloop
  endfacet
  facet normal 0.6368371386870981 -0.7456404875161545 -0.1961089548325142
    outer loop
      vertex -1.8041623297238951 2.075451345612623 2.5
      vertex -2.0890597314812527 2.4896444401366784 0
      vertex -1.7676659266379828 2.1066222185771895 2.5
    endloop
  endfacet
  facet normal 0.6237269244620742 -0.7566412634370271 -0.19610895483251403
    outer loop
      vertex -1.7676659266379828 2.1066222185771895 2.5
      vertex -2.0452912709119717 2.525724374735155 0
      vertex -1.7306310753870529 2.13715139400667 2.5
    endloop
  endfacet
  facet normal 0.6104267169736571 -0.7674115590993282 -0.19610895483251414
    outer loop
      vertex -1.7306310753870529 2.13715139400667 2.5
      vertex -2.0008997948083893 2.5610349492218463 0
      vertex -1.6930690571455602 2.1670295724184854 2.5
    endloop
  endfacet
  facet normal 0.5969405675939262 -0.7779480937666343 -0.19610895483251412
    outer loop
      vertex -1.6930690571455602 2.1670295724184854 2.5
      vertex -1.955898825244157 2.5955654076537016 0
      vertex -1.6549913136681327 2.1962476526300554 2.5
    endloop
  endfacet
  facet normal 0.5832725843346129 -0.7882476579084271 -0.19610895483251403
    outer loop
      vertex -1.6549913136681327 2.1962476526300554 2.5
      vertex -1.9103020699505378 2.629305231718579 0
      vertex -1.616409443804301 2.2247967345311057 2.5
    endloop
  endfacet
  facet normal 0.5694269305958126 -0.7983071141777018 -0.19610895483251417
    outer loop
      vertex -1.616409443804301 2.2247967345311057 2.5
      vertex -1.8641234181408997 2.6622441439392235 0
      vertex -1.5773351999653766 2.2526681217947275 2.5
    endloop
  endfacet
  facet normal 0.5554078238978015 -0.8081233983666156 -0.1961089548325141
    outer loop
      vertex -1.5773351999653766 2.2526681217947275 2.5
      vertex -1.8173769362799275 2.694372110803885 0
      vertex -1.537780484544554 2.2798533245263646 2.5
    endloop
  endfacet
  facet normal 0.5412195345962693 -0.8176935203399234 -0.19610895483251423
    outer loop
      vertex -1.537780484544554 2.2798533245263646 2.5
      vertex -1.770076863798838 2.7256793458226283 0
      vertex -1.4977573462913245 2.306344061849916 2.5
    endloop
  endfacet
  facet normal 0.5268663845815864 -0.8270145649457613 -0.19610895483251417
    outer loop
      vertex -1.4977573462913245 2.306344061849916 2.5
      vertex -1.7222376087579159 2.7561563125083843 0
      vertex -1.4572779766413135 2.332132264430171 2.5
    endloop
  endfacet
  facet normal 0.5123527459623042 -0.8360836929036385 -0.19610895483251406
    outer loop
      vertex -1.4572779766413135 2.332132264430171 2.5
      vertex -1.673873743457676 2.785793727281865 0
      vertex -1.416354706002649 2.357210076930809 2.5
    endloop
  endfacet
  facet normal 0.4976830397333074 -0.8448981416693458 -0.19610895483251412
    outer loop
      vertex -1.416354706002649 2.357210076930809 2.5
      vertex -1.625 2.8145825622994254 0
      vertex -1.375 2.381569860407206 2.5
    endloop
  endfacet
  facet normal 0.482861734429258 -0.8534552262763804 -0.19610895483251423
    outer loop
      vertex -1.375 2.381569860407206 2.5
      vertex -1.5756312658005955 2.842514048203036 0
      vertex -1.333226455677427 2.4052041946333382 2.5
    endloop
  endfacet
  facet normal 0.46789334476332173 -0.8617523401538811 -0.196108954832514
    outer loop
      vertex -1.333226455677427 2.4052041946333382 2.5
      vertex -1.525782579054145 2.8695796767915125 0
      vertex -1.2910467976611997 2.4281058803620494 2.5
    endloop
  endfacet
  facet normal 0.4527824302519628 -0.869786955920601 -0.19610895483251423
    outer loop
      vertex -1.2910467976611997 2.4281058803620494 2.5
      vertex -1.475469124153527 2.895771203612196 0
      vertex -1.2484738742837536 2.4502679415180117 2.5
    endloop
  endfacet
  facet normal 0.4375335938261679 -0.8775566261547212 -0.19610895483251412
    outer loop
      vertex -1.2484738742837536 2.4502679415180117 2.5
      vertex -1.4247062270645015 2.921080650472293 0
      vertex -1.205520653669963 2.4716836273227094 2.5
    endloop
  endfacet
  facet normal 0.4221514804291973 -0.8850589841394391 -0.19610895483251417
    outer loop
      vertex -1.205520653669963 2.4716836273227094 2.5
      vertex -1.373509350657273 2.9455003078691124 0
      vertex -1.1622002197869234 2.4923464143507874 2.5
    endloop
  endfacet
  facet normal 0.4066407756018197 -0.8922917445838269 -0.1961089548325142
    outer loop
      vertex -1.1622002197869234 2.4923464143507874 2.5
      vertex -1.3218940899963507 2.969022737338453 0
      vertex -1.1185257684584506 2.512250008517152 2.5
    endloop
  endfacet
  facet normal 0.39100620405498643 -0.8992527043189857 -0.19610895483251414
    outer loop
      vertex -1.1185257684584506 2.512250008517152 2.5
      vertex -1.2698761675901398 2.991640773720431 0
      vertex -1.074510603345503 2.531388346994211 2.5
    endloop
  endfacet
  facet normal 0.3752525282306179 -0.9059397429691604 -0.1961089548325143
    outer loop
      vertex -1.074510603345503 2.531388346994211 2.5
      vertex -1.217471428601714 3.0133475273420594 0
      vertex -1.030168131893758 2.549755600058665 2.5
    endloop
  endfacet
  facet normal 0.3273250349356449 -0.9243373839345013 -0.19610895483251423
    outer loop
      vertex -0.940555394145589 2.584154707161248 2.5
      vertex -1.1115654658084233 3.0540010175542025 0
      vertex -1.0580965019857593 3.0729353706977798 0
    endloop
  endfacet
  facet normal 0.31114327003778286 -0.9299092124205967 -0.19610895483251406
    outer loop
      vertex -0.8953124247571809 2.6001760828981215 2.5
      vertex -1.0580965019857593 3.0729353706977798 0
      vertex -1.004305231718579 3.090933677959249 0
    endloop
  endfacet
  facet normal 0.2948667278857696 -0.9351977815523509 -0.19610895483251417
    outer loop
      vertex -0.8497967345311054 2.615405419811672 2.5
      vertex -1.004305231718579 3.090933677959249 0
      vertex -0.9502080403488945 3.107990456879865 0
    endloop
  endfacet
  facet normal 0.2785003664719995 -0.9402014803803814 -0.19610895483251414
    outer loop
      vertex -0.8040221879875261 2.6298380788983473 2.5
      vertex -0.9502080403488945 3.107990456879865 0
      vertex -0.8958214064052473 3.1241005117995364 0
    endloop
  endfacet
  facet normal 0.26204917114869936 -0.9449187847295547 -0.19610895483251412
    outer loop
      vertex -0.7580027284967477 2.643469663830377 2.5
      vertex -0.8958214064052473 3.1241005117995364 0
      vertex -0.8411618965831924 3.139258935439472 0
    endloop
  endfacet
  facet normal 0.24551815310934583 -0.9493482576632637 -0.19610895483251417
    outer loop
      vertex -0.711752374031932 2.6562960222949377 2.5
      vertex -0.8411618965831924 3.139258935439472 0
      vertex -0.7862461606989202 3.1534611103969885 0
    endloop
  endfacet
  facet normal 0.2289123478621676 -0.9534885499211455 -0.1961089548325142
    outer loop
      vertex -0.6652852128990863 2.66831324725899 2.5
      vertex -0.7862461606989202 3.1534611103969885 0
      vertex -0.7310909266175613 3.1667027105520145 0
    endloop
  endfacet
  facet normal 0.21223681369630995 -0.9573384003300697 -0.19610895483251417
    outer loop
      vertex -0.6186153994456287 2.679517678159397 2.5
      vertex -0.7310909266175613 3.1667027105520145 0
      vertex -0.6757129951577179 3.1789797023848685 0
    endloop
  endfacet
  facet normal 0.19549663014101037 -0.9608966361883092 -0.19610895483251417
    outer loop
      vertex -0.5717571497488382 2.6899059020179656 2.5
      vertex -0.6757129951577179 3.1789797023848685 0
      vertex -0.6201292349737706 3.190288346204908 0
    endloop
  endfacet
  facet normal 0.1786968964183489 -0.9641621736227514 -0.19610895483251428
    outer loop
      vertex -0.5247247372854982 2.6994747544810758 2.5
      vertex -0.6201292349737706 3.190288346204908 0
      vertex -0.5643565774175235 3.200625197289676 0
    endloop
  endfacet
  facet normal 0.16184272988997586 -0.9671340179190573 -0.1961089548325142
    outer loop
      vertex -0.4775324885840584 2.708221320783572 2.5
      vertex -0.5643565774175235 3.200625197289676 0
      vertex -0.5084120113807503 3.209987106934198 0
    endloop
  endfacet
  facet normal 0.14493926449825734 -0.9698112638246698 -0.19610895483251425
    outer loop
      vertex -0.4301947788606349 2.7161429366366288 2.5
      vertex -0.5084120113807503 3.209987106934198 0
      vertex -0.4523125781202127 3.2183712234101036 0
    endloop
  endfacet
  facet normal 0.12799164920251996 -0.9721930958245476 -0.19610895483251414
    outer loop
      vertex -0.38272602764017993 2.7232371890393186 2.5
      vertex -0.4523125781202127 3.2183712234101036 0
      vertex -0.3960753660667293 3.2257749928342965 0
    endloop
  endfacet
  facet normal 0.111005046410559 -0.9742787883895906 -0.1961089548325141
    outer loop
      vertex -0.33514069436415556 2.7295019170136356 2.5
      vertex -0.3960753660667293 3.2257749928342965 0
      vertex -0.3397175056198738 3.2321961599468882 0
    endloop
  endfacet
  facet normal 0.09398463040613074 -0.9760677061976396 -0.1961089548325142
    outer loop
      vertex -0.28745327398604703 2.7349352122627515 2.5
      vertex -0.3397175056198738 3.2321961599468882 0
      vertex -0.28325616392988906 3.237632768798173 0
    endloop
  endfacet
  facet normal 0.07693558577281624 -0.9775593043270021 -0.19610895483251425
    outer loop
      vertex -0.23967829255605996 2.7395354197523 2.5
      vertex -0.28325616392988906 3.237632768798173 0
      vertex -0.22670853966840723 3.2420831633444287 0
    endloop
  endfacet
  facet normal 0.05986310581480253 -0.9787531284224356 -0.1961089548325142
    outer loop
      vertex -0.19183030279634458 2.7433011382145165 2.5
      vertex -0.22670853966840723 3.2420831633444287 0
      vertex -0.17009185778956745 3.245545987952365 0
    endloop
  endfacet
  facet normal 0.04277239097484259 -0.9796488148335577 -0.19610895483251425
    outer loop
      vertex -0.14392387966809556 2.746231220575078 2.5
      vertex -0.17009185778956745 3.245545987952365 0
      vertex -0.11342336428312814 3.2480201878120614 0
    endloop
  endfacet
  facet normal 0.025668647250239485 -0.9802460907256105 -0.1961089548325142
    outer loop
      vertex -0.09597361593187767 2.7483247743025134 2.5
      vertex -0.11342336428312814 3.2480201878120614 0
      vertex -0.056720320921171415 3.2495050092582716 0
    endloop
  endfacet
  facet normal 0.008557084607035442 -0.9805447741625709 -0.19610895483251414
    outer loop
      vertex -0.047994117702529655 2.749581161680076 2.5
      vertex -0.056720320921171415 3.2495050092582716 0
      vertex 0 3.25 0
    endloop
  endfacet
  facet normal 0.359384546851008 -0.9123508235975867 -0.19610895483251425
    outer loop
      vertex -1.030168131893758 2.549755600058665 2.5
      vertex -1.164695836022226 3.0341363861159056 0
      vertex -0.9855118612495757 2.5673461728673046 2.5
    endloop
  endfacet
  facet normal 0.34340709345699466 -0.9184839933270029 -0.19610895483251425
    outer loop
      vertex -0.9855118612495757 2.5673461728673046 2.5
      vertex -1.1115654658084233 3.0540010175542025 0
      vertex -0.940555394145589 2.584154707161248 2.5
    endloop
  endfacet
  facet normal 0.32732503493565096 -0.9243373839344992 -0.19610895483251412
    outer loop
      vertex -0.940555394145589 2.584154707161248 2.5
      vertex -1.0580965019857593 3.0729353706977798 0
      vertex -0.8953124247571809 2.6001760828981215 2.5
    endloop
  endfacet
  facet normal 0.31114327003777953 -0.9299092124205977 -0.19610895483251417
    outer loop
      vertex -0.8953124247571809 2.6001760828981215 2.5
      vertex -1.004305231718579 3.090933677959249 0
      vertex -0.8497967345311054 2.615405419811672 2.5
    endloop
  endfacet
  facet normal 0.2948667278857691 -0.9351977815523509 -0.19610895483251417
    outer loop
      vertex -0.8497967345311054 2.615405419811672 2.5
      vertex -0.9502080403488945 3.107990456879865 0
      vertex -0.8040221879875261 2.6298380788983473 2.5
    endloop
  endfacet
  facet normal 0.2785003664720003 -0.9402014803803812 -0.19610895483251417
    outer loop
      vertex -0.8040221879875261 2.6298380788983473 2.5
      vertex -0.8958214064052473 3.1241005117995364 0
      vertex -0.7580027284967477 2.643469663830377 2.5
    endloop
  endfacet
  facet normal 0.26204917114869647 -0.9449187847295555 -0.1961089548325142
    outer loop
      vertex -0.7580027284967477 2.643469663830377 2.5
      vertex -0.8411618965831924 3.139258935439472 0
      vertex -0.711752374031932 2.6562960222949377 2.5
    endloop
  endfacet
  facet normal 0.2455181531093457 -0.9493482576632638 -0.19610895483251423
    outer loop
      vertex -0.711752374031932 2.6562960222949377 2.5
      vertex -0.7862461606989202 3.1534611103969885 0
      vertex -0.6652852128990863 2.66831324725899 2.5
    endloop
  endfacet
  facet normal 0.22891234786216957 -0.9534885499211451 -0.1961089548325142
    outer loop
      vertex -0.6652852128990863 2.66831324725899 2.5
      vertex -0.7310909266175613 3.1667027105520145 0
      vertex -0.6186153994456287 2.679517678159397 2.5
    endloop
  endfacet
  facet normal 0.21223681369631134 -0.9573384003300693 -0.19610895483251414
    outer loop
      vertex -0.6186153994456287 2.679517678159397 2.5
      vertex -0.6757129951577179 3.1789797023848685 0
      vertex -0.5717571497488382 2.6899059020179656 2.5
    endloop
  endfacet
  facet normal 0.19549663014100438 -0.9608966361883103 -0.19610895483251428
    outer loop
      vertex -0.5717571497488382 2.6899059020179656 2.5
      vertex -0.6201292349737706 3.190288346204908 0
      vertex -0.5247247372854982 2.6994747544810758 2.5
    endloop
  endfacet
  facet normal 0.1786968964183544 -0.9641621736227505 -0.19610895483251417
    outer loop
      vertex -0.5247247372854982 2.6994747544810758 2.5
      vertex -0.5643565774175235 3.200625197289676 0
      vertex -0.4775324885840584 2.708221320783572 2.5
    endloop
  endfacet
  facet normal 0.16184272988997248 -0.9671340179190577 -0.19610895483251425
    outer loop
      vertex -0.4775324885840584 2.708221320783572 2.5
      vertex -0.5084120113807503 3.209987106934198 0
      vertex -0.4301947788606349 2.7161429366366288 2.5
    endloop
  endfacet
  facet normal 0.14493926449826333 -0.9698112638246688 -0.19610895483251414
    outer loop
      vertex -0.4301947788606349 2.7161429366366288 2.5
      vertex -0.4523125781202127 3.2183712234101036 0
      vertex -0.38272602764017993 2.7232371890393186 2.5
    endloop
  endfacet
  facet normal 0.12799164920252148 -0.9721930958245475 -0.19610895483251412
    outer loop
      vertex -0.38272602764017993 2.7232371890393186 2.5
      vertex -0.3960753660667293 3.2257749928342965 0
      vertex -0.33514069436415556 2.7295019170136356 2.5
    endloop
  endfacet
  facet normal 0.11100504641055338 -0.9742787883895911 -0.1961089548325142
    outer loop
      vertex -0.33514069436415556 2.7295019170136356 2.5
      vertex -0.3397175056198738 3.2321961599468882 0
      vertex -0.28745327398604703 2.7349352122627515 2.5
    endloop
  endfacet
  facet normal 0.09398463040612663 -0.97606770619764 -0.19610895483251428
    outer loop
      vertex -0.28745327398604703 2.7349352122627515 2.5
      vertex -0.28325616392988906 3.237632768798173 0
      vertex -0.23967829255605996 2.7395354197523 2.5
    endloop
  endfacet
  facet normal 0.07693558577282043 -0.9775593043270019 -0.19610895483251417
    outer loop
      vertex -0.23967829255605996 2.7395354197523 2.5
      vertex -0.22670853966840723 3.2420831633444287 0
      vertex -0.19183030279634458 2.7433011382145165 2.5
    endloop
  endfacet
  facet normal 0.05986310581480185 -0.9787531284224356 -0.1961089548325142
    outer loop
      vertex -0.19183030279634458 2.7433011382145165 2.5
      vertex -0.17009185778956745 3.245545987952365 0
      vertex -0.14392387966809556 2.746231220575078 2.5
    endloop
  endfacet
  facet normal 0.042772390974844664 -0.9796488148335576 -0.19610895483251417
    outer loop
      vertex -0.14392387966809556 2.746231220575078 2.5
      vertex -0.11342336428312814 3.2480201878120614 0
      vertex -0.09597361593187767 2.7483247743025134 2.5
    endloop
  endfacet
  facet normal 0.025668647250242264 -0.9802460907256103 -0.19610895483251412
    outer loop
      vertex -0.09597361593187767 2.7483247743025134 2.5
      vertex -0.056720320921171415 3.2495050092582716 0
      vertex -0.047994117702529655 2.749581161680076 2.5
    endloop
  endfacet
  facet normal 0.008557084607033348 -0.9805447741625708 -0.19610895483251417
    outer loop
      vertex -0.047994117702529655 2.749581161680076 2.5
      vertex 0 3.25 0
      vertex 0 2.75 2.5
    endloop
  endfacet
  facet normal -0.008557084607035442 0.9805447741625709 -0.19610895483251414
    outer loop
      vertex 0.047994117702529655 -2.749581161680076 2.5
      vertex 0.056720320921171415 -3.2495050092582716 0
      vertex 0 -3.25 0
    endloop
  endfacet
  facet normal -0.025668647250239485 0.9802460907256105 -0.1961089548325142
    outer loop
      vertex 0.09597361593187767 -2.7483247743025134 2.5
      vertex 0.11342336428312814 -3.2480201878120614 0
      vertex 0.056720320921171415 -3.2495050092582716 0
    endloop
  endfacet
  facet normal -0.04277239097484259 0.9796488148335577 -0.19610895483251425
    outer loop
      vertex 0.14392387966809556 -2.746231220575078 2.5
      vertex 0.17009185778956745 -3.245545987952365 0
      vertex 0.11342336428312814 -3.2480201878120614 0
    endloop
  endfacet
  facet normal -0.05986310581480253 0.9787531284224356 -0.1961089548325142
    outer loop
      vertex 0.19183030279634458 -2.7433011382145165 2.5
      vertex 0.22670853966840723 -3.2420831633444287 0
      vertex 0.17009185778956745 -3.245545987952365 0
    endloop
  endfacet
  facet normal -0.07693558577281624 0.9775593043270021 -0.19610895483251425
    outer loop
      vertex 0.23967829255605996 -2.7395354197523 2.5
      vertex 0.28325616392988906 -3.237632768798173 0
      vertex 0.22670853966840723 -3.2420831633444287 0
    endloop
  endfacet
  facet normal -0.09398463040613074 0.9760677061976396 -0.1961089548325142
    outer loop
      vertex 0.28745327398604703 -2.7349352122627515 2.5
      vertex 0.3397175056198738 -3.2321961599468882 0
      vertex 0.28325616392988906 -3.237632768798173 0
    endloop
  endfacet
  facet normal -0.111005046410559 0.9742787883895906 -0.1961089548325141
    outer loop
      vertex 0.33514069436415556 -2.7295019170136356 2.5
      vertex 0.3960753660667293 -3.2257749928342965 0
      vertex 0.3397175056198738 -3.2321961599468882 0
    endloop
  endfacet
  facet normal -0.12799164920251996 0.9721930958245476 -0.19610895483251414
    outer loop
      vertex 0.38272602764017993 -2.7232371890393186 2.5
      vertex 0.4523125781202127 -3.2183712234101036 0
      vertex 0.3960753660667293 -3.2257749928342965 0
    endloop
  endfacet
  facet normal -0.14493926449825734 0.9698112638246698 -0.19610895483251425
    outer loop
      vertex 0.4301947788606349 -2.7161429366366288 2.5
      vertex 0.5084120113807503 -3.209987106934198 0
      vertex 0.4523125781202127 -3.2183712234101036 0
    endloop
  endfacet
  facet normal -0.16184272988997586 0.9671340179190573 -0.1961089548325142
    outer loop
      vertex 0.4775324885840584 -2.708221320783572 2.5
      vertex 0.5643565774175235 -3.200625197289676 0
      vertex 0.5084120113807503 -3.209987106934198 0
    endloop
  endfacet
  facet normal -0.1786968964183489 0.9641621736227514 -0.19610895483251428
    outer loop
      vertex 0.5247247372854982 -2.6994747544810758 2.5
      vertex 0.6201292349737706 -3.190288346204908 0
      vertex 0.5643565774175235 -3.200625197289676 0
    endloop
  endfacet
  facet normal -0.19549663014101037 0.9608966361883092 -0.19610895483251417
    outer loop
      vertex 0.5717571497488382 -2.6899059020179656 2.5
      vertex 0.6757129951577179 -3.1789797023848685 0
      vertex 0.6201292349737706 -3.190288346204908 0
    endloop
  endfacet
  facet normal -0.21223681369630995 0.9573384003300697 -0.19610895483251417
    outer loop
      vertex 0.6186153994456287 -2.679517678159397 2.5
      vertex 0.7310909266175613 -3.1667027105520145 0
      vertex 0.6757129951577179 -3.1789797023848685 0
    endloop
  endfacet
  facet normal -0.2289123478621676 0.9534885499211455 -0.1961089548325142
    outer loop
      vertex 0.6652852128990863 -2.66831324725899 2.5
      vertex 0.7862461606989202 -3.1534611103969885 0
      vertex 0.7310909266175613 -3.1667027105520145 0
    endloop
  endfacet
  facet normal -0.24551815310934583 0.9493482576632637 -0.19610895483251417
    outer loop
      vertex 0.711752374031932 -2.6562960222949377 2.5
      vertex 0.8411618965831924 -3.139258935439472 0
      vertex 0.7862461606989202 -3.1534611103969885 0
    endloop
  endfacet
  facet normal -0.26204917114869936 0.9449187847295547 -0.19610895483251412
    outer loop
      vertex 0.7580027284967477 -2.643469663830377 2.5
      vertex 0.8958214064052473 -3.1241005117995364 0
      vertex 0.8411618965831924 -3.139258935439472 0
    endloop
  endfacet
  facet normal -0.2785003664719995 0.9402014803803814 -0.19610895483251414
    outer loop
      vertex 0.8040221879875261 -2.6298380788983473 2.5
      vertex 0.9502080403488945 -3.107990456879865 0
      vertex 0.8958214064052473 -3.1241005117995364 0
    endloop
  endfacet
  facet normal -0.2948667278857696 0.9351977815523509 -0.19610895483251417
    outer loop
      vertex 0.8497967345311054 -2.615405419811672 2.5
      vertex 1.004305231718579 -3.090933677959249 0
      vertex 0.9502080403488945 -3.107990456879865 0
    endloop
  endfacet
  facet normal -0.31114327003778286 0.9299092124205967 -0.19610895483251406
    outer loop
      vertex 0.8953124247571809 -2.6001760828981215 2.5
      vertex 1.0580965019857593 -3.0729353706977798 0
      vertex 1.004305231718579 -3.090933677959249 0
    endloop
  endfacet
  facet normal -0.3273250349356449 0.9243373839345013 -0.19610895483251423
    outer loop
      vertex 0.940555394145589 -2.584154707161248 2.5
      vertex 1.1115654658084233 -3.0540010175542025 0
      vertex 1.0580965019857593 -3.0729353706977798 0
    endloop
  endfacet
  facet normal -0.008557084607033348 0.9805447741625708 -0.19610895483251417
    outer loop
      vertex 0 -2.75 2.5
      vertex 0.047994117702529655 -2.749581161680076 2.5
      vertex 0 -3.25 0
    endloop
  endfacet
  facet normal -0.025668647250242264 0.9802460907256103 -0.19610895483251412
    outer loop
      vertex 0.047994117702529655 -2.749581161680076 2.5
      vertex 0.09597361593187767 -2.7483247743025134 2.5
      vertex 0.056720320921171415 -3.2495050092582716 0
    endloop
  endfacet
  facet normal -0.042772390974844664 0.9796488148335576 -0.1961089548325142
    outer loop
      vertex 0.09597361593187767 -2.7483247743025134 2.5
      vertex 0.14392387966809556 -2.746231220575078 2.5
      vertex 0.11342336428312814 -3.2480201878120614 0
    endloop
  endfacet
  facet normal -0.05986310581480185 0.9787531284224356 -0.1961089548325142
    outer loop
      vertex 0.14392387966809556 -2.746231220575078 2.5
      vertex 0.19183030279634458 -2.7433011382145165 2.5
      vertex 0.17009185778956745 -3.245545987952365 0
    endloop
  endfacet
  facet normal -0.07693558577282043 0.9775593043270019 -0.19610895483251417
    outer loop
      vertex 0.19183030279634458 -2.7433011382145165 2.5
      vertex 0.23967829255605996 -2.7395354197523 2.5
      vertex 0.22670853966840723 -3.2420831633444287 0
    endloop
  endfacet
  facet normal -0.09398463040612663 0.97606770619764 -0.19610895483251425
    outer loop
      vertex 0.23967829255605996 -2.7395354197523 2.5
      vertex 0.28745327398604703 -2.7349352122627515 2.5
      vertex 0.28325616392988906 -3.237632768798173 0
    endloop
  endfacet
  facet normal -0.11100504641055338 0.9742787883895911 -0.1961089548325142
    outer loop
      vertex 0.28745327398604703 -2.7349352122627515 2.5
      vertex 0.33514069436415556 -2.7295019170136356 2.5
      vertex 0.3397175056198738 -3.2321961599468882 0
    endloop
  endfacet
  facet normal -0.12799164920252148 0.9721930958245475 -0.19610895483251412
    outer loop
      vertex 0.33514069436415556 -2.7295019170136356 2.5
      vertex 0.38272602764017993 -2.7232371890393186 2.5
      vertex 0.3960753660667293 -3.2257749928342965 0
    endloop
  endfacet
  facet normal -0.14493926449826333 0.9698112638246688 -0.19610895483251412
    outer loop
      vertex 0.38272602764017993 -2.7232371890393186 2.5
      vertex 0.4301947788606349 -2.7161429366366288 2.5
      vertex 0.4523125781202127 -3.2183712234101036 0
    endloop
  endfacet
  facet normal -0.16184272988997248 0.9671340179190577 -0.19610895483251425
    outer loop
      vertex 0.4301947788606349 -2.7161429366366288 2.5
      vertex 0.4775324885840584 -2.708221320783572 2.5
      vertex 0.5084120113807503 -3.209987106934198 0
    endloop
  endfacet
  facet normal -0.1786968964183544 0.9641621736227505 -0.19610895483251417
    outer loop
      vertex 0.4775324885840584 -2.708221320783572 2.5
      vertex 0.5247247372854982 -2.6994747544810758 2.5
      vertex 0.5643565774175235 -3.200625197289676 0
    endloop
  endfacet
  facet normal -0.19549663014100438 0.9608966361883103 -0.19610895483251425
    outer loop
      vertex 0.5247247372854982 -2.6994747544810758 2.5
      vertex 0.5717571497488382 -2.6899059020179656 2.5
      vertex 0.6201292349737706 -3.190288346204908 0
    endloop
  endfacet
  facet normal -0.21223681369631134 0.9573384003300693 -0.19610895483251414
    outer loop
      vertex 0.5717571497488382 -2.6899059020179656 2.5
      vertex 0.6186153994456287 -2.679517678159397 2.5
      vertex 0.6757129951577179 -3.1789797023848685 0
    endloop
  endfacet
  facet normal -0.22891234786216957 0.9534885499211451 -0.1961089548325142
    outer loop
      vertex 0.6186153994456287 -2.679517678159397 2.5
      vertex 0.6652852128990863 -2.66831324725899 2.5
      vertex 0.7310909266175613 -3.1667027105520145 0
    endloop
  endfacet
  facet normal -0.2455181531093457 0.9493482576632638 -0.19610895483251425
    outer loop
      vertex 0.6652852128990863 -2.66831324725899 2.5
      vertex 0.711752374031932 -2.6562960222949377 2.5
      vertex 0.7862461606989202 -3.1534611103969885 0
    endloop
  endfacet
  facet normal -0.26204917114869647 0.9449187847295555 -0.1961089548325142
    outer loop
      vertex 0.711752374031932 -2.6562960222949377 2.5
      vertex 0.7580027284967477 -2.643469663830377 2.5
      vertex 0.8411618965831924 -3.139258935439472 0
    endloop
  endfacet
  facet normal -0.2785003664720003 0.9402014803803812 -0.19610895483251414
    outer loop
      vertex 0.7580027284967477 -2.643469663830377 2.5
      vertex 0.8040221879875261 -2.6298380788983473 2.5
      vertex 0.8958214064052473 -3.1241005117995364 0
    endloop
  endfacet
  facet normal -0.2948667278857691 0.9351977815523509 -0.19610895483251417
    outer loop
      vertex 0.8040221879875261 -2.6298380788983473 2.5
      vertex 0.8497967345311054 -2.615405419811672 2.5
      vertex 0.9502080403488945 -3.107990456879865 0
    endloop
  endfacet
  facet normal -0.31114327003777953 0.9299092124205977 -0.19610895483251414
    outer loop
      vertex 0.8497967345311054 -2.615405419811672 2.5
      vertex 0.8953124247571809 -2.6001760828981215 2.5
      vertex 1.004305231718579 -3.090933677959249 0
    endloop
  endfacet
  facet normal -0.32732503493565096 0.9243373839344992 -0.19610895483251412
    outer loop
      vertex 0.8953124247571809 -2.6001760828981215 2.5
      vertex 0.940555394145589 -2.584154707161248 2.5
      vertex 1.0580965019857593 -3.0729353706977798 0
    endloop
  endfacet
  facet normal -0.34340709345699466 0.9184839933270029 -0.19610895483251425
    outer loop
      vertex 0.940555394145589 -2.584154707161248 2.5
      vertex 0.9855118612495757 -2.5673461728673046 2.5
      vertex 1.1115654658084233 -3.0540010175542025 0
    endloop
  endfacet
  facet normal -0.359384546851008 0.9123508235975867 -0.19610895483251423
    outer loop
      vertex 0.9855118612495757 -2.5673461728673046 2.5
      vertex 1.030168131893758 -2.549755600058665 2.5
      vertex 1.164695836022226 -3.0341363861159056 0
    endloop
  endfacet
  facet normal -0.34340709345699444 0.918483993327003 -0.19610895483251428
    outer loop
      vertex 0.9855118612495757 -2.5673461728673046 2.5
      vertex 1.164695836022226 -3.0341363861159056 0
      vertex 1.1115654658084233 -3.0540010175542025 0
    endloop
  endfacet
  facet normal -0.35938454685100474 0.9123508235975879 -0.19610895483251434
    outer loop
      vertex 1.030168131893758 -2.549755600058665 2.5
      vertex 1.217471428601714 -3.0133475273420594 0
      vertex 1.164695836022226 -3.0341363861159056 0
    endloop
  endfacet
  facet normal -0.37525252823062416 0.9059397429691577 -0.1961089548325142
    outer loop
      vertex 1.074510603345503 -2.531388346994211 2.5
      vertex 1.2698761675901398 -2.991640773720431 0
      vertex 1.217471428601714 -3.0133475273420594 0
    endloop
  endfacet
  facet normal -0.3910062040549843 0.8992527043189867 -0.19610895483251423
    outer loop
      vertex 1.1185257684584506 -2.512250008517152 2.5
      vertex 1.3218940899963507 -2.969022737338453 0
      vertex 1.2698761675901398 -2.991640773720431 0
    endloop
  endfacet
  facet normal -0.4066407756018223 0.8922917445838258 -0.19610895483251412
    outer loop
      vertex 1.1622002197869234 -2.4923464143507874 2.5
      vertex 1.373509350657273 -2.9455003078691124 0
      vertex 1.3218940899963507 -2.969022737338453 0
    endloop
  endfacet
  facet normal -0.42215148042920075 0.8850589841394376 -0.19610895483251414
    outer loop
      vertex 1.205520653669963 -2.4716836273227094 2.5
      vertex 1.4247062270645015 -2.921080650472293 0
      vertex 1.373509350657273 -2.9455003078691124 0
    endloop
  endfacet
  facet normal -0.4375335938261623 0.877556626154724 -0.19610895483251425
    outer loop
      vertex 1.2484738742837536 -2.4502679415180117 2.5
      vertex 1.475469124153527 -2.895771203612196 0
      vertex 1.4247062270645015 -2.921080650472293 0
    endloop
  endfacet
  facet normal -0.45278243025197173 0.8697869559205963 -0.19610895483251406
    outer loop
      vertex 1.2910467976611997 -2.4281058803620494 2.5
      vertex 1.525782579054145 -2.8695796767915125 0
      vertex 1.475469124153527 -2.895771203612196 0
    endloop
  endfacet
  facet normal -0.46789334476331285 0.8617523401538857 -0.19610895483251425
    outer loop
      vertex 1.333226455677427 -2.4052041946333382 2.5
      vertex 1.5756312658005955 -2.842514048203036 0
      vertex 1.525782579054145 -2.8695796767915125 0
    endloop
  endfacet
  facet normal -0.4828617344292617 0.8534552262763782 -0.19610895483251406
    outer loop
      vertex 1.375 -2.381569860407206 2.5
      vertex 1.625 -2.8145825622994254 0
      vertex 1.5756312658005955 -2.842514048203036 0
    endloop
  endfacet
  facet normal -0.4976830397333101 0.8448981416693443 -0.19610895483251406
    outer loop
      vertex 1.416354706002649 -2.357210076930809 2.5
      vertex 1.673873743457676 -2.785793727281865 0
      vertex 1.625 -2.8145825622994254 0
    endloop
  endfacet
  facet normal -0.5123527459622984 0.8360836929036419 -0.19610895483251414
    outer loop
      vertex 1.4572779766413135 -2.332132264430171 2.5
      vertex 1.7222376087579159 -2.7561563125083843 0
      vertex 1.673873743457676 -2.785793727281865 0
    endloop
  endfacet
  facet normal -0.5268663845815854 0.8270145649457619 -0.19610895483251417
    outer loop
      vertex 1.4977573462913245 -2.306344061849916 2.5
      vertex 1.770076863798838 -2.7256793458226283 0
      vertex 1.7222376087579159 -2.7561563125083843 0
    endloop
  endfacet
  facet normal -0.5412195345962741 0.8176935203399202 -0.19610895483251406
    outer loop
      vertex 1.537780484544554 -2.2798533245263646 2.5
      vertex 1.8173769362799275 -2.694372110803885 0
      vertex 1.770076863798838 -2.7256793458226283 0
    endloop
  endfacet
  facet normal -0.5554078238977986 0.8081233983666175 -0.1961089548325142
    outer loop
      vertex 1.5773351999653766 -2.2526681217947275 2.5
      vertex 1.8641234181408997 -2.6622441439392235 0
      vertex 1.8173769362799275 -2.694372110803885 0
    endloop
  endfacet
  facet normal -0.5694269305958177 0.7983071141776984 -0.19610895483251412
    outer loop
      vertex 1.616409443804301 -2.2247967345311057 2.5
      vertex 1.9103020699505378 -2.629305231718579 0
      vertex 1.8641234181408997 -2.6622441439392235 0
    endloop
  endfacet
  facet normal -0.5832725843346103 0.7882476579084292 -0.19610895483251406
    outer loop
      vertex 1.6549913136681327 -2.1962476526300554 2.5
      vertex 1.955898825244157 -2.5955654076537016 0
      vertex 1.9103020699505378 -2.629305231718579 0
    endloop
  endfacet
  facet normal -0.5969405675939258 0.7779480937666347 -0.196108954832514
    outer loop
      vertex 1.6930690571455602 -2.1670295724184854 2.5
      vertex 2.0008997948083893 -2.5610349492218463 0
      vertex 1.955898825244157 -2.5955654076537016 0
    endloop
  endfacet
  facet normal -0.6104267169736597 0.7674115590993262 -0.19610895483251395
    outer loop
      vertex 1.7306310753870529 -2.13715139400667 2.5
      vertex 2.0452912709119717 -2.525724374735155 0
      vertex 2.0008997948083893 -2.5610349492218463 0
    endloop
  endfacet
  facet normal -0.623726924462069 0.7566412634370315 -0.19610895483251414
    outer loop
      vertex 1.7676659266379828 -2.1066222185771895 2.5
      vertex 2.0890597314812527 -2.4896444401366784 0
      vertex 2.0452912709119717 -2.525724374735155 0
    endloop
  endfacet
  facet normal -0.6368371386871015 0.7456404875161516 -0.1961089548325141
    outer loop
      vertex 1.8041623297238951 -2.075451345612623 2.5
      vertex 2.1321918442191485 -2.452806135724009 0
      vertex 2.0890597314812527 -2.4896444401366784 0
    endloop
  endfacet
  facet normal -0.6497533661505157 0.7344125822795882 -0.19610895483251425
    outer loop
      vertex 1.8401091674868602 -2.043648270062834 2.5
      vertex 2.1746744706662895 -2.4152206828015315 0
      vertex 2.1321918442191485 -2.452806135724009 0
    endloop
  endfacet
  facet normal -0.6624716724443059 0.7229609678560408 -0.1961089548325142
    outer loop
      vertex 1.8754954901718708 -2.0112226794527186 2.5
      vertex 2.21649467020312 -2.376899530262304 0
      vertex 2.1746744706662895 -2.4152206828015315 0
    endloop
  endfacet
  facet normal -0.3752525282306179 0.9059397429691604 -0.19610895483251434
    outer loop
      vertex 1.030168131893758 -2.549755600058665 2.5
      vertex 1.074510603345503 -2.531388346994211 2.5
      vertex 1.217471428601714 -3.0133475273420594 0
    endloop
  endfacet
  facet normal -0.39100620405498643 0.8992527043189857 -0.19610895483251414
    outer loop
      vertex 1.074510603345503 -2.531388346994211 2.5
      vertex 1.1185257684584506 -2.512250008517152 2.5
      vertex 1.2698761675901398 -2.991640773720431 0
    endloop
  endfacet
  facet normal -0.4066407756018197 0.8922917445838269 -0.19610895483251423
    outer loop
      vertex 1.1185257684584506 -2.512250008517152 2.5
      vertex 1.1622002197869234 -2.4923464143507874 2.5
      vertex 1.3218940899963507 -2.969022737338453 0
    endloop
  endfacet
  facet normal -0.4221514804291973 0.8850589841394391 -0.19610895483251417
    outer loop
      vertex 1.1622002197869234 -2.4923464143507874 2.5
      vertex 1.205520653669963 -2.4716836273227094 2.5
      vertex 1.373509350657273 -2.9455003078691124 0
    endloop
  endfacet
  facet normal -0.4375335938261679 0.8775566261547212 -0.19610895483251412
    outer loop
      vertex 1.205520653669963 -2.4716836273227094 2.5
      vertex 1.2484738742837536 -2.4502679415180117 2.5
      vertex 1.4247062270645015 -2.921080650472293 0
    endloop
  endfacet
  facet normal -0.4527824302519628 0.869786955920601 -0.19610895483251423
    outer loop
      vertex 1.2484738742837536 -2.4502679415180117 2.5
      vertex 1.2910467976611997 -2.4281058803620494 2.5
      vertex 1.475469124153527 -2.895771203612196 0
    endloop
  endfacet
  facet normal -0.46789334476332173 0.8617523401538811 -0.196108954832514
    outer loop
      vertex 1.2910467976611997 -2.4281058803620494 2.5
      vertex 1.333226455677427 -2.4052041946333382 2.5
      vertex 1.525782579054145 -2.8695796767915125 0
    endloop
  endfacet
  facet normal -0.482861734429258 0.8534552262763804 -0.19610895483251423
    outer loop
      vertex 1.333226455677427 -2.4052041946333382 2.5
      vertex 1.375 -2.381569860407206 2.5
      vertex 1.5756312658005955 -2.842514048203036 0
    endloop
  endfacet
  facet normal -0.4976830397333074 0.8448981416693458 -0.19610895483251412
    outer loop
      vertex 1.375 -2.381569860407206 2.5
      vertex 1.416354706002649 -2.357210076930809 2.5
      vertex 1.625 -2.8145825622994254 0
    endloop
  endfacet
  facet normal -0.5123527459623042 0.8360836929036385 -0.19610895483251406
    outer loop
      vertex 1.416354706002649 -2.357210076930809 2.5
      vertex 1.4572779766413135 -2.332132264430171 2.5
      vertex 1.673873743457676 -2.785793727281865 0
    endloop
  endfacet
  facet normal -0.5268663845815864 0.8270145649457613 -0.19610895483251417
    outer loop
      vertex 1.4572779766413135 -2.332132264430171 2.5
      vertex 1.4977573462913245 -2.306344061849916 2.5
      vertex 1.7222376087579159 -2.7561563125083843 0
    endloop
  endfacet
  facet normal -0.5412195345962693 0.8176935203399234 -0.19610895483251423
    outer loop
      vertex 1.4977573462913245 -2.306344061849916 2.5
      vertex 1.537780484544554 -2.2798533245263646 2.5
      vertex 1.770076863798838 -2.7256793458226283 0
    endloop
  endfacet
  facet normal -0.5554078238978015 0.8081233983666156 -0.1961089548325141
    outer loop
      vertex 1.537780484544554 -2.2798533245263646 2.5
      vertex 1.5773351999653766 -2.2526681217947275 2.5
      vertex 1.8173769362799275 -2.694372110803885 0
    endloop
  endfacet
  facet normal -0.5694269305958126 0.7983071141777018 -0.19610895483251417
    outer loop
      vertex 1.5773351999653766 -2.2526681217947275 2.5
      vertex 1.616409443804301 -2.2247967345311057 2.5
      vertex 1.8641234181408997 -2.6622441439392235 0
    endloop
  endfacet
  facet normal -0.5832725843346129 0.7882476579084271 -0.19610895483251403
    outer loop
      vertex 1.616409443804301 -2.2247967345311057 2.5
      vertex 1.6549913136681327 -2.1962476526300554 2.5
      vertex 1.9103020699505378 -2.629305231718579 0
    endloop
  endfacet
  facet normal -0.5969405675939262 0.7779480937666343 -0.19610895483251412
    outer loop
      vertex 1.6549913136681327 -2.1962476526300554 2.5
      vertex 1.6930690571455602 -2.1670295724184854 2.5
      vertex 1.955898825244157 -2.5955654076537016 0
    endloop
  endfacet
  facet normal -0.6104267169736571 0.7674115590993282 -0.19610895483251414
    outer loop
      vertex 1.6930690571455602 -2.1670295724184854 2.5
      vertex 1.7306310753870529 -2.13715139400667 2.5
      vertex 2.0008997948083893 -2.5610349492218463 0
    endloop
  endfacet
  facet normal -0.6237269244620742 0.7566412634370271 -0.19610895483251403
    outer loop
      vertex 1.7306310753870529 -2.13715139400667 2.5
      vertex 1.7676659266379828 -2.1066222185771895 2.5
      vertex 2.0452912709119717 -2.525724374735155 0
    endloop
  endfacet
  facet normal -0.6368371386870981 0.7456404875161545 -0.1961089548325142
    outer loop
      vertex 1.7676659266379828 -2.1066222185771895 2.5
      vertex 1.8041623297238951 -2.075451345612623 2.5
      vertex 2.0890597314812527 -2.4896444401366784 0
    endloop
  endfacet
  facet normal -0.6497533661505227 0.7344125822795818 -0.19610895483251412
    outer loop
      vertex 1.8041623297238951 -2.075451345612623 2.5
      vertex 1.8401091674868602 -2.043648270062834 2.5
      vertex 2.1321918442191485 -2.452806135724009 0
    endloop
  endfacet
  facet normal -0.6624716724443045 0.722960967856042 -0.1961089548325143
    outer loop
      vertex 1.8401091674868602 -2.043648270062834 2.5
      vertex 1.8754954901718708 -2.0112226794527186 2.5
      vertex 2.1746744706662895 -2.4152206828015315 0
    endloop
  endfacet
  facet normal -0.6749881834491473 0.7112891325182179 -0.19610895483251425
    outer loop
      vertex 1.8754954901718708 -2.0112226794527186 2.5
      vertex 1.9103105187622424 -1.9781844509312907 2.5
      vertex 2.21649467020312 -2.376899530262304 0
    endloop
  endfacet
  facet normal -0.6872990865145597 0.6994006316202114 -0.19610895483251417
    outer loop
      vertex 1.9103105187622424 -1.9781844509312907 2.5
      vertex 1.9445436482630059 -1.9445436482630059 2.5
      vertex 2.257639703991741 -2.3378543511006162 0
    endloop
  endfacet
  facet normal -0.6994006316202114 0.6872990865145597 -0.19610895483251417
    outer loop
      vertex 1.9445436482630059 -1.9445436482630059 2.5
      vertex 1.9781844509312907 -1.9103105187622424 2.5
      vertex 2.3378543511006162 -2.257639703991741 0
    endloop
  endfacet
  facet normal -0.7112891325182179 0.6749881834491473 -0.19610895483251425
    outer loop
      vertex 1.9781844509312907 -1.9103105187622424 2.5
      vertex 2.0112226794527186 -1.8754954901718708 2.5
      vertex 2.376899530262304 -2.21649467020312 0
    endloop
  endfacet
  facet normal -0.6749881834491516 0.711289132518214 -0.19610895483251414
    outer loop
      vertex 1.9103105187622424 -1.9781844509312907 2.5
      vertex 2.257639703991741 -2.3378543511006162 0
      vertex 2.21649467020312 -2.376899530262304 0
    endloop
  endfacet
  facet normal -0.6872990865145565 0.6994006316202145 -0.19610895483251423
    outer loop
      vertex 1.9445436482630059 -1.9445436482630059 2.5
      vertex 2.29809703885628 -2.29809703885628 0
      vertex 2.257639703991741 -2.3378543511006162 0
    endloop
  endfacet
  facet normal -0.6994006316202145 0.6872990865145565 -0.19610895483251423
    outer loop
      vertex 1.9445436482630059 -1.9445436482630059 2.5
      vertex 2.3378543511006162 -2.257639703991741 0
      vertex 2.29809703885628 -2.29809703885628 0
    endloop
  endfacet
  facet normal -0.711289132518214 0.6749881834491516 -0.19610895483251414
    outer loop
      vertex 1.9781844509312907 -1.9103105187622424 2.5
      vertex 2.376899530262304 -2.21649467020312 0
      vertex 2.3378543511006162 -2.257639703991741 0
    endloop
  endfacet
  facet normal -0.7229609678560408 0.6624716724443059 -0.1961089548325142
    outer loop
      vertex 2.0112226794527186 -1.8754954901718708 2.5
      vertex 2.4152206828015315 -2.1746744706662895 0
      vertex 2.376899530262304 -2.21649467020312 0
    endloop
  endfacet
  facet normal -0.7344125822795882 0.6497533661505157 -0.19610895483251425
    outer loop
      vertex 2.043648270062834 -1.8401091674868602 2.5
      vertex 2.452806135724009 -2.1321918442191485 0
      vertex 2.4152206828015315 -2.1746744706662895 0
    endloop
  endfacet
  facet normal -0.7456404875161516 0.6368371386871015 -0.1961089548325141
    outer loop
      vertex 2.075451345612623 -1.8041623297238951 2.5
      vertex 2.4896444401366784 -2.0890597314812527 0
      vertex 2.452806135724009 -2.1321918442191485 0
    endloop
  endfacet
  facet normal -0.7566412634370315 0.623726924462069 -0.19610895483251414
    outer loop
      vertex 2.1066222185771895 -1.7676659266379828 2.5
      vertex 2.525724374735155 -2.0452912709119717 0
      vertex 2.4896444401366784 -2.0890597314812527 0
    endloop
  endfacet
  facet normal -0.7674115590993262 0.6104267169736597 -0.19610895483251395
    outer loop
      vertex 2.13715139400667 -1.7306310753870529 2.5
      vertex 2.5610349492218463 -2.0008997948083893 0
      vertex 2.525724374735155 -2.0452912709119717 0
    endloop
  endfacet
  facet normal -0.7779480937666347 0.5969405675939258 -0.196108954832514
    outer loop
      vertex 2.1670295724184854 -1.6930690571455602 2.5
      vertex 2.5955654076537016 -1.955898825244157 0
      vertex 2.5610349492218463 -2.0008997948083893 0
    endloop
  endfacet
  facet normal -0.7882476579084292 0.5832725843346103 -0.19610895483251406
    outer loop
      vertex 2.1962476526300554 -1.6549913136681327 2.5
      vertex 2.629305231718579 -1.9103020699505378 0
      vertex 2.5955654076537016 -1.955898825244157 0
    endloop
  endfacet
  facet normal -0.7983071141776984 0.5694269305958177 -0.19610895483251412
    outer loop
      vertex 2.2247967345311057 -1.616409443804301 2.5
      vertex 2.6622441439392235 -1.8641234181408997 0
      vertex 2.629305231718579 -1.9103020699505378 0
    endloop
  endfacet
  facet normal -0.8081233983666175 0.5554078238977986 -0.1961089548325142
    outer loop
      vertex 2.2526681217947275 -1.5773351999653766 2.5
      vertex 2.694372110803885 -1.8173769362799275 0
      vertex 2.6622441439392235 -1.8641234181408997 0
    endloop
  endfacet
  facet normal -0.8176935203399202 0.5412195345962741 -0.19610895483251406
    outer loop
      vertex 2.2798533245263646 -1.537780484544554 2.5
      vertex 2.7256793458226283 -1.770076863798838 0
      vertex 2.694372110803885 -1.8173769362799275 0
    endloop
  endfacet
  facet normal -0.8270145649457619 0.5268663845815854 -0.19610895483251417
    outer loop
      vertex 2.306344061849916 -1.4977573462913245 2.5
      vertex 2.7561563125083843 -1.7222376087579159 0
      vertex 2.7256793458226283 -1.770076863798838 0
    endloop
  endfacet
  facet normal -0.8360836929036419 0.5123527459622984 -0.19610895483251414
    outer loop
      vertex 2.332132264430171 -1.4572779766413135 2.5
      vertex 2.785793727281865 -1.673873743457676 0
      vertex 2.7561563125083843 -1.7222376087579159 0
    endloop
  endfacet
  facet normal -0.8448981416693443 0.4976830397333101 -0.19610895483251406
    outer loop
      vertex 2.357210076930809 -1.416354706002649 2.5
      vertex 2.8145825622994254 -1.625 0
      vertex 2.785793727281865 -1.673873743457676 0
    endloop
  endfacet
  facet normal -0.8534552262763782 0.4828617344292617 -0.19610895483251406
    outer loop
      vertex 2.381569860407206 -1.375 2.5
      vertex 2.842514048203036 -1.5756312658005955 0
      vertex 2.8145825622994254 -1.625 0
    endloop
  endfacet
  facet normal -0.8617523401538857 0.46789334476331285 -0.19610895483251425
    outer loop
      vertex 2.4052041946333382 -1.333226455677427 2.5
      vertex 2.8695796767915125 -1.525782579054145 0
      vertex 2.842514048203036 -1.5756312658005955 0
    endloop
  endfacet
  facet normal -0.8697869559205963 0.45278243025197173 -0.19610895483251406
    outer loop
      vertex 2.4281058803620494 -1.2910467976611997 2.5
      vertex 2.895771203612196 -1.475469124153527 0
      vertex 2.8695796767915125 -1.525782579054145 0
    endloop
  endfacet
  facet normal -0.877556626154724 0.4375335938261623 -0.19610895483251425
    outer loop
      vertex 2.4502679415180117 -1.2484738742837536 2.5
      vertex 2.921080650472293 -1.4247062270645015 0
      vertex 2.895771203612196 -1.475469124153527 0
    endloop
  endfacet
  facet normal -0.8850589841394376 0.42215148042920075 -0.19610895483251414
    outer loop
      vertex 2.4716836273227094 -1.205520653669963 2.5
      vertex 2.9455003078691124 -1.373509350657273 0
      vertex 2.921080650472293 -1.4247062270645015 0
    endloop
  endfacet
  facet normal -0.8922917445838258 0.4066407756018223 -0.19610895483251412
    outer loop
      vertex 2.4923464143507874 -1.1622002197869234 2.5
      vertex 2.969022737338453 -1.3218940899963507 0
      vertex 2.9455003078691124 -1.373509350657273 0
    endloop
  endfacet
  facet normal -0.8992527043189867 0.3910062040549843 -0.19610895483251423
    outer loop
      vertex 2.512250008517152 -1.1185257684584506 2.5
      vertex 2.991640773720431 -1.2698761675901398 0
      vertex 2.969022737338453 -1.3218940899963507 0
    endloop
  endfacet
  facet normal -0.9059397429691577 0.37525252823062416 -0.1961089548325142
    outer loop
      vertex 2.531388346994211 -1.074510603345503 2.5
      vertex 3.0133475273420594 -1.217471428601714 0
      vertex 2.991640773720431 -1.2698761675901398 0
    endloop
  endfacet
  facet normal -0.9123508235975879 0.35938454685100474 -0.19610895483251434
    outer loop
      vertex 2.549755600058665 -1.030168131893758 2.5
      vertex 3.0341363861159056 -1.164695836022226 0
      vertex 3.0133475273420594 -1.217471428601714 0
    endloop
  endfacet
  facet normal -0.918483993327003 0.34340709345699444 -0.19610895483251428
    outer loop
      vertex 2.5673461728673046 -0.9855118612495757 2.5
      vertex 3.0540010175542025 -1.1115654658084233 0
      vertex 3.0341363861159056 -1.164695836022226 0
    endloop
  endfacet
  facet normal -0.722960967856042 0.6624716724443045 -0.1961089548325143
    outer loop
      vertex 2.0112226794527186 -1.8754954901718708 2.5
      vertex 2.043648270062834 -1.8401091674868602 2.5
      vertex 2.4152206828015315 -2.1746744706662895 0
    endloop
  endfacet
  facet normal -0.7344125822795818 0.6497533661505227 -0.1961089548325141
    outer loop
      vertex 2.043648270062834 -1.8401091674868602 2.5
      vertex 2.075451345612623 -1.8041623297238951 2.5
      vertex 2.452806135724009 -2.1321918442191485 0
    endloop
  endfacet
  facet normal -0.7456404875161545 0.6368371386870981 -0.1961089548325142
    outer loop
      vertex 2.075451345612623 -1.8041623297238951 2.5
      vertex 2.1066222185771895 -1.7676659266379828 2.5
      vertex 2.4896444401366784 -2.0890597314812527 0
    endloop
  endfacet
  facet normal -0.7566412634370271 0.6237269244620742 -0.19610895483251403
    outer loop
      vertex 2.1066222185771895 -1.7676659266379828 2.5
      vertex 2.13715139400667 -1.7306310753870529 2.5
      vertex 2.525724374735155 -2.0452912709119717 0
    endloop
  endfacet
  facet normal -0.7674115590993282 0.6104267169736571 -0.19610895483251414
    outer loop
      vertex 2.13715139400667 -1.7306310753870529 2.5
      vertex 2.1670295724184854 -1.6930690571455602 2.5
      vertex 2.5610349492218463 -2.0008997948083893 0
    endloop
  endfacet
  facet normal -0.7779480937666343 0.5969405675939262 -0.19610895483251412
    outer loop
      vertex 2.1670295724184854 -1.6930690571455602 2.5
      vertex 2.1962476526300554 -1.6549913136681327 2.5
      vertex 2.5955654076537016 -1.955898825244157 0
    endloop
  endfacet
  facet normal -0.7882476579084271 0.5832725843346129 -0.19610895483251403
    outer loop
      vertex 2.1962476526300554 -1.6549913136681327 2.5
      vertex 2.2247967345311057 -1.616409443804301 2.5
      vertex 2.629305231718579 -1.9103020699505378 0
    endloop
  endfacet
  facet normal -0.7983071141777018 0.5694269305958126 -0.19610895483251417
    outer loop
      vertex 2.2247967345311057 -1.616409443804301 2.5
      vertex 2.2526681217947275 -1.5773351999653766 2.5
      vertex 2.6622441439392235 -1.8641234181408997 0
    endloop
  endfacet
  facet normal -0.8081233983666156 0.5554078238978015 -0.1961089548325141
    outer loop
      vertex 2.2526681217947275 -1.5773351999653766 2.5
      vertex 2.2798533245263646 -1.537780484544554 2.5
      vertex 2.694372110803885 -1.8173769362799275 0
    endloop
  endfacet
  facet normal -0.8176935203399234 0.5412195345962693 -0.19610895483251423
    outer loop
      vertex 2.2798533245263646 -1.537780484544554 2.5
      vertex 2.306344061849916 -1.4977573462913245 2.5
      vertex 2.7256793458226283 -1.770076863798838 0
    endloop
  endfacet
  facet normal -0.8270145649457613 0.5268663845815864 -0.19610895483251417
    outer loop
      vertex 2.306344061849916 -1.4977573462913245 2.5
      vertex 2.332132264430171 -1.4572779766413135 2.5
      vertex 2.7561563125083843 -1.7222376087579159 0
    endloop
  endfacet
  facet normal -0.8360836929036385 0.5123527459623042 -0.19610895483251406
    outer loop
      vertex 2.332132264430171 -1.4572779766413135 2.5
      vertex 2.357210076930809 -1.416354706002649 2.5
      vertex 2.785793727281865 -1.673873743457676 0
    endloop
  endfacet
  facet normal -0.8448981416693458 0.4976830397333074 -0.19610895483251412
    outer loop
      vertex 2.357210076930809 -1.416354706002649 2.5
      vertex 2.381569860407206 -1.375 2.5
      vertex 2.8145825622994254 -1.625 0
    endloop
  endfacet
  facet normal -0.8534552262763804 0.482861734429258 -0.19610895483251423
    outer loop
      vertex 2.381569860407206 -1.375 2.5
      vertex 2.4052041946333382 -1.333226455677427 2.5
      vertex 2.842514048203036 -1.5756312658005955 0
    endloop
  endfacet
  facet normal -0.8617523401538811 0.46789334476332173 -0.196108954832514
    outer loop
      vertex 2.4052041946333382 -1.333226455677427 2.5
      vertex 2.4281058803620494 -1.2910467976611997 2.5
      vertex 2.8695796767915125 -1.525782579054145 0
    endloop
  endfacet
  facet normal -0.869786955920601 0.4527824302519628 -0.19610895483251423
    outer loop
      vertex 2.4281058803620494 -1.2910467976611997 2.5
      vertex 2.4502679415180117 -1.2484738742837536 2.5
      vertex 2.895771203612196 -1.475469124153527 0
    endloop
  endfacet
  facet normal -0.8775566261547212 0.4375335938261679 -0.19610895483251412
    outer loop
      vertex 2.4502679415180117 -1.2484738742837536 2.5
      vertex 2.4716836273227094 -1.205520653669963 2.5
      vertex 2.921080650472293 -1.4247062270645015 0
    endloop
  endfacet
  facet normal -0.8850589841394391 0.4221514804291973 -0.19610895483251417
    outer loop
      vertex 2.4716836273227094 -1.205520653669963 2.5
      vertex 2.4923464143507874 -1.1622002197869234 2.5
      vertex 2.9455003078691124 -1.373509350657273 0
    endloop
  endfacet
  facet normal -0.8922917445838269 0.4066407756018197 -0.1961089548325142
    outer loop
      vertex 2.4923464143507874 -1.1622002197869234 2.5
      vertex 2.512250008517152 -1.1185257684584506 2.5
      vertex 2.969022737338453 -1.3218940899963507 0
    endloop
  endfacet
  facet normal -0.8992527043189857 0.39100620405498643 -0.19610895483251414
    outer loop
      vertex 2.512250008517152 -1.1185257684584506 2.5
      vertex 2.531388346994211 -1.074510603345503 2.5
      vertex 2.991640773720431 -1.2698761675901398 0
    endloop
  endfacet
  facet normal -0.9059397429691604 0.3752525282306179 -0.1961089548325143
    outer loop
      vertex 2.531388346994211 -1.074510603345503 2.5
      vertex 2.549755600058665 -1.030168131893758 2.5
      vertex 3.0133475273420594 -1.217471428601714 0
    endloop
  endfacet
  facet normal -0.9243373839345013 0.3273250349356449 -0.19610895483251423
    outer loop
      vertex 2.584154707161248 -0.940555394145589 2.5
      vertex 3.0729353706977798 -1.0580965019857593 0
      vertex 3.0540010175542025 -1.1115654658084233 0
    endloop
  endfacet
  facet normal -0.9299092124205967 0.31114327003778286 -0.19610895483251406
    outer loop
      vertex 2.6001760828981215 -0.8953124247571809 2.5
      vertex 3.090933677959249 -1.004305231718579 0
      vertex 3.0729353706977798 -1.0580965019857593 0
    endloop
  endfacet
  facet normal -0.9351977815523509 0.2948667278857696 -0.19610895483251417
    outer loop
      vertex 2.615405419811672 -0.8497967345311054 2.5
      vertex 3.107990456879865 -0.9502080403488945 0
      vertex 3.090933677959249 -1.004305231718579 0
    endloop
  endfacet
  facet normal -0.9402014803803814 0.2785003664719995 -0.19610895483251414
    outer loop
      vertex 2.6298380788983473 -0.8040221879875261 2.5
      vertex 3.1241005117995364 -0.8958214064052473 0
      vertex 3.107990456879865 -0.9502080403488945 0
    endloop
  endfacet
  facet normal -0.9449187847295547 0.26204917114869936 -0.19610895483251412
    outer loop
      vertex 2.643469663830377 -0.7580027284967477 2.5
      vertex 3.139258935439472 -0.8411618965831924 0
      vertex 3.1241005117995364 -0.8958214064052473 0
    endloop
  endfacet
  facet normal -0.9493482576632637 0.24551815310934583 -0.19610895483251417
    outer loop
      vertex 2.6562960222949377 -0.711752374031932 2.5
      vertex 3.1534611103969885 -0.7862461606989202 0
      vertex 3.139258935439472 -0.8411618965831924 0
    endloop
  endfacet
  facet normal -0.9534885499211455 0.2289123478621676 -0.1961089548325142
    outer loop
      vertex 2.66831324725899 -0.6652852128990863 2.5
      vertex 3.1667027105520145 -0.7310909266175613 0
      vertex 3.1534611103969885 -0.7862461606989202 0
    endloop
  endfacet
  facet normal -0.9573384003300697 0.21223681369630995 -0.19610895483251417
    outer loop
      vertex 2.679517678159397 -0.6186153994456287 2.5
      vertex 3.1789797023848685 -0.6757129951577179 0
      vertex 3.1667027105520145 -0.7310909266175613 0
    endloop
  endfacet
  facet normal -0.9608966361883092 0.19549663014101037 -0.19610895483251417
    outer loop
      vertex 2.6899059020179656 -0.5717571497488382 2.5
      vertex 3.190288346204908 -0.6201292349737706 0
      vertex 3.1789797023848685 -0.6757129951577179 0
    endloop
  endfacet
  facet normal -0.9641621736227514 0.1786968964183489 -0.19610895483251428
    outer loop
      vertex 2.6994747544810758 -0.5247247372854982 2.5
      vertex 3.200625197289676 -0.5643565774175235 0
      vertex 3.190288346204908 -0.6201292349737706 0
    endloop
  endfacet
  facet normal -0.9671340179190573 0.16184272988997586 -0.1961089548325142
    outer loop
      vertex 2.708221320783572 -0.4775324885840584 2.5
      vertex 3.209987106934198 -0.5084120113807503 0
      vertex 3.200625197289676 -0.5643565774175235 0
    endloop
  endfacet
  facet normal -0.9698112638246698 0.14493926449825734 -0.19610895483251425
    outer loop
      vertex 2.7161429366366288 -0.4301947788606349 2.5
      vertex 3.2183712234101036 -0.4523125781202127 0
      vertex 3.209987106934198 -0.5084120113807503 0
    endloop
  endfacet
  facet normal -0.9721930958245476 0.12799164920251996 -0.19610895483251414
    outer loop
      vertex 2.7232371890393186 -0.38272602764017993 2.5
      vertex 3.2257749928342965 -0.3960753660667293 0
      vertex 3.2183712234101036 -0.4523125781202127 0
    endloop
  endfacet
  facet normal -0.9742787883895906 0.111005046410559 -0.1961089548325141
    outer loop
      vertex 2.7295019170136356 -0.33514069436415556 2.5
      vertex 3.2321961599468882 -0.3397175056198738 0
      vertex 3.2257749928342965 -0.3960753660667293 0
    endloop
  endfacet
  facet normal -0.9760677061976396 0.09398463040613074 -0.1961089548325142
    outer loop
      vertex 2.7349352122627515 -0.28745327398604703 2.5
      vertex 3.237632768798173 -0.28325616392988906 0
      vertex 3.2321961599468882 -0.3397175056198738 0
    endloop
  endfacet
  facet normal -0.9775593043270021 0.07693558577281624 -0.19610895483251425
    outer loop
      vertex 2.7395354197523 -0.23967829255605996 2.5
      vertex 3.2420831633444287 -0.22670853966840723 0
      vertex 3.237632768798173 -0.28325616392988906 0
    endloop
  endfacet
  facet normal -0.9787531284224356 0.05986310581480253 -0.1961089548325142
    outer loop
      vertex 2.7433011382145165 -0.19183030279634458 2.5
      vertex 3.245545987952365 -0.17009185778956745 0
      vertex 3.2420831633444287 -0.22670853966840723 0
    endloop
  endfacet
  facet normal -0.9796488148335577 0.04277239097484259 -0.19610895483251425
    outer loop
      vertex 2.746231220575078 -0.14392387966809556 2.5
      vertex 3.2480201878120614 -0.11342336428312814 0
      vertex 3.245545987952365 -0.17009185778956745 0
    endloop
  endfacet
  facet normal -0.9802460907256105 0.025668647250239485 -0.1961089548325142
    outer loop
      vertex 2.7483247743025134 -0.09597361593187767 2.5
      vertex 3.2495050092582716 -0.056720320921171415 0
      vertex 3.2480201878120614 -0.11342336428312814 0
    endloop
  endfacet
  facet normal -0.9805447741625709 0.008557084607035442 -0.19610895483251414
    outer loop
      vertex 2.749581161680076 -0.047994117702529655 2.5
      vertex 3.25 0 0
      vertex 3.2495050092582716 -0.056720320921171415 0
    endloop
  endfacet
  facet normal -0.9123508235975867 0.359384546851008 -0.19610895483251425
    outer loop
      vertex 2.549755600058665 -1.030168131893758 2.5
      vertex 2.5673461728673046 -0.9855118612495757 2.5
      vertex 3.0341363861159056 -1.164695836022226 0
    endloop
  endfacet
  facet normal -0.9184839933270029 0.34340709345699466 -0.19610895483251425
    outer loop
      vertex 2.5673461728673046 -0.9855118612495757 2.5
      vertex 2.584154707161248 -0.940555394145589 2.5
      vertex 3.0540010175542025 -1.1115654658084233 0
    endloop
  endfacet
  facet normal -0.9243373839344992 0.32732503493565096 -0.19610895483251412
    outer loop
      vertex 2.584154707161248 -0.940555394145589 2.5
      vertex 2.6001760828981215 -0.8953124247571809 2.5
      vertex 3.0729353706977798 -1.0580965019857593 0
    endloop
  endfacet
  facet normal -0.9299092124205977 0.31114327003777953 -0.19610895483251417
    outer loop
      vertex 2.6001760828981215 -0.8953124247571809 2.5
      vertex 2.615405419811672 -0.8497967345311054 2.5
      vertex 3.090933677959249 -1.004305231718579 0
    endloop
  endfacet
  facet normal -0.9351977815523509 0.2948667278857691 -0.19610895483251417
    outer loop
      vertex 2.615405419811672 -0.8497967345311054 2.5
      vertex 2.6298380788983473 -0.8040221879875261 2.5
      vertex 3.107990456879865 -0.9502080403488945 0
    endloop
  endfacet
  facet normal -0.9402014803803812 0.2785003664720003 -0.19610895483251417
    outer loop
      vertex 2.6298380788983473 -0.8040221879875261 2.5
      vertex 2.643469663830377 -0.7580027284967477 2.5
      vertex 3.1241005117995364 -0.8958214064052473 0
    endloop
  endfacet
  facet normal -0.9449187847295555 0.26204917114869647 -0.1961089548325142
    outer loop
      vertex 2.643469663830377 -0.7580027284967477 2.5
      vertex 2.6562960222949377 -0.711752374031932 2.5
      vertex 3.139258935439472 -0.8411618965831924 0
    endloop
  endfacet
  facet normal -0.9493482576632638 0.2455181531093457 -0.19610895483251423
    outer loop
      vertex 2.6562960222949377 -0.711752374031932 2.5
      vertex 2.66831324725899 -0.6652852128990863 2.5
      vertex 3.1534611103969885 -0.7862461606989202 0
    endloop
  endfacet
  facet normal -0.9534885499211451 0.22891234786216957 -0.1961089548325142
    outer loop
      vertex 2.66831324725899 -0.6652852128990863 2.5
      vertex 2.679517678159397 -0.6186153994456287 2.5
      vertex 3.1667027105520145 -0.7310909266175613 0
    endloop
  endfacet
  facet normal -0.9573384003300693 0.21223681369631134 -0.19610895483251414
    outer loop
      vertex 2.679517678159397 -0.6186153994456287 2.5
      vertex 2.6899059020179656 -0.5717571497488382 2.5
      vertex 3.1789797023848685 -0.6757129951577179 0
    endloop
  endfacet
  facet normal -0.9608966361883103 0.19549663014100438 -0.19610895483251428
    outer loop
      vertex 2.6899059020179656 -0.5717571497488382 2.5
      vertex 2.6994747544810758 -0.5247247372854982 2.5
      vertex 3.190288346204908 -0.6201292349737706 0
    endloop
  endfacet
  facet normal -0.9641621736227505 0.1786968964183544 -0.19610895483251417
    outer loop
      vertex 2.6994747544810758 -0.5247247372854982 2.5
      vertex 2.708221320783572 -0.4775324885840584 2.5
      vertex 3.200625197289676 -0.5643565774175235 0
    endloop
  endfacet
  facet normal -0.9671340179190577 0.16184272988997248 -0.19610895483251425
    outer loop
      vertex 2.708221320783572 -0.4775324885840584 2.5
      vertex 2.7161429366366288 -0.4301947788606349 2.5
      vertex 3.209987106934198 -0.5084120113807503 0
    endloop
  endfacet
  facet normal -0.9698112638246688 0.14493926449826333 -0.19610895483251414
    outer loop
      vertex 2.7161429366366288 -0.4301947788606349 2.5
      vertex 2.7232371890393186 -0.38272602764017993 2.5
      vertex 3.2183712234101036 -0.4523125781202127 0
    endloop
  endfacet
  facet normal -0.9721930958245475 0.12799164920252148 -0.19610895483251412
    outer loop
      vertex 2.7232371890393186 -0.38272602764017993 2.5
      vertex 2.7295019170136356 -0.33514069436415556 2.5
      vertex 3.2257749928342965 -0.3960753660667293 0
    endloop
  endfacet
  facet normal -0.9742787883895911 0.11100504641055338 -0.1961089548325142
    outer loop
      vertex 2.7295019170136356 -0.33514069436415556 2.5
      vertex 2.7349352122627515 -0.28745327398604703 2.5
      vertex 3.2321961599468882 -0.3397175056198738 0
    endloop
  endfacet
  facet normal -0.97606770619764 0.09398463040612663 -0.19610895483251428
    outer loop
      vertex 2.7349352122627515 -0.28745327398604703 2.5
      vertex 2.7395354197523 -0.23967829255605996 2.5
      vertex 3.237632768798173 -0.28325616392988906 0
    endloop
  endfacet
  facet normal -0.9775593043270019 0.07693558577282043 -0.19610895483251417
    outer loop
      vertex 2.7395354197523 -0.23967829255605996 2.5
      vertex 2.7433011382145165 -0.19183030279634458 2.5
      vertex 3.2420831633444287 -0.22670853966840723 0
    endloop
  endfacet
  facet normal -0.9787531284224356 0.05986310581480185 -0.1961089548325142
    outer loop
      vertex 2.7433011382145165 -0.19183030279634458 2.5
      vertex 2.746231220575078 -0.14392387966809556 2.5
      vertex 3.245545987952365 -0.17009185778956745 0
    endloop
  endfacet
  facet normal -0.9796488148335576 0.042772390974844664 -0.19610895483251417
    outer loop
      vertex 2.746231220575078 -0.14392387966809556 2.5
      vertex 2.7483247743025134 -0.09597361593187767 2.5
      vertex 3.2480201878120614 -0.11342336428312814 0
    endloop
  endfacet
  facet normal -0.9802460907256103 0.025668647250242264 -0.19610895483251412
    outer loop
      vertex 2.7483247743025134 -0.09597361593187767 2.5
      vertex 2.749581161680076 -0.047994117702529655 2.5
      vertex 3.2495050092582716 -0.056720320921171415 0
    endloop
  endfacet
  facet normal -0.9805447741625708 0.008557084607033348 -0.19610895483251417
    outer loop
      vertex 2.749581161680076 -0.047994117702529655 2.5
      vertex 2.75 0 2.5
      vertex 3.25 0 0
    endloop
  endfacet
  facet normal -0.6749881834491473 -0.7112891325182179 -0.19610895483251425
    outer loop
      vertex 1.8754954901718708 2.0112226794527186 2.5
      vertex 2.21649467020312 2.376899530262304 0
      vertex 1.9103105187622424 1.9781844509312907 2.5
    endloop
  endfacet
  facet normal -0.6872990865145597 -0.6994006316202114 -0.19610895483251417
    outer loop
      vertex 1.9103105187622424 1.9781844509312907 2.5
      vertex 2.257639703991741 2.3378543511006162 0
      vertex 1.9445436482630059 1.9445436482630059 2.5
    endloop
  endfacet
  facet normal -0.6994006316202114 -0.6872990865145597 -0.19610895483251417
    outer loop
      vertex 1.9781844509312907 1.9103105187622424 2.5
      vertex 1.9445436482630059 1.9445436482630059 2.5
      vertex 2.3378543511006162 2.257639703991741 0
    endloop
  endfacet
  facet normal -0.7112891325182179 -0.6749881834491473 -0.19610895483251425
    outer loop
      vertex 1.9781844509312907 1.9103105187622424 2.5
      vertex 2.376899530262304 2.21649467020312 0
      vertex 2.0112226794527186 1.8754954901718708 2.5
    endloop
  endfacet
  facet normal -0.00855708460703544 -0.9805447741625709 -0.19610895483251417
    outer loop
      vertex 0 2.75 2.5
      vertex 0 3.25 0
      vertex 0.056720320921171415 3.2495050092582716 0
    endloop
  endfacet
  facet normal -0.025668647250239485 -0.9802460907256105 -0.1961089548325142
    outer loop
      vertex 0.09597361593187767 2.7483247743025134 2.5
      vertex 0.056720320921171415 3.2495050092582716 0
      vertex 0.11342336428312814 3.2480201878120614 0
    endloop
  endfacet
  facet normal -0.04277239097484259 -0.9796488148335577 -0.19610895483251425
    outer loop
      vertex 0.14392387966809556 2.746231220575078 2.5
      vertex 0.11342336428312814 3.2480201878120614 0
      vertex 0.17009185778956745 3.245545987952365 0
    endloop
  endfacet
  facet normal -0.05986310581480253 -0.9787531284224356 -0.1961089548325142
    outer loop
      vertex 0.19183030279634458 2.7433011382145165 2.5
      vertex 0.17009185778956745 3.245545987952365 0
      vertex 0.22670853966840723 3.2420831633444287 0
    endloop
  endfacet
  facet normal -0.07693558577281624 -0.9775593043270021 -0.19610895483251425
    outer loop
      vertex 0.23967829255605996 2.7395354197523 2.5
      vertex 0.22670853966840723 3.2420831633444287 0
      vertex 0.28325616392988906 3.237632768798173 0
    endloop
  endfacet
  facet normal -0.09398463040613074 -0.9760677061976396 -0.1961089548325142
    outer loop
      vertex 0.28745327398604703 2.7349352122627515 2.5
      vertex 0.28325616392988906 3.237632768798173 0
      vertex 0.3397175056198738 3.2321961599468882 0
    endloop
  endfacet
  facet normal -0.111005046410559 -0.9742787883895906 -0.1961089548325141
    outer loop
      vertex 0.33514069436415556 2.7295019170136356 2.5
      vertex 0.3397175056198738 3.2321961599468882 0
      vertex 0.3960753660667293 3.2257749928342965 0
    endloop
  endfacet
  facet normal -0.14493926449825734 -0.9698112638246698 -0.19610895483251425
    outer loop
      vertex 0.4301947788606349 2.7161429366366288 2.5
      vertex 0.4523125781202127 3.2183712234101036 0
      vertex 0.5084120113807503 3.209987106934198 0
    endloop
  endfacet
  facet normal -0.16184272988997586 -0.9671340179190573 -0.1961089548325142
    outer loop
      vertex 0.4775324885840584 2.708221320783572 2.5
      vertex 0.5084120113807503 3.209987106934198 0
      vertex 0.5643565774175235 3.200625197289676 0
    endloop
  endfacet
  facet normal -0.12799164920251996 -0.9721930958245476 -0.19610895483251414
    outer loop
      vertex 0.38272602764017993 2.7232371890393186 2.5
      vertex 0.3960753660667293 3.2257749928342965 0
      vertex 0.4523125781202127 3.2183712234101036 0
    endloop
  endfacet
  facet normal -0.1786968964183489 -0.9641621736227514 -0.19610895483251428
    outer loop
      vertex 0.5247247372854982 2.6994747544810758 2.5
      vertex 0.5643565774175235 3.200625197289676 0
      vertex 0.6201292349737706 3.190288346204908 0
    endloop
  endfacet
  facet normal -0.19549663014101037 -0.9608966361883092 -0.19610895483251417
    outer loop
      vertex 0.5717571497488382 2.6899059020179656 2.5
      vertex 0.6201292349737706 3.190288346204908 0
      vertex 0.6757129951577179 3.1789797023848685 0
    endloop
  endfacet
  facet normal -0.21223681369630995 -0.9573384003300697 -0.19610895483251417
    outer loop
      vertex 0.6186153994456287 2.679517678159397 2.5
      vertex 0.6757129951577179 3.1789797023848685 0
      vertex 0.7310909266175613 3.1667027105520145 0
    endloop
  endfacet
  facet normal -0.2289123478621676 -0.9534885499211455 -0.1961089548325142
    outer loop
      vertex 0.6652852128990863 2.66831324725899 2.5
      vertex 0.7310909266175613 3.1667027105520145 0
      vertex 0.7862461606989202 3.1534611103969885 0
    endloop
  endfacet
  facet normal -0.24551815310934583 -0.9493482576632637 -0.19610895483251417
    outer loop
      vertex 0.711752374031932 2.6562960222949377 2.5
      vertex 0.7862461606989202 3.1534611103969885 0
      vertex 0.8411618965831924 3.139258935439472 0
    endloop
  endfacet
  facet normal -0.31114327003778286 -0.9299092124205967 -0.19610895483251406
    outer loop
      vertex 0.8953124247571809 2.6001760828981215 2.5
      vertex 1.004305231718579 3.090933677959249 0
      vertex 1.0580965019857593 3.0729353706977798 0
    endloop
  endfacet
  facet normal -0.3273250349356449 -0.9243373839345013 -0.19610895483251423
    outer loop
      vertex 0.940555394145589 2.584154707161248 2.5
      vertex 1.0580965019857593 3.0729353706977798 0
      vertex 1.1115654658084233 3.0540010175542025 0
    endloop
  endfacet
  facet normal -0.26204917114869936 -0.9449187847295547 -0.19610895483251412
    outer loop
      vertex 0.7580027284967477 2.643469663830377 2.5
      vertex 0.8411618965831924 3.139258935439472 0
      vertex 0.8958214064052473 3.1241005117995364 0
    endloop
  endfacet
  facet normal -0.2785003664719995 -0.9402014803803814 -0.19610895483251414
    outer loop
      vertex 0.8040221879875261 2.6298380788983473 2.5
      vertex 0.8958214064052473 3.1241005117995364 0
      vertex 0.9502080403488945 3.107990456879865 0
    endloop
  endfacet
  facet normal -0.2948667278857696 -0.9351977815523509 -0.19610895483251417
    outer loop
      vertex 0.8497967345311054 2.615405419811672 2.5
      vertex 0.9502080403488945 3.107990456879865 0
      vertex 1.004305231718579 3.090933677959249 0
    endloop
  endfacet
  facet normal -0.008557084607033348 -0.9805447741625708 -0.1961089548325141
    outer loop
      vertex 0 2.75 2.5
      vertex 0.056720320921171415 3.2495050092582716 0
      vertex 0.047994117702529655 2.749581161680076 2.5
    endloop
  endfacet
  facet normal -0.025668647250242264 -0.9802460907256103 -0.19610895483251412
    outer loop
      vertex 0.047994117702529655 2.749581161680076 2.5
      vertex 0.056720320921171415 3.2495050092582716 0
      vertex 0.09597361593187767 2.7483247743025134 2.5
    endloop
  endfacet
  facet normal -0.042772390974844664 -0.9796488148335576 -0.1961089548325142
    outer loop
      vertex 0.09597361593187767 2.7483247743025134 2.5
      vertex 0.11342336428312814 3.2480201878120614 0
      vertex 0.14392387966809556 2.746231220575078 2.5
    endloop
  endfacet
  facet normal -0.05986310581480185 -0.9787531284224356 -0.1961089548325142
    outer loop
      vertex 0.14392387966809556 2.746231220575078 2.5
      vertex 0.17009185778956745 3.245545987952365 0
      vertex 0.19183030279634458 2.7433011382145165 2.5
    endloop
  endfacet
  facet normal -0.07693558577282043 -0.9775593043270019 -0.19610895483251417
    outer loop
      vertex 0.19183030279634458 2.7433011382145165 2.5
      vertex 0.22670853966840723 3.2420831633444287 0
      vertex 0.23967829255605996 2.7395354197523 2.5
    endloop
  endfacet
  facet normal -0.09398463040612663 -0.97606770619764 -0.19610895483251425
    outer loop
      vertex 0.23967829255605996 2.7395354197523 2.5
      vertex 0.28325616392988906 3.237632768798173 0
      vertex 0.28745327398604703 2.7349352122627515 2.5
    endloop
  endfacet
  facet normal -0.11100504641055338 -0.9742787883895911 -0.1961089548325142
    outer loop
      vertex 0.28745327398604703 2.7349352122627515 2.5
      vertex 0.3397175056198738 3.2321961599468882 0
      vertex 0.33514069436415556 2.7295019170136356 2.5
    endloop
  endfacet
  facet normal -0.12799164920252148 -0.9721930958245475 -0.19610895483251412
    outer loop
      vertex 0.33514069436415556 2.7295019170136356 2.5
      vertex 0.3960753660667293 3.2257749928342965 0
      vertex 0.38272602764017993 2.7232371890393186 2.5
    endloop
  endfacet
  facet normal -0.14493926449826333 -0.9698112638246688 -0.19610895483251412
    outer loop
      vertex 0.38272602764017993 2.7232371890393186 2.5
      vertex 0.4523125781202127 3.2183712234101036 0
      vertex 0.4301947788606349 2.7161429366366288 2.5
    endloop
  endfacet
  facet normal -0.16184272988997248 -0.9671340179190577 -0.19610895483251425
    outer loop
      vertex 0.4301947788606349 2.7161429366366288 2.5
      vertex 0.5084120113807503 3.209987106934198 0
      vertex 0.4775324885840584 2.708221320783572 2.5
    endloop
  endfacet
  facet normal -0.1786968964183544 -0.9641621736227505 -0.19610895483251417
    outer loop
      vertex 0.4775324885840584 2.708221320783572 2.5
      vertex 0.5643565774175235 3.200625197289676 0
      vertex 0.5247247372854982 2.6994747544810758 2.5
    endloop
  endfacet
  facet normal -0.19549663014100438 -0.9608966361883103 -0.19610895483251425
    outer loop
      vertex 0.5247247372854982 2.6994747544810758 2.5
      vertex 0.6201292349737706 3.190288346204908 0
      vertex 0.5717571497488382 2.6899059020179656 2.5
    endloop
  endfacet
  facet normal -0.21223681369631134 -0.9573384003300693 -0.19610895483251414
    outer loop
      vertex 0.5717571497488382 2.6899059020179656 2.5
      vertex 0.6757129951577179 3.1789797023848685 0
      vertex 0.6186153994456287 2.679517678159397 2.5
    endloop
  endfacet
  facet normal -0.22891234786216957 -0.9534885499211451 -0.1961089548325142
    outer loop
      vertex 0.6186153994456287 2.679517678159397 2.5
      vertex 0.7310909266175613 3.1667027105520145 0
      vertex 0.6652852128990863 2.66831324725899 2.5
    endloop
  endfacet
  facet normal -0.2455181531093457 -0.9493482576632638 -0.19610895483251425
    outer loop
      vertex 0.6652852128990863 2.66831324725899 2.5
      vertex 0.7862461606989202 3.1534611103969885 0
      vertex 0.711752374031932 2.6562960222949377 2.5
    endloop
  endfacet
  facet normal -0.26204917114869647 -0.9449187847295555 -0.1961089548325142
    outer loop
      vertex 0.711752374031932 2.6562960222949377 2.5
      vertex 0.8411618965831924 3.139258935439472 0
      vertex 0.7580027284967477 2.643469663830377 2.5
    endloop
  endfacet
  facet normal -0.2948667278857691 -0.9351977815523509 -0.19610895483251417
    outer loop
      vertex 0.8040221879875261 2.6298380788983473 2.5
      vertex 0.9502080403488945 3.107990456879865 0
      vertex 0.8497967345311054 2.615405419811672 2.5
    endloop
  endfacet
  facet normal -0.31114327003777953 -0.9299092124205977 -0.19610895483251414
    outer loop
      vertex 0.8497967345311054 2.615405419811672 2.5
      vertex 1.004305231718579 3.090933677959249 0
      vertex 0.8953124247571809 2.6001760828981215 2.5
    endloop
  endfacet
  facet normal -0.2785003664720003 -0.9402014803803812 -0.19610895483251417
    outer loop
      vertex 0.8040221879875261 2.6298380788983473 2.5
      vertex 0.7580027284967477 2.643469663830377 2.5
      vertex 0.8958214064052473 3.1241005117995364 0
    endloop
  endfacet
  facet normal -0.32732503493565096 -0.9243373839344992 -0.19610895483251412
    outer loop
      vertex 0.8953124247571809 2.6001760828981215 2.5
      vertex 1.0580965019857593 3.0729353706977798 0
      vertex 0.940555394145589 2.584154707161248 2.5
    endloop
  endfacet
  facet normal -0.359384546851008 -0.9123508235975867 -0.19610895483251423
    outer loop
      vertex 0.9855118612495757 2.5673461728673046 2.5
      vertex 1.164695836022226 3.0341363861159056 0
      vertex 1.030168131893758 2.549755600058665 2.5
    endloop
  endfacet
  facet normal -0.34340709345699466 -0.9184839933270029 -0.19610895483251425
    outer loop
      vertex 0.940555394145589 2.584154707161248 2.5
      vertex 1.1115654658084233 3.0540010175542025 0
      vertex 0.9855118612495757 2.5673461728673046 2.5
    endloop
  endfacet
  facet normal -0.4976830397333101 -0.8448981416693443 -0.19610895483251406
    outer loop
      vertex 1.416354706002649 2.357210076930809 2.5
      vertex 1.625 2.8145825622994254 0
      vertex 1.673873743457676 2.785793727281865 0
    endloop
  endfacet
  facet normal -0.34340709345699444 -0.918483993327003 -0.19610895483251428
    outer loop
      vertex 0.9855118612495757 2.5673461728673046 2.5
      vertex 1.1115654658084233 3.0540010175542025 0
      vertex 1.164695836022226 3.0341363861159056 0
    endloop
  endfacet
  facet normal -0.37525252823062416 -0.9059397429691577 -0.1961089548325142
    outer loop
      vertex 1.074510603345503 2.531388346994211 2.5
      vertex 1.217471428601714 3.0133475273420594 0
      vertex 1.2698761675901398 2.991640773720431 0
    endloop
  endfacet
  facet normal -0.35938454685100474 -0.9123508235975879 -0.19610895483251434
    outer loop
      vertex 1.030168131893758 2.549755600058665 2.5
      vertex 1.164695836022226 3.0341363861159056 0
      vertex 1.217471428601714 3.0133475273420594 0
    endloop
  endfacet
  facet normal -0.3910062040549843 -0.8992527043189867 -0.19610895483251423
    outer loop
      vertex 1.1185257684584506 2.512250008517152 2.5
      vertex 1.2698761675901398 2.991640773720431 0
      vertex 1.3218940899963507 2.969022737338453 0
    endloop
  endfacet
  facet normal -0.4066407756018223 -0.8922917445838258 -0.19610895483251412
    outer loop
      vertex 1.1622002197869234 2.4923464143507874 2.5
      vertex 1.3218940899963507 2.969022737338453 0
      vertex 1.373509350657273 2.9455003078691124 0
    endloop
  endfacet
  facet normal -0.42215148042920075 -0.8850589841394376 -0.19610895483251414
    outer loop
      vertex 1.205520653669963 2.4716836273227094 2.5
      vertex 1.373509350657273 2.9455003078691124 0
      vertex 1.4247062270645015 2.921080650472293 0
    endloop
  endfacet
  facet normal -0.4375335938261623 -0.877556626154724 -0.19610895483251425
    outer loop
      vertex 1.2484738742837536 2.4502679415180117 2.5
      vertex 1.4247062270645015 2.921080650472293 0
      vertex 1.475469124153527 2.895771203612196 0
    endloop
  endfacet
  facet normal -0.45278243025197173 -0.8697869559205963 -0.19610895483251406
    outer loop
      vertex 1.2910467976611997 2.4281058803620494 2.5
      vertex 1.475469124153527 2.895771203612196 0
      vertex 1.525782579054145 2.8695796767915125 0
    endloop
  endfacet
  facet normal -0.46789334476331285 -0.8617523401538857 -0.19610895483251425
    outer loop
      vertex 1.333226455677427 2.4052041946333382 2.5
      vertex 1.525782579054145 2.8695796767915125 0
      vertex 1.5756312658005955 2.842514048203036 0
    endloop
  endfacet
  facet normal -0.4828617344292617 -0.8534552262763782 -0.19610895483251406
    outer loop
      vertex 1.375 2.381569860407206 2.5
      vertex 1.5756312658005955 2.842514048203036 0
      vertex 1.625 2.8145825622994254 0
    endloop
  endfacet
  facet normal -0.5123527459622984 -0.8360836929036419 -0.19610895483251414
    outer loop
      vertex 1.4572779766413135 2.332132264430171 2.5
      vertex 1.673873743457676 2.785793727281865 0
      vertex 1.7222376087579159 2.7561563125083843 0
    endloop
  endfacet
  facet normal -0.5412195345962741 -0.8176935203399202 -0.19610895483251406
    outer loop
      vertex 1.537780484544554 2.2798533245263646 2.5
      vertex 1.770076863798838 2.7256793458226283 0
      vertex 1.8173769362799275 2.694372110803885 0
    endloop
  endfacet
  facet normal -0.5268663845815854 -0.8270145649457619 -0.19610895483251417
    outer loop
      vertex 1.4977573462913245 2.306344061849916 2.5
      vertex 1.7222376087579159 2.7561563125083843 0
      vertex 1.770076863798838 2.7256793458226283 0
    endloop
  endfacet
  facet normal -0.5694269305958177 -0.7983071141776984 -0.19610895483251412
    outer loop
      vertex 1.616409443804301 2.2247967345311057 2.5
      vertex 1.8641234181408997 2.6622441439392235 0
      vertex 1.9103020699505378 2.629305231718579 0
    endloop
  endfacet
  facet normal -0.5832725843346103 -0.7882476579084292 -0.19610895483251406
    outer loop
      vertex 1.6549913136681327 2.1962476526300554 2.5
      vertex 1.9103020699505378 2.629305231718579 0
      vertex 1.955898825244157 2.5955654076537016 0
    endloop
  endfacet
  facet normal -0.5554078238977986 -0.8081233983666175 -0.1961089548325142
    outer loop
      vertex 1.5773351999653766 2.2526681217947275 2.5
      vertex 1.8173769362799275 2.694372110803885 0
      vertex 1.8641234181408997 2.6622441439392235 0
    endloop
  endfacet
  facet normal -0.623726924462069 -0.7566412634370315 -0.19610895483251414
    outer loop
      vertex 1.7676659266379828 2.1066222185771895 2.5
      vertex 2.0452912709119717 2.525724374735155 0
      vertex 2.0890597314812527 2.4896444401366784 0
    endloop
  endfacet
  facet normal -0.6497533661505157 -0.7344125822795882 -0.19610895483251425
    outer loop
      vertex 1.8401091674868602 2.043648270062834 2.5
      vertex 2.1321918442191485 2.452806135724009 0
      vertex 2.1746744706662895 2.4152206828015315 0
    endloop
  endfacet
  facet normal -0.6368371386871015 -0.7456404875161516 -0.1961089548325141
    outer loop
      vertex 1.8041623297238951 2.075451345612623 2.5
      vertex 2.0890597314812527 2.4896444401366784 0
      vertex 2.1321918442191485 2.452806135724009 0
    endloop
  endfacet
  facet normal -0.6624716724443059 -0.7229609678560408 -0.1961089548325142
    outer loop
      vertex 1.8754954901718708 2.0112226794527186 2.5
      vertex 2.1746744706662895 2.4152206828015315 0
      vertex 2.21649467020312 2.376899530262304 0
    endloop
  endfacet
  facet normal -0.5969405675939258 -0.7779480937666347 -0.196108954832514
    outer loop
      vertex 1.6930690571455602 2.1670295724184854 2.5
      vertex 1.955898825244157 2.5955654076537016 0
      vertex 2.0008997948083893 2.5610349492218463 0
    endloop
  endfacet
  facet normal -0.6104267169736597 -0.7674115590993262 -0.19610895483251395
    outer loop
      vertex 1.7306310753870529 2.13715139400667 2.5
      vertex 2.0008997948083893 2.5610349492218463 0
      vertex 2.0452912709119717 2.525724374735155 0
    endloop
  endfacet
  facet normal -0.4221514804291973 -0.8850589841394391 -0.19610895483251417
    outer loop
      vertex 1.1622002197869234 2.4923464143507874 2.5
      vertex 1.373509350657273 2.9455003078691124 0
      vertex 1.205520653669963 2.4716836273227094 2.5
    endloop
  endfacet
  facet normal -0.4375335938261679 -0.8775566261547212 -0.19610895483251412
    outer loop
      vertex 1.205520653669963 2.4716836273227094 2.5
      vertex 1.4247062270645015 2.921080650472293 0
      vertex 1.2484738742837536 2.4502679415180117 2.5
    endloop
  endfacet
  facet normal -0.46789334476332173 -0.8617523401538811 -0.196108954832514
    outer loop
      vertex 1.2910467976611997 2.4281058803620494 2.5
      vertex 1.525782579054145 2.8695796767915125 0
      vertex 1.333226455677427 2.4052041946333382 2.5
    endloop
  endfacet
  facet normal -0.4527824302519628 -0.869786955920601 -0.19610895483251423
    outer loop
      vertex 1.2910467976611997 2.4281058803620494 2.5
      vertex 1.2484738742837536 2.4502679415180117 2.5
      vertex 1.475469124153527 2.895771203612196 0
    endloop
  endfacet
  facet normal -0.482861734429258 -0.8534552262763804 -0.19610895483251423
    outer loop
      vertex 1.333226455677427 2.4052041946333382 2.5
      vertex 1.5756312658005955 2.842514048203036 0
      vertex 1.375 2.381569860407206 2.5
    endloop
  endfacet
  facet normal -0.4976830397333074 -0.8448981416693458 -0.19610895483251412
    outer loop
      vertex 1.375 2.381569860407206 2.5
      vertex 1.625 2.8145825622994254 0
      vertex 1.416354706002649 2.357210076930809 2.5
    endloop
  endfacet
  facet normal -0.5123527459623042 -0.8360836929036385 -0.19610895483251406
    outer loop
      vertex 1.416354706002649 2.357210076930809 2.5
      vertex 1.673873743457676 2.785793727281865 0
      vertex 1.4572779766413135 2.332132264430171 2.5
    endloop
  endfacet
  facet normal -0.5268663845815864 -0.8270145649457613 -0.19610895483251417
    outer loop
      vertex 1.4572779766413135 2.332132264430171 2.5
      vertex 1.7222376087579159 2.7561563125083843 0
      vertex 1.4977573462913245 2.306344061849916 2.5
    endloop
  endfacet
  facet normal -0.3752525282306179 -0.9059397429691604 -0.1961089548325143
    outer loop
      vertex 1.074510603345503 2.531388346994211 2.5
      vertex 1.030168131893758 2.549755600058665 2.5
      vertex 1.217471428601714 3.0133475273420594 0
    endloop
  endfacet
  facet normal -0.39100620405498643 -0.8992527043189857 -0.19610895483251414
    outer loop
      vertex 1.074510603345503 2.531388346994211 2.5
      vertex 1.2698761675901398 2.991640773720431 0
      vertex 1.1185257684584506 2.512250008517152 2.5
    endloop
  endfacet
  facet normal -0.4066407756018197 -0.8922917445838269 -0.19610895483251423
    outer loop
      vertex 1.1185257684584506 2.512250008517152 2.5
      vertex 1.3218940899963507 2.969022737338453 0
      vertex 1.1622002197869234 2.4923464143507874 2.5
    endloop
  endfacet
  facet normal -0.5694269305958126 -0.7983071141777018 -0.19610895483251417
    outer loop
      vertex 1.616409443804301 2.2247967345311057 2.5
      vertex 1.5773351999653766 2.2526681217947275 2.5
      vertex 1.8641234181408997 2.6622441439392235 0
    endloop
  endfacet
  facet normal -0.6237269244620742 -0.7566412634370271 -0.19610895483251403
    outer loop
      vertex 1.7676659266379828 2.1066222185771895 2.5
      vertex 1.7306310753870529 2.13715139400667 2.5
      vertex 2.0452912709119717 2.525724374735155 0
    endloop
  endfacet
  facet normal -0.5969405675939262 -0.7779480937666343 -0.19610895483251412
    outer loop
      vertex 1.6549913136681327 2.1962476526300554 2.5
      vertex 1.955898825244157 2.5955654076537016 0
      vertex 1.6930690571455602 2.1670295724184854 2.5
    endloop
  endfacet
  facet normal -0.5832725843346129 -0.7882476579084271 -0.19610895483251403
    outer loop
      vertex 1.616409443804301 2.2247967345311057 2.5
      vertex 1.9103020699505378 2.629305231718579 0
      vertex 1.6549913136681327 2.1962476526300554 2.5
    endloop
  endfacet
  facet normal -0.6104267169736571 -0.7674115590993282 -0.19610895483251414
    outer loop
      vertex 1.6930690571455602 2.1670295724184854 2.5
      vertex 2.0008997948083893 2.5610349492218463 0
      vertex 1.7306310753870529 2.13715139400667 2.5
    endloop
  endfacet
  facet normal -0.5412195345962693 -0.8176935203399234 -0.19610895483251423
    outer loop
      vertex 1.4977573462913245 2.306344061849916 2.5
      vertex 1.770076863798838 2.7256793458226283 0
      vertex 1.537780484544554 2.2798533245263646 2.5
    endloop
  endfacet
  facet normal -0.5554078238978015 -0.8081233983666156 -0.1961089548325141
    outer loop
      vertex 1.537780484544554 2.2798533245263646 2.5
      vertex 1.8173769362799275 2.694372110803885 0
      vertex 1.5773351999653766 2.2526681217947275 2.5
    endloop
  endfacet
  facet normal -0.6497533661505227 -0.7344125822795818 -0.19610895483251412
    outer loop
      vertex 1.8041623297238951 2.075451345612623 2.5
      vertex 2.1321918442191485 2.452806135724009 0
      vertex 1.8401091674868602 2.043648270062834 2.5
    endloop
  endfacet
  facet normal -0.6368371386870981 -0.7456404875161545 -0.1961089548325142
    outer loop
      vertex 1.7676659266379828 2.1066222185771895 2.5
      vertex 2.0890597314812527 2.4896444401366784 0
      vertex 1.8041623297238951 2.075451345612623 2.5
    endloop
  endfacet
  facet normal -0.6624716724443045 -0.722960967856042 -0.1961089548325143
    outer loop
      vertex 1.8754954901718708 2.0112226794527186 2.5
      vertex 1.8401091674868602 2.043648270062834 2.5
      vertex 2.1746744706662895 2.4152206828015315 0
    endloop
  endfacet
  facet normal -0.9805447741625709 -0.00855708460703544 -0.19610895483251417
    outer loop
      vertex 2.75 0 2.5
      vertex 3.2495050092582716 0.056720320921171415 0
      vertex 3.25 0 0
    endloop
  endfacet
  facet normal -0.9802460907256105 -0.025668647250239485 -0.1961089548325142
    outer loop
      vertex 2.7483247743025134 0.09597361593187767 2.5
      vertex 3.2480201878120614 0.11342336428312814 0
      vertex 3.2495050092582716 0.056720320921171415 0
    endloop
  endfacet
  facet normal -0.9796488148335577 -0.04277239097484259 -0.19610895483251425
    outer loop
      vertex 2.746231220575078 0.14392387966809556 2.5
      vertex 3.245545987952365 0.17009185778956745 0
      vertex 3.2480201878120614 0.11342336428312814 0
    endloop
  endfacet
  facet normal -0.9787531284224356 -0.05986310581480253 -0.1961089548325142
    outer loop
      vertex 2.7433011382145165 0.19183030279634458 2.5
      vertex 3.2420831633444287 0.22670853966840723 0
      vertex 3.245545987952365 0.17009185778956745 0
    endloop
  endfacet
  facet normal -0.9775593043270021 -0.07693558577281624 -0.19610895483251425
    outer loop
      vertex 2.7395354197523 0.23967829255605996 2.5
      vertex 3.237632768798173 0.28325616392988906 0
      vertex 3.2420831633444287 0.22670853966840723 0
    endloop
  endfacet
  facet normal -0.9698112638246698 -0.14493926449825734 -0.19610895483251425
    outer loop
      vertex 2.7161429366366288 0.4301947788606349 2.5
      vertex 3.209987106934198 0.5084120113807503 0
      vertex 3.2183712234101036 0.4523125781202127 0
    endloop
  endfacet
  facet normal -0.9671340179190573 -0.16184272988997586 -0.1961089548325142
    outer loop
      vertex 2.708221320783572 0.4775324885840584 2.5
      vertex 3.200625197289676 0.5643565774175235 0
      vertex 3.209987106934198 0.5084120113807503 0
    endloop
  endfacet
  facet normal -0.9760677061976396 -0.09398463040613074 -0.1961089548325142
    outer loop
      vertex 2.7349352122627515 0.28745327398604703 2.5
      vertex 3.2321961599468882 0.3397175056198738 0
      vertex 3.237632768798173 0.28325616392988906 0
    endloop
  endfacet
  facet normal -0.9742787883895906 -0.111005046410559 -0.1961089548325141
    outer loop
      vertex 2.7295019170136356 0.33514069436415556 2.5
      vertex 3.2257749928342965 0.3960753660667293 0
      vertex 3.2321961599468882 0.3397175056198738 0
    endloop
  endfacet
  facet normal -0.9721930958245476 -0.12799164920251996 -0.19610895483251414
    outer loop
      vertex 2.7232371890393186 0.38272602764017993 2.5
      vertex 3.2183712234101036 0.4523125781202127 0
      vertex 3.2257749928342965 0.3960753660667293 0
    endloop
  endfacet
  facet normal -0.9299092124205967 -0.31114327003778286 -0.19610895483251406
    outer loop
      vertex 2.6001760828981215 0.8953124247571809 2.5
      vertex 3.0729353706977798 1.0580965019857593 0
      vertex 3.090933677959249 1.004305231718579 0
    endloop
  endfacet
  facet normal -0.9243373839345013 -0.3273250349356449 -0.19610895483251423
    outer loop
      vertex 2.584154707161248 0.940555394145589 2.5
      vertex 3.0540010175542025 1.1115654658084233 0
      vertex 3.0729353706977798 1.0580965019857593 0
    endloop
  endfacet
  facet normal -0.9641621736227514 -0.1786968964183489 -0.19610895483251428
    outer loop
      vertex 2.6994747544810758 0.5247247372854982 2.5
      vertex 3.190288346204908 0.6201292349737706 0
      vertex 3.200625197289676 0.5643565774175235 0
    endloop
  endfacet
  facet normal -0.9608966361883092 -0.19549663014101037 -0.19610895483251417
    outer loop
      vertex 2.6899059020179656 0.5717571497488382 2.5
      vertex 3.1789797023848685 0.6757129951577179 0
      vertex 3.190288346204908 0.6201292349737706 0
    endloop
  endfacet
  facet normal -0.9493482576632637 -0.24551815310934583 -0.19610895483251417
    outer loop
      vertex 2.6562960222949377 0.711752374031932 2.5
      vertex 3.139258935439472 0.8411618965831924 0
      vertex 3.1534611103969885 0.7862461606989202 0
    endloop
  endfacet
  facet normal -0.9573384003300697 -0.21223681369630995 -0.19610895483251417
    outer loop
      vertex 2.679517678159397 0.6186153994456287 2.5
      vertex 3.1667027105520145 0.7310909266175613 0
      vertex 3.1789797023848685 0.6757129951577179 0
    endloop
  endfacet
  facet normal -0.9534885499211455 -0.2289123478621676 -0.1961089548325142
    outer loop
      vertex 2.66831324725899 0.6652852128990863 2.5
      vertex 3.1534611103969885 0.7862461606989202 0
      vertex 3.1667027105520145 0.7310909266175613 0
    endloop
  endfacet
  facet normal -0.9449187847295547 -0.26204917114869936 -0.19610895483251412
    outer loop
      vertex 2.643469663830377 0.7580027284967477 2.5
      vertex 3.1241005117995364 0.8958214064052473 0
      vertex 3.139258935439472 0.8411618965831924 0
    endloop
  endfacet
  facet normal -0.9402014803803814 -0.2785003664719995 -0.19610895483251414
    outer loop
      vertex 2.6298380788983473 0.8040221879875261 2.5
      vertex 3.107990456879865 0.9502080403488945 0
      vertex 3.1241005117995364 0.8958214064052473 0
    endloop
  endfacet
  facet normal -0.9351977815523509 -0.2948667278857696 -0.19610895483251417
    outer loop
      vertex 2.615405419811672 0.8497967345311054 2.5
      vertex 3.090933677959249 1.004305231718579 0
      vertex 3.107990456879865 0.9502080403488945 0
    endloop
  endfacet
  facet normal -0.9805447741625708 -0.008557084607033348 -0.1961089548325141
    outer loop
      vertex 2.75 0 2.5
      vertex 2.749581161680076 0.047994117702529655 2.5
      vertex 3.2495050092582716 0.056720320921171415 0
    endloop
  endfacet
  facet normal -0.9802460907256103 -0.025668647250242264 -0.19610895483251412
    outer loop
      vertex 2.749581161680076 0.047994117702529655 2.5
      vertex 2.7483247743025134 0.09597361593187767 2.5
      vertex 3.2495050092582716 0.056720320921171415 0
    endloop
  endfacet
  facet normal -0.9796488148335576 -0.042772390974844664 -0.1961089548325142
    outer loop
      vertex 2.7483247743025134 0.09597361593187767 2.5
      vertex 2.746231220575078 0.14392387966809556 2.5
      vertex 3.2480201878120614 0.11342336428312814 0
    endloop
  endfacet
  facet normal -0.9787531284224356 -0.05986310581480185 -0.1961089548325142
    outer loop
      vertex 2.746231220575078 0.14392387966809556 2.5
      vertex 2.7433011382145165 0.19183030279634458 2.5
      vertex 3.245545987952365 0.17009185778956745 0
    endloop
  endfacet
  facet normal -0.9775593043270019 -0.07693558577282043 -0.19610895483251417
    outer loop
      vertex 2.7433011382145165 0.19183030279634458 2.5
      vertex 2.7395354197523 0.23967829255605996 2.5
      vertex 3.2420831633444287 0.22670853966840723 0
    endloop
  endfacet
  facet normal -0.97606770619764 -0.09398463040612663 -0.19610895483251425
    outer loop
      vertex 2.7395354197523 0.23967829255605996 2.5
      vertex 2.7349352122627515 0.28745327398604703 2.5
      vertex 3.237632768798173 0.28325616392988906 0
    endloop
  endfacet
  facet normal -0.9742787883895911 -0.11100504641055338 -0.1961089548325142
    outer loop
      vertex 2.7349352122627515 0.28745327398604703 2.5
      vertex 2.7295019170136356 0.33514069436415556 2.5
      vertex 3.2321961599468882 0.3397175056198738 0
    endloop
  endfacet
  facet normal -0.9721930958245475 -0.12799164920252148 -0.19610895483251412
    outer loop
      vertex 2.7295019170136356 0.33514069436415556 2.5
      vertex 2.7232371890393186 0.38272602764017993 2.5
      vertex 3.2257749928342965 0.3960753660667293 0
    endloop
  endfacet
  facet normal -0.9698112638246688 -0.14493926449826333 -0.19610895483251412
    outer loop
      vertex 2.7232371890393186 0.38272602764017993 2.5
      vertex 2.7161429366366288 0.4301947788606349 2.5
      vertex 3.2183712234101036 0.4523125781202127 0
    endloop
  endfacet
  facet normal -0.9671340179190577 -0.16184272988997248 -0.19610895483251425
    outer loop
      vertex 2.7161429366366288 0.4301947788606349 2.5
      vertex 2.708221320783572 0.4775324885840584 2.5
      vertex 3.209987106934198 0.5084120113807503 0
    endloop
  endfacet
  facet normal -0.9641621736227505 -0.1786968964183544 -0.19610895483251417
    outer loop
      vertex 2.708221320783572 0.4775324885840584 2.5
      vertex 2.6994747544810758 0.5247247372854982 2.5
      vertex 3.200625197289676 0.5643565774175235 0
    endloop
  endfacet
  facet normal -0.9573384003300693 -0.21223681369631134 -0.19610895483251414
    outer loop
      vertex 2.6899059020179656 0.5717571497488382 2.5
      vertex 2.679517678159397 0.6186153994456287 2.5
      vertex 3.1789797023848685 0.6757129951577179 0
    endloop
  endfacet
  facet normal -0.9608966361883103 -0.19549663014100438 -0.19610895483251428
    outer loop
      vertex 2.6899059020179656 0.5717571497488382 2.5
      vertex 3.190288346204908 0.6201292349737706 0
      vertex 2.6994747544810758 0.5247247372854982 2.5
    endloop
  endfacet
  facet normal -0.9534885499211451 -0.22891234786216957 -0.1961089548325142
    outer loop
      vertex 2.679517678159397 0.6186153994456287 2.5
      vertex 2.66831324725899 0.6652852128990863 2.5
      vertex 3.1667027105520145 0.7310909266175613 0
    endloop
  endfacet
  facet normal -0.9493482576632638 -0.2455181531093457 -0.19610895483251425
    outer loop
      vertex 2.66831324725899 0.6652852128990863 2.5
      vertex 2.6562960222949377 0.711752374031932 2.5
      vertex 3.1534611103969885 0.7862461606989202 0
    endloop
  endfacet
  facet normal -0.9449187847295555 -0.26204917114869647 -0.1961089548325142
    outer loop
      vertex 2.6562960222949377 0.711752374031932 2.5
      vertex 2.643469663830377 0.7580027284967477 2.5
      vertex 3.139258935439472 0.8411618965831924 0
    endloop
  endfacet
  facet normal -0.9351977815523509 -0.2948667278857691 -0.19610895483251417
    outer loop
      vertex 2.6298380788983473 0.8040221879875261 2.5
      vertex 2.615405419811672 0.8497967345311054 2.5
      vertex 3.107990456879865 0.9502080403488945 0
    endloop
  endfacet
  facet normal -0.9299092124205977 -0.31114327003777953 -0.19610895483251414
    outer loop
      vertex 2.615405419811672 0.8497967345311054 2.5
      vertex 2.6001760828981215 0.8953124247571809 2.5
      vertex 3.090933677959249 1.004305231718579 0
    endloop
  endfacet
  facet normal -0.9123508235975867 -0.359384546851008 -0.19610895483251423
    outer loop
      vertex 2.5673461728673046 0.9855118612495757 2.5
      vertex 2.549755600058665 1.030168131893758 2.5
      vertex 3.0341363861159056 1.164695836022226 0
    endloop
  endfacet
  facet normal -0.9243373839344992 -0.32732503493565096 -0.19610895483251412
    outer loop
      vertex 2.6001760828981215 0.8953124247571809 2.5
      vertex 2.584154707161248 0.940555394145589 2.5
      vertex 3.0729353706977798 1.0580965019857593 0
    endloop
  endfacet
  facet normal -0.9184839933270029 -0.34340709345699466 -0.19610895483251425
    outer loop
      vertex 2.584154707161248 0.940555394145589 2.5
      vertex 2.5673461728673046 0.9855118612495757 2.5
      vertex 3.0540010175542025 1.1115654658084233 0
    endloop
  endfacet
  facet normal -0.9402014803803812 -0.2785003664720003 -0.19610895483251417
    outer loop
      vertex 2.6298380788983473 0.8040221879875261 2.5
      vertex 3.1241005117995364 0.8958214064052473 0
      vertex 2.643469663830377 0.7580027284967477 2.5
    endloop
  endfacet
  facet normal -0.8448981416693443 -0.4976830397333101 -0.19610895483251406
    outer loop
      vertex 2.357210076930809 1.416354706002649 2.5
      vertex 2.785793727281865 1.673873743457676 0
      vertex 2.8145825622994254 1.625 0
    endloop
  endfacet
  facet normal -0.7566412634370315 -0.623726924462069 -0.19610895483251414
    outer loop
      vertex 2.1066222185771895 1.7676659266379828 2.5
      vertex 2.4896444401366784 2.0890597314812527 0
      vertex 2.525724374735155 2.0452912709119717 0
    endloop
  endfacet
  facet normal -0.7344125822795882 -0.6497533661505157 -0.19610895483251425
    outer loop
      vertex 2.043648270062834 1.8401091674868602 2.5
      vertex 2.4152206828015315 2.1746744706662895 0
      vertex 2.452806135724009 2.1321918442191485 0
    endloop
  endfacet
  facet normal -0.7229609678560408 -0.6624716724443059 -0.1961089548325142
    outer loop
      vertex 2.0112226794527186 1.8754954901718708 2.5
      vertex 2.376899530262304 2.21649467020312 0
      vertex 2.4152206828015315 2.1746744706662895 0
    endloop
  endfacet
  facet normal -0.7456404875161516 -0.6368371386871015 -0.1961089548325141
    outer loop
      vertex 2.075451345612623 1.8041623297238951 2.5
      vertex 2.452806135724009 2.1321918442191485 0
      vertex 2.4896444401366784 2.0890597314812527 0
    endloop
  endfacet
  facet normal -0.7882476579084292 -0.5832725843346103 -0.19610895483251406
    outer loop
      vertex 2.1962476526300554 1.6549913136681327 2.5
      vertex 2.5955654076537016 1.955898825244157 0
      vertex 2.629305231718579 1.9103020699505378 0
    endloop
  endfacet
  facet normal -0.7983071141776984 -0.5694269305958177 -0.19610895483251412
    outer loop
      vertex 2.2247967345311057 1.616409443804301 2.5
      vertex 2.629305231718579 1.9103020699505378 0
      vertex 2.6622441439392235 1.8641234181408997 0
    endloop
  endfacet
  facet normal -0.8176935203399202 -0.5412195345962741 -0.19610895483251406
    outer loop
      vertex 2.2798533245263646 1.537780484544554 2.5
      vertex 2.694372110803885 1.8173769362799275 0
      vertex 2.7256793458226283 1.770076863798838 0
    endloop
  endfacet
  facet normal -0.8360836929036419 -0.5123527459622984 -0.19610895483251414
    outer loop
      vertex 2.332132264430171 1.4572779766413135 2.5
      vertex 2.7561563125083843 1.7222376087579159 0
      vertex 2.785793727281865 1.673873743457676 0
    endloop
  endfacet
  facet normal -0.8270145649457619 -0.5268663845815854 -0.19610895483251417
    outer loop
      vertex 2.306344061849916 1.4977573462913245 2.5
      vertex 2.7256793458226283 1.770076863798838 0
      vertex 2.7561563125083843 1.7222376087579159 0
    endloop
  endfacet
  facet normal -0.8081233983666175 -0.5554078238977986 -0.1961089548325142
    outer loop
      vertex 2.2526681217947275 1.5773351999653766 2.5
      vertex 2.6622441439392235 1.8641234181408997 0
      vertex 2.694372110803885 1.8173769362799275 0
    endloop
  endfacet
  facet normal -0.7674115590993262 -0.6104267169736597 -0.19610895483251395
    outer loop
      vertex 2.13715139400667 1.7306310753870529 2.5
      vertex 2.525724374735155 2.0452912709119717 0
      vertex 2.5610349492218463 2.0008997948083893 0
    endloop
  endfacet
  facet normal -0.7779480937666347 -0.5969405675939258 -0.196108954832514
    outer loop
      vertex 2.1670295724184854 1.6930690571455602 2.5
      vertex 2.5610349492218463 2.0008997948083893 0
      vertex 2.5955654076537016 1.955898825244157 0
    endloop
  endfacet
  facet normal -0.9059397429691577 -0.37525252823062416 -0.1961089548325142
    outer loop
      vertex 2.531388346994211 1.074510603345503 2.5
      vertex 2.991640773720431 1.2698761675901398 0
      vertex 3.0133475273420594 1.217471428601714 0
    endloop
  endfacet
  facet normal -0.918483993327003 -0.34340709345699444 -0.19610895483251428
    outer loop
      vertex 2.5673461728673046 0.9855118612495757 2.5
      vertex 3.0341363861159056 1.164695836022226 0
      vertex 3.0540010175542025 1.1115654658084233 0
    endloop
  endfacet
  facet normal -0.9123508235975879 -0.35938454685100474 -0.19610895483251434
    outer loop
      vertex 2.549755600058665 1.030168131893758 2.5
      vertex 3.0133475273420594 1.217471428601714 0
      vertex 3.0341363861159056 1.164695836022226 0
    endloop
  endfacet
  facet normal -0.8992527043189867 -0.3910062040549843 -0.19610895483251423
    outer loop
      vertex 2.512250008517152 1.1185257684584506 2.5
      vertex 2.969022737338453 1.3218940899963507 0
      vertex 2.991640773720431 1.2698761675901398 0
    endloop
  endfacet
  facet normal -0.8922917445838258 -0.4066407756018223 -0.19610895483251412
    outer loop
      vertex 2.4923464143507874 1.1622002197869234 2.5
      vertex 2.9455003078691124 1.373509350657273 0
      vertex 2.969022737338453 1.3218940899963507 0
    endloop
  endfacet
  facet normal -0.877556626154724 -0.4375335938261623 -0.19610895483251425
    outer loop
      vertex 2.4502679415180117 1.2484738742837536 2.5
      vertex 2.895771203612196 1.475469124153527 0
      vertex 2.921080650472293 1.4247062270645015 0
    endloop
  endfacet
  facet normal -0.8850589841394376 -0.42215148042920075 -0.19610895483251414
    outer loop
      vertex 2.4716836273227094 1.205520653669963 2.5
      vertex 2.921080650472293 1.4247062270645015 0
      vertex 2.9455003078691124 1.373509350657273 0
    endloop
  endfacet
  facet normal -0.8697869559205963 -0.45278243025197173 -0.19610895483251406
    outer loop
      vertex 2.4281058803620494 1.2910467976611997 2.5
      vertex 2.8695796767915125 1.525782579054145 0
      vertex 2.895771203612196 1.475469124153527 0
    endloop
  endfacet
  facet normal -0.8534552262763782 -0.4828617344292617 -0.19610895483251406
    outer loop
      vertex 2.381569860407206 1.375 2.5
      vertex 2.8145825622994254 1.625 0
      vertex 2.842514048203036 1.5756312658005955 0
    endloop
  endfacet
  facet normal -0.8617523401538857 -0.46789334476331285 -0.19610895483251425
    outer loop
      vertex 2.4052041946333382 1.333226455677427 2.5
      vertex 2.842514048203036 1.5756312658005955 0
      vertex 2.8695796767915125 1.525782579054145 0
    endloop
  endfacet
  facet normal -0.8850589841394391 -0.4221514804291973 -0.19610895483251417
    outer loop
      vertex 2.4716836273227094 1.205520653669963 2.5
      vertex 2.9455003078691124 1.373509350657273 0
      vertex 2.4923464143507874 1.1622002197869234 2.5
    endloop
  endfacet
  facet normal -0.8775566261547212 -0.4375335938261679 -0.19610895483251412
    outer loop
      vertex 2.4716836273227094 1.205520653669963 2.5
      vertex 2.4502679415180117 1.2484738742837536 2.5
      vertex 2.921080650472293 1.4247062270645015 0
    endloop
  endfacet
  facet normal -0.8448981416693458 -0.4976830397333074 -0.19610895483251412
    outer loop
      vertex 2.357210076930809 1.416354706002649 2.5
      vertex 2.8145825622994254 1.625 0
      vertex 2.381569860407206 1.375 2.5
    endloop
  endfacet
  facet normal -0.8360836929036385 -0.5123527459623042 -0.19610895483251406
    outer loop
      vertex 2.357210076930809 1.416354706002649 2.5
      vertex 2.332132264430171 1.4572779766413135 2.5
      vertex 2.785793727281865 1.673873743457676 0
    endloop
  endfacet
  facet normal -0.8270145649457613 -0.5268663845815864 -0.19610895483251417
    outer loop
      vertex 2.332132264430171 1.4572779766413135 2.5
      vertex 2.306344061849916 1.4977573462913245 2.5
      vertex 2.7561563125083843 1.7222376087579159 0
    endloop
  endfacet
  facet normal -0.8617523401538811 -0.46789334476332173 -0.196108954832514
    outer loop
      vertex 2.4281058803620494 1.2910467976611997 2.5
      vertex 2.4052041946333382 1.333226455677427 2.5
      vertex 2.8695796767915125 1.525782579054145 0
    endloop
  endfacet
  facet normal -0.8534552262763804 -0.482861734429258 -0.19610895483251423
    outer loop
      vertex 2.381569860407206 1.375 2.5
      vertex 2.842514048203036 1.5756312658005955 0
      vertex 2.4052041946333382 1.333226455677427 2.5
    endloop
  endfacet
  facet normal -0.869786955920601 -0.4527824302519628 -0.19610895483251423
    outer loop
      vertex 2.4281058803620494 1.2910467976611997 2.5
      vertex 2.895771203612196 1.475469124153527 0
      vertex 2.4502679415180117 1.2484738742837536 2.5
    endloop
  endfacet
  facet normal -0.7566412634370271 -0.6237269244620742 -0.19610895483251403
    outer loop
      vertex 2.1066222185771895 1.7676659266379828 2.5
      vertex 2.525724374735155 2.0452912709119717 0
      vertex 2.13715139400667 1.7306310753870529 2.5
    endloop
  endfacet
  facet normal -0.7983071141777018 -0.5694269305958126 -0.19610895483251417
    outer loop
      vertex 2.2247967345311057 1.616409443804301 2.5
      vertex 2.6622441439392235 1.8641234181408997 0
      vertex 2.2526681217947275 1.5773351999653766 2.5
    endloop
  endfacet
  facet normal -0.7779480937666343 -0.5969405675939262 -0.19610895483251412
    outer loop
      vertex 2.1670295724184854 1.6930690571455602 2.5
      vertex 2.5955654076537016 1.955898825244157 0
      vertex 2.1962476526300554 1.6549913136681327 2.5
    endloop
  endfacet
  facet normal -0.7674115590993282 -0.6104267169736571 -0.19610895483251414
    outer loop
      vertex 2.1670295724184854 1.6930690571455602 2.5
      vertex 2.13715139400667 1.7306310753870529 2.5
      vertex 2.5610349492218463 2.0008997948083893 0
    endloop
  endfacet
  facet normal -0.7882476579084271 -0.5832725843346129 -0.19610895483251403
    outer loop
      vertex 2.2247967345311057 1.616409443804301 2.5
      vertex 2.1962476526300554 1.6549913136681327 2.5
      vertex 2.629305231718579 1.9103020699505378 0
    endloop
  endfacet
  facet normal -0.7344125822795818 -0.6497533661505227 -0.19610895483251412
    outer loop
      vertex 2.075451345612623 1.8041623297238951 2.5
      vertex 2.043648270062834 1.8401091674868602 2.5
      vertex 2.452806135724009 2.1321918442191485 0
    endloop
  endfacet
  facet normal -0.722960967856042 -0.6624716724443045 -0.1961089548325143
    outer loop
      vertex 2.0112226794527186 1.8754954901718708 2.5
      vertex 2.4152206828015315 2.1746744706662895 0
      vertex 2.043648270062834 1.8401091674868602 2.5
    endloop
  endfacet
  facet normal -0.7456404875161545 -0.6368371386870981 -0.1961089548325142
    outer loop
      vertex 2.075451345612623 1.8041623297238951 2.5
      vertex 2.4896444401366784 2.0890597314812527 0
      vertex 2.1066222185771895 1.7676659266379828 2.5
    endloop
  endfacet
  facet normal -0.8081233983666156 -0.5554078238978015 -0.1961089548325141
    outer loop
      vertex 2.2798533245263646 1.537780484544554 2.5
      vertex 2.2526681217947275 1.5773351999653766 2.5
      vertex 2.694372110803885 1.8173769362799275 0
    endloop
  endfacet
  facet normal -0.8176935203399234 -0.5412195345962693 -0.19610895483251423
    outer loop
      vertex 2.306344061849916 1.4977573462913245 2.5
      vertex 2.2798533245263646 1.537780484544554 2.5
      vertex 2.7256793458226283 1.770076863798838 0
    endloop
  endfacet
  facet normal -0.9059397429691604 -0.3752525282306179 -0.1961089548325143
    outer loop
      vertex 2.531388346994211 1.074510603345503 2.5
      vertex 3.0133475273420594 1.217471428601714 0
      vertex 2.549755600058665 1.030168131893758 2.5
    endloop
  endfacet
  facet normal -0.8992527043189857 -0.39100620405498643 -0.19610895483251414
    outer loop
      vertex 2.531388346994211 1.074510603345503 2.5
      vertex 2.512250008517152 1.1185257684584506 2.5
      vertex 2.991640773720431 1.2698761675901398 0
    endloop
  endfacet
  facet normal -0.8922917445838269 -0.4066407756018197 -0.19610895483251423
    outer loop
      vertex 2.512250008517152 1.1185257684584506 2.5
      vertex 2.4923464143507874 1.1622002197869234 2.5
      vertex 2.969022737338453 1.3218940899963507 0
    endloop
  endfacet
  facet normal -0.6749881834491516 -0.711289132518214 -0.19610895483251414
    outer loop
      vertex 1.9103105187622424 1.9781844509312907 2.5
      vertex 2.21649467020312 2.376899530262304 0
      vertex 2.257639703991741 2.3378543511006162 0
    endloop
  endfacet
  facet normal -0.6872990865145565 -0.6994006316202145 -0.19610895483251423
    outer loop
      vertex 1.9445436482630059 1.9445436482630059 2.5
      vertex 2.257639703991741 2.3378543511006162 0
      vertex 2.29809703885628 2.29809703885628 0
    endloop
  endfacet
  facet normal -0.6994006316202145 -0.6872990865145565 -0.19610895483251423
    outer loop
      vertex 1.9445436482630059 1.9445436482630059 2.5
      vertex 2.29809703885628 2.29809703885628 0
      vertex 2.3378543511006162 2.257639703991741 0
    endloop
  endfacet
  facet normal -0.711289132518214 -0.6749881834491516 -0.19610895483251414
    outer loop
      vertex 1.9781844509312907 1.9103105187622424 2.5
      vertex 2.3378543511006162 2.257639703991741 0
      vertex 2.376899530262304 2.21649467020312 0
    endloop
  endfacet
endsolid OpenSCAD_Model
